Trafikkregistreringspunkt;Navn;Vegreferanse;Fra;Til;Dato;Felt;Trafikkmengde;Dekningsgrad (%);Antall timer total;Antall timer inkludert;Antall timer ugyldig;Ikke gyldig lengde;Lengdekvalitetsgrad (%);< 5,6m;>= 5,6m;5,6m - 7,6m;7,6m - 12,5m;12,5m - 16,0m;>= 16,0m;16,0m - 24,0m;>= 24,0m
18089V625292;MOSSEV V/FISKEV 1,2,3,4;EV18 S56D1 m7072;2022-11-01T00:00+01:00;2022-11-02T00:00+01:00;2022-11-01;1;2002;100,0;24;24;0;0;100,00;1920;82;46;10;11;15;15;0
18089V625292;MOSSEV V/FISKEV 1,2,3,4;EV18 S56D1 m7072;2022-11-01T00:00+01:00;2022-11-02T00:00+01:00;2022-11-01;2;4653;100,0;24;24;0;811;82,57;3031;811;181;253;125;252;226;26
18089V625292;MOSSEV V/FISKEV 1,2,3,4;EV18 S56D1 m7072;2022-11-01T00:00+01:00;2022-11-02T00:00+01:00;2022-11-01;3;5911;100,0;24;24;0;3;99,95;4749;1159;196;314;267;382;375;7
18089V625292;MOSSEV V/FISKEV 1,2,3,4;EV18 S56D1 m7072;2022-11-01T00:00+01:00;2022-11-02T00:00+01:00;2022-11-01;4;1582;100,0;24;24;0;2;99,87;1260;320;19;67;91;143;143;0
18089V625292;MOSSEV V/FISKEV 1,2,3,4;EV18 S56D1 m7072;2022-11-01T00:00+01:00;2022-11-02T00:00+01:00;2022-11-01;Totalt i retning Mastemyr;8367;100,0;24;24;0;344;95,89;6699;1324;254;358;291;421;404;17
18089V625292;MOSSEV V/FISKEV 1,2,3,4;EV18 S56D1 m7072;2022-11-01T00:00+01:00;2022-11-02T00:00+01:00;2022-11-01;Totalt i retning Oslo;5781;100,0;24;24;0;472;91,84;4261;1048;188;286;203;371;355;16
18089V625292;MOSSEV V/FISKEV 1,2,3,4;EV18 S56D1 m7072;2022-11-01T00:00+01:00;2022-11-02T00:00+01:00;2022-11-01;Totalt;14148;100,0;24;24;0;816;94,23;10960;2372;442;644;494;792;759;33
18089V625292;MOSSEV V/FISKEV 1,2,3,4;EV18 S56D1 m7072;2022-11-02T00:00+01:00;2022-11-03T00:00+01:00;2022-11-02;1;2275;100,0;24;24;0;1;99,96;2150;124;60;33;16;15;15;0
18089V625292;MOSSEV V/FISKEV 1,2,3,4;EV18 S56D1 m7072;2022-11-02T00:00+01:00;2022-11-03T00:00+01:00;2022-11-02;2;6287;100,0;24;24;0;206;96,72;5188;893;225;267;139;262;258;4
18089V625292;MOSSEV V/FISKEV 1,2,3,4;EV18 S56D1 m7072;2022-11-02T00:00+01:00;2022-11-03T00:00+01:00;2022-11-02;3;5896;100,0;24;24;0;1;99,98;4639;1256;240;341;264;411;404;7
18089V625292;MOSSEV V/FISKEV 1,2,3,4;EV18 S56D1 m7072;2022-11-02T00:00+01:00;2022-11-03T00:00+01:00;2022-11-02;4;1122;100,0;24;24;0;0;100,00;815;307;18;55;90;144;144;0
18089V625292;MOSSEV V/FISKEV 1,2,3,4;EV18 S56D1 m7072;2022-11-02T00:00+01:00;2022-11-03T00:00+01:00;2022-11-02;Totalt i retning Mastemyr;8255;100,0;24;24;0;66;99,20;6792;1397;304;383;281;429;422;7
18089V625292;MOSSEV V/FISKEV 1,2,3,4;EV18 S56D1 m7072;2022-11-02T00:00+01:00;2022-11-03T00:00+01:00;2022-11-02;Totalt i retning Oslo;7325;100,0;24;24;0;142;98,06;6000;1183;239;313;228;403;399;4
18089V625292;MOSSEV V/FISKEV 1,2,3,4;EV18 S56D1 m7072;2022-11-02T00:00+01:00;2022-11-03T00:00+01:00;2022-11-02;Totalt;15580;100,0;24;24;0;208;98,66;12792;2580;543;696;509;832;821;11
18089V625292;MOSSEV V/FISKEV 1,2,3,4;EV18 S56D1 m7072;2022-11-03T00:00+01:00;2022-11-04T00:00+01:00;2022-11-03;1;2076;100,0;24;24;0;0;100,00;1953;123;62;31;22;8;8;0
18089V625292;MOSSEV V/FISKEV 1,2,3,4;EV18 S56D1 m7072;2022-11-03T00:00+01:00;2022-11-04T00:00+01:00;2022-11-03;2;7731;100,0;24;24;0;3;99,96;6621;1107;260;331;162;354;350;4
18089V625292;MOSSEV V/FISKEV 1,2,3,4;EV18 S56D1 m7072;2022-11-03T00:00+01:00;2022-11-04T00:00+01:00;2022-11-03;3;5849;100,0;24;24;0;2;99,97;4740;1107;193;314;237;363;359;4
18089V625292;MOSSEV V/FISKEV 1,2,3,4;EV18 S56D1 m7072;2022-11-03T00:00+01:00;2022-11-04T00:00+01:00;2022-11-03;4;999;100,0;24;24;0;1;99,90;703;295;20;61;76;138;138;0
18089V625292;MOSSEV V/FISKEV 1,2,3,4;EV18 S56D1 m7072;2022-11-03T00:00+01:00;2022-11-04T00:00+01:00;2022-11-03;Totalt i retning Mastemyr;7926;100,0;24;24;0;2;99,97;6693;1231;255;346;259;371;367;4
18089V625292;MOSSEV V/FISKEV 1,2,3,4;EV18 S56D1 m7072;2022-11-03T00:00+01:00;2022-11-04T00:00+01:00;2022-11-03;Totalt i retning Oslo;8729;100,0;24;24;0;4;99,95;7324;1401;280;391;238;492;488;4
18089V625292;MOSSEV V/FISKEV 1,2,3,4;EV18 S56D1 m7072;2022-11-03T00:00+01:00;2022-11-04T00:00+01:00;2022-11-03;Totalt;16655;100,0;24;24;0;6;99,96;14017;2632;535;737;497;863;855;8
18089V625292;MOSSEV V/FISKEV 1,2,3,4;EV18 S56D1 m7072;2022-11-04T00:00+01:00;2022-11-05T00:00+01:00;2022-11-04;1;2073;100,0;24;24;0;0;100,00;1969;104;47;22;22;13;12;1
18089V625292;MOSSEV V/FISKEV 1,2,3,4;EV18 S56D1 m7072;2022-11-04T00:00+01:00;2022-11-05T00:00+01:00;2022-11-04;2;7536;100,0;24;24;0;1;99,99;6496;1039;275;322;168;274;273;1
18089V625292;MOSSEV V/FISKEV 1,2,3,4;EV18 S56D1 m7072;2022-11-04T00:00+01:00;2022-11-05T00:00+01:00;2022-11-04;3;5743;100,0;24;24;0;0;100,00;4743;1000;203;292;230;275;271;4
18089V625292;MOSSEV V/FISKEV 1,2,3,4;EV18 S56D1 m7072;2022-11-04T00:00+01:00;2022-11-05T00:00+01:00;2022-11-04;4;761;100,0;24;24;0;0;100,00;481;280;11;56;82;131;131;0
18089V625292;MOSSEV V/FISKEV 1,2,3,4;EV18 S56D1 m7072;2022-11-04T00:00+01:00;2022-11-05T00:00+01:00;2022-11-04;Totalt i retning Mastemyr;7815;100,0;24;24;0;0;100,00;6712;1103;249;314;252;288;283;5
18089V625292;MOSSEV V/FISKEV 1,2,3,4;EV18 S56D1 m7072;2022-11-04T00:00+01:00;2022-11-05T00:00+01:00;2022-11-04;Totalt i retning Oslo;8298;100,0;24;24;0;1;99,99;6977;1320;287;378;250;405;404;1
18089V625292;MOSSEV V/FISKEV 1,2,3,4;EV18 S56D1 m7072;2022-11-04T00:00+01:00;2022-11-05T00:00+01:00;2022-11-04;Totalt;16113;100,0;24;24;0;1;99,99;13689;2423;536;692;502;693;687;6
18089V625292;MOSSEV V/FISKEV 1,2,3,4;EV18 S56D1 m7072;2022-11-05T00:00+01:00;2022-11-06T00:00+01:00;2022-11-05;1;1481;100,0;24;24;0;0;100,00;1457;24;8;7;8;1;1;0
18089V625292;MOSSEV V/FISKEV 1,2,3,4;EV18 S56D1 m7072;2022-11-05T00:00+01:00;2022-11-06T00:00+01:00;2022-11-05;2;5422;100,0;24;24;0;20;99,63;5123;279;88;110;53;28;28;0
18089V625292;MOSSEV V/FISKEV 1,2,3,4;EV18 S56D1 m7072;2022-11-05T00:00+01:00;2022-11-06T00:00+01:00;2022-11-05;3;3872;100,0;24;24;0;0;100,00;3548;324;72;98;106;48;48;0
18089V625292;MOSSEV V/FISKEV 1,2,3,4;EV18 S56D1 m7072;2022-11-05T00:00+01:00;2022-11-06T00:00+01:00;2022-11-05;4;411;100,0;24;24;0;0;100,00;263;148;0;16;63;69;69;0
18089V625292;MOSSEV V/FISKEV 1,2,3,4;EV18 S56D1 m7072;2022-11-05T00:00+01:00;2022-11-06T00:00+01:00;2022-11-05;Totalt i retning Mastemyr;5360;100,0;24;24;0;7;99,87;5005;348;80;105;114;49;49;0
18089V625292;MOSSEV V/FISKEV 1,2,3,4;EV18 S56D1 m7072;2022-11-05T00:00+01:00;2022-11-06T00:00+01:00;2022-11-05;Totalt i retning Oslo;5826;100,0;24;24;0;13;99,78;5386;427;88;126;116;97;97;0
18089V625292;MOSSEV V/FISKEV 1,2,3,4;EV18 S56D1 m7072;2022-11-05T00:00+01:00;2022-11-06T00:00+01:00;2022-11-05;Totalt;11186;100,0;24;24;0;20;99,82;10391;775;168;231;230;146;146;0
18089V625292;MOSSEV V/FISKEV 1,2,3,4;EV18 S56D1 m7072;2022-11-06T00:00+01:00;2022-11-07T00:00+01:00;2022-11-06;1;1423;100,0;24;24;0;0;100,00;1388;35;12;14;9;0;0;0
18089V625292;MOSSEV V/FISKEV 1,2,3,4;EV18 S56D1 m7072;2022-11-06T00:00+01:00;2022-11-07T00:00+01:00;2022-11-06;2;5505;100,0;24;24;0;127;97,69;5143;235;47;94;41;53;50;3
18089V625292;MOSSEV V/FISKEV 1,2,3,4;EV18 S56D1 m7072;2022-11-06T00:00+01:00;2022-11-07T00:00+01:00;2022-11-06;3;4195;100,0;24;24;0;1;99,98;3877;317;51;127;98;41;41;0
18089V625292;MOSSEV V/FISKEV 1,2,3,4;EV18 S56D1 m7072;2022-11-06T00:00+01:00;2022-11-07T00:00+01:00;2022-11-06;4;387;100,0;24;24;0;0;100,00;265;122;2;35;43;42;42;0
18089V625292;MOSSEV V/FISKEV 1,2,3,4;EV18 S56D1 m7072;2022-11-06T00:00+01:00;2022-11-07T00:00+01:00;2022-11-06;Totalt i retning Mastemyr;5649;100,0;24;24;0;30;99,47;5266;353;63;142;107;41;41;0
18089V625292;MOSSEV V/FISKEV 1,2,3,4;EV18 S56D1 m7072;2022-11-06T00:00+01:00;2022-11-07T00:00+01:00;2022-11-06;Totalt i retning Oslo;5861;100,0;24;24;0;98;98,33;5407;356;49;128;84;95;92;3
18089V625292;MOSSEV V/FISKEV 1,2,3,4;EV18 S56D1 m7072;2022-11-06T00:00+01:00;2022-11-07T00:00+01:00;2022-11-06;Totalt;11510;100,0;24;24;0;128;98,89;10673;709;112;270;191;136;133;3
18089V625292;MOSSEV V/FISKEV 1,2,3,4;EV18 S56D1 m7072;2022-11-07T00:00+01:00;2022-11-08T00:00+01:00;2022-11-07;1;1888;100,0;24;24;0;0;100,00;1794;94;43;22;16;13;12;1
18089V625292;MOSSEV V/FISKEV 1,2,3,4;EV18 S56D1 m7072;2022-11-07T00:00+01:00;2022-11-08T00:00+01:00;2022-11-07;2;6669;100,0;24;24;0;300;95,50;5324;1045;219;320;163;343;335;8
18089V625292;MOSSEV V/FISKEV 1,2,3,4;EV18 S56D1 m7072;2022-11-07T00:00+01:00;2022-11-08T00:00+01:00;2022-11-07;3;5537;100,0;24;24;0;2;99,96;4449;1086;182;290;212;402;391;11
18089V625292;MOSSEV V/FISKEV 1,2,3,4;EV18 S56D1 m7072;2022-11-07T00:00+01:00;2022-11-08T00:00+01:00;2022-11-07;4;1444;100,0;24;24;0;0;100,00;1139;305;18;58;95;134;134;0
18089V625292;MOSSEV V/FISKEV 1,2,3,4;EV18 S56D1 m7072;2022-11-07T00:00+01:00;2022-11-08T00:00+01:00;2022-11-07;Totalt i retning Mastemyr;7428;100,0;24;24;0;5;99,93;6243;1180;225;312;228;415;403;12
18089V625292;MOSSEV V/FISKEV 1,2,3,4;EV18 S56D1 m7072;2022-11-07T00:00+01:00;2022-11-08T00:00+01:00;2022-11-07;Totalt i retning Oslo;8110;100,0;24;24;0;297;96,34;6463;1350;237;378;258;477;469;8
18089V625292;MOSSEV V/FISKEV 1,2,3,4;EV18 S56D1 m7072;2022-11-07T00:00+01:00;2022-11-08T00:00+01:00;2022-11-07;Totalt;15538;100,0;24;24;0;302;98,06;12706;2530;462;690;486;892;872;20
18089V625292;MOSSEV V/FISKEV 1,2,3,4;EV18 S56D1 m7072;2022-11-08T00:00+01:00;2022-11-09T00:00+01:00;2022-11-08;1;1900;100,0;24;24;0;0;100,00;1817;83;36;18;21;8;8;0
18089V625292;MOSSEV V/FISKEV 1,2,3,4;EV18 S56D1 m7072;2022-11-08T00:00+01:00;2022-11-09T00:00+01:00;2022-11-08;2;6522;100,0;24;24;0;505;92,26;5016;1001;205;279;189;328;323;5
18089V625292;MOSSEV V/FISKEV 1,2,3,4;EV18 S56D1 m7072;2022-11-08T00:00+01:00;2022-11-09T00:00+01:00;2022-11-08;3;5717;100,0;24;24;0;0;100,00;4525;1192;201;302;291;398;392;6
18089V625292;MOSSEV V/FISKEV 1,2,3,4;EV18 S56D1 m7072;2022-11-08T00:00+01:00;2022-11-09T00:00+01:00;2022-11-08;4;1920;100,0;24;24;0;0;100,00;1604;316;22;59;94;141;141;0
18089V625292;MOSSEV V/FISKEV 1,2,3,4;EV18 S56D1 m7072;2022-11-08T00:00+01:00;2022-11-09T00:00+01:00;2022-11-08;Totalt i retning Mastemyr;7623;100,0;24;24;0;5;99,93;6343;1275;237;320;312;406;400;6
18089V625292;MOSSEV V/FISKEV 1,2,3,4;EV18 S56D1 m7072;2022-11-08T00:00+01:00;2022-11-09T00:00+01:00;2022-11-08;Totalt i retning Oslo;8436;100,0;24;24;0;500;94,07;6619;1317;227;338;283;469;464;5
18089V625292;MOSSEV V/FISKEV 1,2,3,4;EV18 S56D1 m7072;2022-11-08T00:00+01:00;2022-11-09T00:00+01:00;2022-11-08;Totalt;16059;100,0;24;24;0;505;96,86;12962;2592;464;658;595;875;864;11
18089V625292;MOSSEV V/FISKEV 1,2,3,4;EV18 S56D1 m7072;2022-11-09T00:00+01:00;2022-11-10T00:00+01:00;2022-11-09;1;2038;100,0;24;24;0;0;100,00;1946;92;47;22;5;18;18;0
18089V625292;MOSSEV V/FISKEV 1,2,3,4;EV18 S56D1 m7072;2022-11-09T00:00+01:00;2022-11-10T00:00+01:00;2022-11-09;2;7571;100,0;24;24;0;133;98,24;6251;1187;295;338;168;386;382;4
18089V625292;MOSSEV V/FISKEV 1,2,3,4;EV18 S56D1 m7072;2022-11-09T00:00+01:00;2022-11-10T00:00+01:00;2022-11-09;3;5636;100,0;24;24;0;2;99,96;4530;1104;183;313;231;377;373;4
18089V625292;MOSSEV V/FISKEV 1,2,3,4;EV18 S56D1 m7072;2022-11-09T00:00+01:00;2022-11-10T00:00+01:00;2022-11-09;4;1254;100,0;24;24;0;0;100,00;945;309;17;62;86;144;144;0
18089V625292;MOSSEV V/FISKEV 1,2,3,4;EV18 S56D1 m7072;2022-11-09T00:00+01:00;2022-11-10T00:00+01:00;2022-11-09;Totalt i retning Mastemyr;7675;100,0;24;24;0;3;99,96;6476;1196;230;335;236;395;391;4
18089V625292;MOSSEV V/FISKEV 1,2,3,4;EV18 S56D1 m7072;2022-11-09T00:00+01:00;2022-11-10T00:00+01:00;2022-11-09;Totalt i retning Oslo;8824;100,0;24;24;0;132;98,50;7196;1496;312;400;254;530;526;4
18089V625292;MOSSEV V/FISKEV 1,2,3,4;EV18 S56D1 m7072;2022-11-09T00:00+01:00;2022-11-10T00:00+01:00;2022-11-09;Totalt;16499;100,0;24;24;0;135;99,18;13672;2692;542;735;490;925;917;8
18089V625292;MOSSEV V/FISKEV 1,2,3,4;EV18 S56D1 m7072;2022-11-10T00:00+01:00;2022-11-11T00:00+01:00;2022-11-10;1;2188;100,0;24;24;0;0;100,00;2087;101;50;24;12;15;15;0
18089V625292;MOSSEV V/FISKEV 1,2,3,4;EV18 S56D1 m7072;2022-11-10T00:00+01:00;2022-11-11T00:00+01:00;2022-11-10;2;7608;100,0;24;24;0;74;99,03;6375;1159;275;328;152;404;394;10
18089V625292;MOSSEV V/FISKEV 1,2,3,4;EV18 S56D1 m7072;2022-11-10T00:00+01:00;2022-11-11T00:00+01:00;2022-11-10;3;5841;100,0;24;24;0;2;99,97;4684;1155;196;310;252;397;396;1
18089V625292;MOSSEV V/FISKEV 1,2,3,4;EV18 S56D1 m7072;2022-11-10T00:00+01:00;2022-11-11T00:00+01:00;2022-11-10;4;969;100,0;24;24;0;0;100,00;666;303;18;61;83;141;141;0
18089V625292;MOSSEV V/FISKEV 1,2,3,4;EV18 S56D1 m7072;2022-11-10T00:00+01:00;2022-11-11T00:00+01:00;2022-11-10;Totalt i retning Mastemyr;8069;100,0;24;24;0;32;99,60;6774;1263;249;338;264;412;411;1
18089V625292;MOSSEV V/FISKEV 1,2,3,4;EV18 S56D1 m7072;2022-11-10T00:00+01:00;2022-11-11T00:00+01:00;2022-11-10;Totalt i retning Oslo;8537;100,0;24;24;0;44;99,48;7038;1455;290;385;235;545;535;10
18089V625292;MOSSEV V/FISKEV 1,2,3,4;EV18 S56D1 m7072;2022-11-10T00:00+01:00;2022-11-11T00:00+01:00;2022-11-10;Totalt;16606;100,0;24;24;0;76;99,54;13812;2718;539;723;499;957;946;11
18089V625292;MOSSEV V/FISKEV 1,2,3,4;EV18 S56D1 m7072;2022-11-11T00:00+01:00;2022-11-12T00:00+01:00;2022-11-11;1;2106;100,0;24;24;0;0;100,00;2015;91;44;25;12;10;10;0
18089V625292;MOSSEV V/FISKEV 1,2,3,4;EV18 S56D1 m7072;2022-11-11T00:00+01:00;2022-11-12T00:00+01:00;2022-11-11;2;7613;100,0;24;24;0;0;100,00;6585;1028;234;323;176;295;293;2
18089V625292;MOSSEV V/FISKEV 1,2,3,4;EV18 S56D1 m7072;2022-11-11T00:00+01:00;2022-11-12T00:00+01:00;2022-11-11;3;5606;100,0;24;24;0;0;100,00;4575;1031;196;294;236;305;303;2
18089V625292;MOSSEV V/FISKEV 1,2,3,4;EV18 S56D1 m7072;2022-11-11T00:00+01:00;2022-11-12T00:00+01:00;2022-11-11;4;767;100,0;24;24;0;0;100,00;477;290;9;54;86;141;141;0
18089V625292;MOSSEV V/FISKEV 1,2,3,4;EV18 S56D1 m7072;2022-11-11T00:00+01:00;2022-11-12T00:00+01:00;2022-11-11;Totalt i retning Mastemyr;7712;100,0;24;24;0;0;100,00;6590;1122;240;319;248;315;313;2
18089V625292;MOSSEV V/FISKEV 1,2,3,4;EV18 S56D1 m7072;2022-11-11T00:00+01:00;2022-11-12T00:00+01:00;2022-11-11;Totalt i retning Oslo;8380;100,0;24;24;0;0;100,00;7062;1318;243;377;262;436;434;2
18089V625292;MOSSEV V/FISKEV 1,2,3,4;EV18 S56D1 m7072;2022-11-11T00:00+01:00;2022-11-12T00:00+01:00;2022-11-11;Totalt;16092;100,0;24;24;0;0;100,00;13652;2440;483;696;510;751;747;4
18089V625292;MOSSEV V/FISKEV 1,2,3,4;EV18 S56D1 m7072;2022-11-12T00:00+01:00;2022-11-13T00:00+01:00;2022-11-12;1;1492;100,0;24;24;0;0;100,00;1461;31;18;10;1;2;2;0
18089V625292;MOSSEV V/FISKEV 1,2,3,4;EV18 S56D1 m7072;2022-11-12T00:00+01:00;2022-11-13T00:00+01:00;2022-11-12;2;2767;100,0;24;24;0;250;90,96;2357;160;49;61;23;27;26;1
18089V625292;MOSSEV V/FISKEV 1,2,3,4;EV18 S56D1 m7072;2022-11-12T00:00+01:00;2022-11-13T00:00+01:00;2022-11-12;3;4199;100,0;24;24;0;0;100,00;3886;313;49;109;109;46;46;0
18089V625292;MOSSEV V/FISKEV 1,2,3,4;EV18 S56D1 m7072;2022-11-12T00:00+01:00;2022-11-13T00:00+01:00;2022-11-12;4;453;100,0;24;24;0;0;100,00;300;153;6;23;57;67;67;0
18089V625292;MOSSEV V/FISKEV 1,2,3,4;EV18 S56D1 m7072;2022-11-12T00:00+01:00;2022-11-13T00:00+01:00;2022-11-12;Totalt i retning Mastemyr;5829;100,0;24;24;0;100;98,28;5363;366;75;126;110;55;54;1
18089V625292;MOSSEV V/FISKEV 1,2,3,4;EV18 S56D1 m7072;2022-11-12T00:00+01:00;2022-11-13T00:00+01:00;2022-11-12;Totalt i retning Oslo;3082;100,0;24;24;0;150;95,13;2641;291;47;77;80;87;87;0
18089V625292;MOSSEV V/FISKEV 1,2,3,4;EV18 S56D1 m7072;2022-11-12T00:00+01:00;2022-11-13T00:00+01:00;2022-11-12;Totalt;8911;100,0;24;24;0;250;97,19;8004;657;122;203;190;142;141;1
18089V625292;MOSSEV V/FISKEV 1,2,3,4;EV18 S56D1 m7072;2022-11-13T00:00+01:00;2022-11-14T00:00+01:00;2022-11-13;1;1474;100,0;24;24;0;1;99,93;1450;23;7;8;7;1;1;0
18089V625292;MOSSEV V/FISKEV 1,2,3,4;EV18 S56D1 m7072;2022-11-13T00:00+01:00;2022-11-14T00:00+01:00;2022-11-13;2;5654;100,0;24;24;0;19;99,66;5367;268;54;79;51;84;84;0
18089V625292;MOSSEV V/FISKEV 1,2,3,4;EV18 S56D1 m7072;2022-11-13T00:00+01:00;2022-11-14T00:00+01:00;2022-11-13;3;4108;100,0;24;24;0;0;100,00;3812;296;49;100;99;48;48;0
18089V625292;MOSSEV V/FISKEV 1,2,3,4;EV18 S56D1 m7072;2022-11-13T00:00+01:00;2022-11-14T00:00+01:00;2022-11-13;4;378;100,0;24;24;0;0;100,00;258;120;3;32;42;43;43;0
18089V625292;MOSSEV V/FISKEV 1,2,3,4;EV18 S56D1 m7072;2022-11-13T00:00+01:00;2022-11-14T00:00+01:00;2022-11-13;Totalt i retning Mastemyr;5585;100,0;24;24;0;3;99,95;5262;320;57;108;106;49;49;0
18089V625292;MOSSEV V/FISKEV 1,2,3,4;EV18 S56D1 m7072;2022-11-13T00:00+01:00;2022-11-14T00:00+01:00;2022-11-13;Totalt i retning Oslo;6029;100,0;24;24;0;17;99,72;5625;387;56;111;93;127;127;0
18089V625292;MOSSEV V/FISKEV 1,2,3,4;EV18 S56D1 m7072;2022-11-13T00:00+01:00;2022-11-14T00:00+01:00;2022-11-13;Totalt;11614;100,0;24;24;0;20;99,83;10887;707;113;219;199;176;176;0
18089V625292;MOSSEV V/FISKEV 1,2,3,4;EV18 S56D1 m7072;2022-11-14T00:00+01:00;2022-11-15T00:00+01:00;2022-11-14;1;1785;100,0;24;24;0;0;100,00;1700;85;38;24;12;11;11;0
18089V625292;MOSSEV V/FISKEV 1,2,3,4;EV18 S56D1 m7072;2022-11-14T00:00+01:00;2022-11-15T00:00+01:00;2022-11-14;2;6776;100,0;24;24;0;106;98,44;5683;987;186;302;121;378;375;3
18089V625292;MOSSEV V/FISKEV 1,2,3,4;EV18 S56D1 m7072;2022-11-14T00:00+01:00;2022-11-15T00:00+01:00;2022-11-14;3;5339;100,0;24;24;0;1;99,98;4326;1012;162;304;203;343;336;7
18089V625292;MOSSEV V/FISKEV 1,2,3,4;EV18 S56D1 m7072;2022-11-14T00:00+01:00;2022-11-15T00:00+01:00;2022-11-14;4;1106;100,0;24;24;0;0;100,00;806;300;21;62;82;135;135;0
18089V625292;MOSSEV V/FISKEV 1,2,3,4;EV18 S56D1 m7072;2022-11-14T00:00+01:00;2022-11-15T00:00+01:00;2022-11-14;Totalt i retning Mastemyr;7138;100,0;24;24;0;16;99,78;6026;1096;200;327;215;354;347;7
18089V625292;MOSSEV V/FISKEV 1,2,3,4;EV18 S56D1 m7072;2022-11-14T00:00+01:00;2022-11-15T00:00+01:00;2022-11-14;Totalt i retning Oslo;7868;100,0;24;24;0;91;98,84;6489;1288;207;365;203;513;510;3
18089V625292;MOSSEV V/FISKEV 1,2,3,4;EV18 S56D1 m7072;2022-11-14T00:00+01:00;2022-11-15T00:00+01:00;2022-11-14;Totalt;15006;100,0;24;24;0;107;99,29;12515;2384;407;692;418;867;857;10
18089V625292;MOSSEV V/FISKEV 1,2,3,4;EV18 S56D1 m7072;2022-11-15T00:00+01:00;2022-11-16T00:00+01:00;2022-11-15;1;1863;100,0;24;24;0;0;100,00;1784;79;43;16;12;8;7;1
18089V625292;MOSSEV V/FISKEV 1,2,3,4;EV18 S56D1 m7072;2022-11-15T00:00+01:00;2022-11-16T00:00+01:00;2022-11-15;2;6655;100,0;24;24;0;227;96,59;5438;990;245;293;111;341;339;2
18089V625292;MOSSEV V/FISKEV 1,2,3,4;EV18 S56D1 m7072;2022-11-15T00:00+01:00;2022-11-16T00:00+01:00;2022-11-15;3;5750;100,0;24;24;0;0;100,00;4676;1074;175;308;207;384;379;5
18089V625292;MOSSEV V/FISKEV 1,2,3,4;EV18 S56D1 m7072;2022-11-15T00:00+01:00;2022-11-16T00:00+01:00;2022-11-15;4;1288;100,0;24;24;0;0;100,00;982;306;19;63;90;134;134;0
18089V625292;MOSSEV V/FISKEV 1,2,3,4;EV18 S56D1 m7072;2022-11-15T00:00+01:00;2022-11-16T00:00+01:00;2022-11-15;Totalt i retning Mastemyr;7674;100,0;24;24;0;51;99,34;6465;1158;220;327;219;392;386;6
18089V625292;MOSSEV V/FISKEV 1,2,3,4;EV18 S56D1 m7072;2022-11-15T00:00+01:00;2022-11-16T00:00+01:00;2022-11-15;Totalt i retning Oslo;7882;100,0;24;24;0;176;97,77;6415;1291;262;353;201;475;473;2
18089V625292;MOSSEV V/FISKEV 1,2,3,4;EV18 S56D1 m7072;2022-11-15T00:00+01:00;2022-11-16T00:00+01:00;2022-11-15;Totalt;15556;100,0;24;24;0;227;98,54;12880;2449;482;680;420;867;859;8
18089V625292;MOSSEV V/FISKEV 1,2,3,4;EV18 S56D1 m7072;2022-11-16T00:00+01:00;2022-11-17T00:00+01:00;2022-11-16;1;2018;100,0;24;24;0;0;100,00;1930;88;45;21;9;13;13;0
18089V625292;MOSSEV V/FISKEV 1,2,3,4;EV18 S56D1 m7072;2022-11-16T00:00+01:00;2022-11-17T00:00+01:00;2022-11-16;2;7559;100,0;24;24;0;23;99,70;6385;1151;264;352;130;405;398;7
18089V625292;MOSSEV V/FISKEV 1,2,3,4;EV18 S56D1 m7072;2022-11-16T00:00+01:00;2022-11-17T00:00+01:00;2022-11-16;3;5679;100,0;24;24;0;1;99,98;4589;1089;179;317;212;381;374;7
18089V625292;MOSSEV V/FISKEV 1,2,3,4;EV18 S56D1 m7072;2022-11-16T00:00+01:00;2022-11-17T00:00+01:00;2022-11-16;4;994;100,0;24;24;0;0;100,00;689;305;16;69;82;138;138;0
18089V625292;MOSSEV V/FISKEV 1,2,3,4;EV18 S56D1 m7072;2022-11-16T00:00+01:00;2022-11-17T00:00+01:00;2022-11-16;Totalt i retning Mastemyr;7702;100,0;24;24;0;4;99,95;6519;1179;224;339;221;395;388;7
18089V625292;MOSSEV V/FISKEV 1,2,3,4;EV18 S56D1 m7072;2022-11-16T00:00+01:00;2022-11-17T00:00+01:00;2022-11-16;Totalt i retning Oslo;8548;100,0;24;24;0;20;99,77;7074;1454;280;420;212;542;535;7
18089V625292;MOSSEV V/FISKEV 1,2,3,4;EV18 S56D1 m7072;2022-11-16T00:00+01:00;2022-11-17T00:00+01:00;2022-11-16;Totalt;16250;100,0;24;24;0;24;99,85;13593;2633;504;759;433;937;923;14
18089V625292;MOSSEV V/FISKEV 1,2,3,4;EV18 S56D1 m7072;2022-11-17T00:00+01:00;2022-11-18T00:00+01:00;2022-11-17;1;2044;100,0;24;24;0;0;100,00;1939;105;50;20;19;16;16;0
18089V625292;MOSSEV V/FISKEV 1,2,3,4;EV18 S56D1 m7072;2022-11-17T00:00+01:00;2022-11-18T00:00+01:00;2022-11-17;2;7587;100,0;24;24;0;11;99,86;6360;1216;267;358;194;397;395;2
18089V625292;MOSSEV V/FISKEV 1,2,3,4;EV18 S56D1 m7072;2022-11-17T00:00+01:00;2022-11-18T00:00+01:00;2022-11-17;3;5879;100,0;24;24;0;0;100,00;4717;1162;190;328;256;388;382;6
18089V625292;MOSSEV V/FISKEV 1,2,3,4;EV18 S56D1 m7072;2022-11-17T00:00+01:00;2022-11-18T00:00+01:00;2022-11-17;4;963;100,0;24;24;0;0;100,00;666;297;15;65;79;138;138;0
18089V625292;MOSSEV V/FISKEV 1,2,3,4;EV18 S56D1 m7072;2022-11-17T00:00+01:00;2022-11-18T00:00+01:00;2022-11-17;Totalt i retning Mastemyr;7924;100,0;24;24;0;1;99,99;6656;1267;240;348;275;404;398;6
18089V625292;MOSSEV V/FISKEV 1,2,3,4;EV18 S56D1 m7072;2022-11-17T00:00+01:00;2022-11-18T00:00+01:00;2022-11-17;Totalt i retning Oslo;8549;100,0;24;24;0;10;99,88;7026;1513;282;423;273;535;533;2
18089V625292;MOSSEV V/FISKEV 1,2,3,4;EV18 S56D1 m7072;2022-11-17T00:00+01:00;2022-11-18T00:00+01:00;2022-11-17;Totalt;16473;100,0;24;24;0;11;99,93;13682;2780;522;771;548;939;931;8
18089V625292;MOSSEV V/FISKEV 1,2,3,4;EV18 S56D1 m7072;2022-11-18T00:00+01:00;2022-11-19T00:00+01:00;2022-11-18;1;2251;100,0;24;24;0;1;99,96;2161;89;42;18;18;11;11;0
18089V625292;MOSSEV V/FISKEV 1,2,3,4;EV18 S56D1 m7072;2022-11-18T00:00+01:00;2022-11-19T00:00+01:00;2022-11-18;2;7345;100,0;24;24;0;1;99,99;6368;976;206;298;193;279;274;5
18089V625292;MOSSEV V/FISKEV 1,2,3,4;EV18 S56D1 m7072;2022-11-18T00:00+01:00;2022-11-19T00:00+01:00;2022-11-18;3;5931;100,0;24;24;0;4;99,93;4834;1093;193;324;252;324;318;6
18089V625292;MOSSEV V/FISKEV 1,2,3,4;EV18 S56D1 m7072;2022-11-18T00:00+01:00;2022-11-19T00:00+01:00;2022-11-18;4;743;100,0;24;24;0;0;100,00;449;294;18;53;93;130;130;0
18089V625292;MOSSEV V/FISKEV 1,2,3,4;EV18 S56D1 m7072;2022-11-18T00:00+01:00;2022-11-19T00:00+01:00;2022-11-18;Totalt i retning Mastemyr;8182;100,0;24;24;0;5;99,94;6995;1182;235;342;270;335;329;6
18089V625292;MOSSEV V/FISKEV 1,2,3,4;EV18 S56D1 m7072;2022-11-18T00:00+01:00;2022-11-19T00:00+01:00;2022-11-18;Totalt i retning Oslo;8088;100,0;24;24;0;1;99,99;6817;1270;224;351;286;409;404;5
18089V625292;MOSSEV V/FISKEV 1,2,3,4;EV18 S56D1 m7072;2022-11-18T00:00+01:00;2022-11-19T00:00+01:00;2022-11-18;Totalt;16270;100,0;24;24;0;6;99,96;13812;2452;459;693;556;744;733;11
18089V625292;MOSSEV V/FISKEV 1,2,3,4;EV18 S56D1 m7072;2022-11-19T00:00+01:00;2022-11-20T00:00+01:00;2022-11-19;1;1558;100,0;24;24;0;0;100,00;1522;36;18;14;4;0;0;0
18089V625292;MOSSEV V/FISKEV 1,2,3,4;EV18 S56D1 m7072;2022-11-19T00:00+01:00;2022-11-20T00:00+01:00;2022-11-19;2;5247;100,0;24;24;0;45;99,14;4950;252;78;85;53;36;36;0
18089V625292;MOSSEV V/FISKEV 1,2,3,4;EV18 S56D1 m7072;2022-11-19T00:00+01:00;2022-11-20T00:00+01:00;2022-11-19;3;4279;100,0;24;24;0;0;100,00;3957;322;67;90;121;44;44;0
18089V625292;MOSSEV V/FISKEV 1,2,3,4;EV18 S56D1 m7072;2022-11-19T00:00+01:00;2022-11-20T00:00+01:00;2022-11-19;4;439;100,0;24;24;0;0;100,00;290;149;5;10;70;64;64;0
18089V625292;MOSSEV V/FISKEV 1,2,3,4;EV18 S56D1 m7072;2022-11-19T00:00+01:00;2022-11-20T00:00+01:00;2022-11-19;Totalt i retning Mastemyr;5855;100,0;24;24;0;15;99,74;5479;361;87;105;125;44;44;0
18089V625292;MOSSEV V/FISKEV 1,2,3,4;EV18 S56D1 m7072;2022-11-19T00:00+01:00;2022-11-20T00:00+01:00;2022-11-19;Totalt i retning Oslo;5668;100,0;24;24;0;30;99,47;5240;398;81;94;123;100;100;0
18089V625292;MOSSEV V/FISKEV 1,2,3,4;EV18 S56D1 m7072;2022-11-19T00:00+01:00;2022-11-20T00:00+01:00;2022-11-19;Totalt;11523;100,0;24;24;0;45;99,61;10719;759;168;199;248;144;144;0
18089V625292;MOSSEV V/FISKEV 1,2,3,4;EV18 S56D1 m7072;2022-11-20T00:00+01:00;2022-11-21T00:00+01:00;2022-11-20;1;1443;100,0;24;24;0;0;100,00;1416;27;7;7;10;3;3;0
18089V625292;MOSSEV V/FISKEV 1,2,3,4;EV18 S56D1 m7072;2022-11-20T00:00+01:00;2022-11-21T00:00+01:00;2022-11-20;2;5621;100,0;24;24;0;0;100,00;5320;301;53;95;68;85;85;0
18089V625292;MOSSEV V/FISKEV 1,2,3,4;EV18 S56D1 m7072;2022-11-20T00:00+01:00;2022-11-21T00:00+01:00;2022-11-20;3;4054;100,0;24;24;0;0;100,00;3775;279;45;98;89;47;47;0
18089V625292;MOSSEV V/FISKEV 1,2,3,4;EV18 S56D1 m7072;2022-11-20T00:00+01:00;2022-11-21T00:00+01:00;2022-11-20;4;376;100,0;24;24;0;0;100,00;263;113;4;27;40;42;42;0
18089V625292;MOSSEV V/FISKEV 1,2,3,4;EV18 S56D1 m7072;2022-11-20T00:00+01:00;2022-11-21T00:00+01:00;2022-11-20;Totalt i retning Mastemyr;5496;100,0;24;24;0;0;100,00;5191;305;52;104;99;50;50;0
18089V625292;MOSSEV V/FISKEV 1,2,3,4;EV18 S56D1 m7072;2022-11-20T00:00+01:00;2022-11-21T00:00+01:00;2022-11-20;Totalt i retning Oslo;5998;100,0;24;24;0;0;100,00;5583;415;57;123;108;127;127;0
18089V625292;MOSSEV V/FISKEV 1,2,3,4;EV18 S56D1 m7072;2022-11-20T00:00+01:00;2022-11-21T00:00+01:00;2022-11-20;Totalt;11494;100,0;24;24;0;0;100,00;10774;720;109;227;207;177;177;0
18089V625292;MOSSEV V/FISKEV 1,2,3,4;EV18 S56D1 m7072;2022-11-21T00:00+01:00;2022-11-22T00:00+01:00;2022-11-21;1;1679;100,0;24;24;0;0;100,00;1592;87;42;23;14;8;8;0
18089V625292;MOSSEV V/FISKEV 1,2,3,4;EV18 S56D1 m7072;2022-11-21T00:00+01:00;2022-11-22T00:00+01:00;2022-11-21;2;7136;100,0;24;24;0;30;99,58;5926;1180;241;344;216;379;371;8
18089V625292;MOSSEV V/FISKEV 1,2,3,4;EV18 S56D1 m7072;2022-11-21T00:00+01:00;2022-11-22T00:00+01:00;2022-11-21;3;5588;100,0;24;24;0;0;100,00;4521;1067;186;289;263;329;324;5
18089V625292;MOSSEV V/FISKEV 1,2,3,4;EV18 S56D1 m7072;2022-11-21T00:00+01:00;2022-11-22T00:00+01:00;2022-11-21;4;928;100,0;24;24;0;0;100,00;617;311;24;66;86;135;135;0
18089V625292;MOSSEV V/FISKEV 1,2,3,4;EV18 S56D1 m7072;2022-11-21T00:00+01:00;2022-11-22T00:00+01:00;2022-11-21;Totalt i retning Mastemyr;7267;100,0;24;24;0;0;100,00;6113;1154;228;312;277;337;332;5
18089V625292;MOSSEV V/FISKEV 1,2,3,4;EV18 S56D1 m7072;2022-11-21T00:00+01:00;2022-11-22T00:00+01:00;2022-11-21;Totalt i retning Oslo;8064;100,0;24;24;0;30;99,63;6543;1491;265;410;302;514;506;8
18089V625292;MOSSEV V/FISKEV 1,2,3,4;EV18 S56D1 m7072;2022-11-21T00:00+01:00;2022-11-22T00:00+01:00;2022-11-21;Totalt;15331;100,0;24;24;0;30;99,80;12656;2645;493;722;579;851;838;13
18089V625292;MOSSEV V/FISKEV 1,2,3,4;EV18 S56D1 m7072;2022-11-22T00:00+01:00;2022-11-23T00:00+01:00;2022-11-22;1;1905;100,0;24;24;0;1;99,95;1800;104;48;20;21;15;15;0
18089V625292;MOSSEV V/FISKEV 1,2,3,4;EV18 S56D1 m7072;2022-11-22T00:00+01:00;2022-11-23T00:00+01:00;2022-11-22;2;7369;100,0;24;24;0;22;99,70;6132;1215;284;346;183;402;395;7
18089V625292;MOSSEV V/FISKEV 1,2,3,4;EV18 S56D1 m7072;2022-11-22T00:00+01:00;2022-11-23T00:00+01:00;2022-11-22;3;5807;100,0;24;24;0;3;99,95;4692;1112;201;305;249;357;353;4
18089V625292;MOSSEV V/FISKEV 1,2,3,4;EV18 S56D1 m7072;2022-11-22T00:00+01:00;2022-11-23T00:00+01:00;2022-11-22;4;998;100,0;24;24;0;0;100,00;680;318;25;68;93;132;132;0
18089V625292;MOSSEV V/FISKEV 1,2,3,4;EV18 S56D1 m7072;2022-11-22T00:00+01:00;2022-11-23T00:00+01:00;2022-11-22;Totalt i retning Mastemyr;7712;100,0;24;24;0;4;99,95;6492;1216;249;325;270;372;368;4
18089V625292;MOSSEV V/FISKEV 1,2,3,4;EV18 S56D1 m7072;2022-11-22T00:00+01:00;2022-11-23T00:00+01:00;2022-11-22;Totalt i retning Oslo;8367;100,0;24;24;0;22;99,74;6812;1533;309;414;276;534;527;7
18089V625292;MOSSEV V/FISKEV 1,2,3,4;EV18 S56D1 m7072;2022-11-22T00:00+01:00;2022-11-23T00:00+01:00;2022-11-22;Totalt;16079;100,0;24;24;0;26;99,84;13304;2749;558;739;546;906;895;11
18089V625292;MOSSEV V/FISKEV 1,2,3,4;EV18 S56D1 m7072;2022-11-23T00:00+01:00;2022-11-24T00:00+01:00;2022-11-23;1;1978;100,0;24;24;0;0;100,00;1885;93;41;26;15;11;10;1
18089V625292;MOSSEV V/FISKEV 1,2,3,4;EV18 S56D1 m7072;2022-11-23T00:00+01:00;2022-11-24T00:00+01:00;2022-11-23;2;7678;100,0;24;24;0;1;99,99;6446;1231;296;324;151;460;454;6
18089V625292;MOSSEV V/FISKEV 1,2,3,4;EV18 S56D1 m7072;2022-11-23T00:00+01:00;2022-11-24T00:00+01:00;2022-11-23;3;5701;100,0;24;24;0;2;99,96;4595;1104;204;322;216;362;356;6
18089V625292;MOSSEV V/FISKEV 1,2,3,4;EV18 S56D1 m7072;2022-11-23T00:00+01:00;2022-11-24T00:00+01:00;2022-11-23;4;973;100,0;24;24;0;1;99,90;665;307;15;66;92;134;134;0
18089V625292;MOSSEV V/FISKEV 1,2,3,4;EV18 S56D1 m7072;2022-11-23T00:00+01:00;2022-11-24T00:00+01:00;2022-11-23;Totalt i retning Mastemyr;7680;100,0;24;24;0;2;99,97;6480;1198;245;349;231;373;366;7
18089V625292;MOSSEV V/FISKEV 1,2,3,4;EV18 S56D1 m7072;2022-11-23T00:00+01:00;2022-11-24T00:00+01:00;2022-11-23;Totalt i retning Oslo;8650;100,0;24;24;0;2;99,98;7111;1537;311;389;243;594;588;6
18089V625292;MOSSEV V/FISKEV 1,2,3,4;EV18 S56D1 m7072;2022-11-23T00:00+01:00;2022-11-24T00:00+01:00;2022-11-23;Totalt;16330;100,0;24;24;0;4;99,98;13591;2735;556;738;474;967;954;13
18089V625292;MOSSEV V/FISKEV 1,2,3,4;EV18 S56D1 m7072;2022-11-24T00:00+01:00;2022-11-25T00:00+01:00;2022-11-24;1;2057;100,0;24;24;0;0;100,00;1972;85;48;17;14;6;6;0
18089V625292;MOSSEV V/FISKEV 1,2,3,4;EV18 S56D1 m7072;2022-11-24T00:00+01:00;2022-11-25T00:00+01:00;2022-11-24;2;7872;100,0;24;24;0;0;100,00;6634;1238;262;349;198;429;425;4
18089V625292;MOSSEV V/FISKEV 1,2,3,4;EV18 S56D1 m7072;2022-11-24T00:00+01:00;2022-11-25T00:00+01:00;2022-11-24;3;5896;100,0;24;24;0;1;99,98;4661;1234;205;322;255;452;441;11
18089V625292;MOSSEV V/FISKEV 1,2,3,4;EV18 S56D1 m7072;2022-11-24T00:00+01:00;2022-11-25T00:00+01:00;2022-11-24;4;925;100,0;24;24;0;0;100,00;611;314;15;58;95;146;146;0
18089V625292;MOSSEV V/FISKEV 1,2,3,4;EV18 S56D1 m7072;2022-11-24T00:00+01:00;2022-11-25T00:00+01:00;2022-11-24;Totalt i retning Mastemyr;7953;100,0;24;24;0;1;99,99;6633;1319;253;339;269;458;447;11
18089V625292;MOSSEV V/FISKEV 1,2,3,4;EV18 S56D1 m7072;2022-11-24T00:00+01:00;2022-11-25T00:00+01:00;2022-11-24;Totalt i retning Oslo;8797;100,0;24;24;0;0;100,00;7245;1552;277;407;293;575;571;4
18089V625292;MOSSEV V/FISKEV 1,2,3,4;EV18 S56D1 m7072;2022-11-24T00:00+01:00;2022-11-25T00:00+01:00;2022-11-24;Totalt;16750;100,0;24;24;0;1;99,99;13878;2871;530;746;562;1033;1018;15
18089V625292;MOSSEV V/FISKEV 1,2,3,4;EV18 S56D1 m7072;2022-11-25T00:00+01:00;2022-11-26T00:00+01:00;2022-11-25;1;2124;100,0;24;24;0;0;100,00;2025;99;52;24;18;5;5;0
18089V625292;MOSSEV V/FISKEV 1,2,3,4;EV18 S56D1 m7072;2022-11-25T00:00+01:00;2022-11-26T00:00+01:00;2022-11-25;2;7609;100,0;24;24;0;0;100,00;6521;1088;243;298;218;329;323;6
18089V625292;MOSSEV V/FISKEV 1,2,3,4;EV18 S56D1 m7072;2022-11-25T00:00+01:00;2022-11-26T00:00+01:00;2022-11-25;3;5850;100,0;24;24;0;0;100,00;4743;1107;209;289;259;350;346;4
18089V625292;MOSSEV V/FISKEV 1,2,3,4;EV18 S56D1 m7072;2022-11-25T00:00+01:00;2022-11-26T00:00+01:00;2022-11-25;4;732;100,0;24;24;0;0;100,00;439;293;14;54;87;138;138;0
18089V625292;MOSSEV V/FISKEV 1,2,3,4;EV18 S56D1 m7072;2022-11-25T00:00+01:00;2022-11-26T00:00+01:00;2022-11-25;Totalt i retning Mastemyr;7974;100,0;24;24;0;0;100,00;6768;1206;261;313;277;355;351;4
18089V625292;MOSSEV V/FISKEV 1,2,3,4;EV18 S56D1 m7072;2022-11-25T00:00+01:00;2022-11-26T00:00+01:00;2022-11-25;Totalt i retning Oslo;8341;100,0;24;24;0;0;100,00;6960;1381;257;352;305;467;461;6
18089V625292;MOSSEV V/FISKEV 1,2,3,4;EV18 S56D1 m7072;2022-11-25T00:00+01:00;2022-11-26T00:00+01:00;2022-11-25;Totalt;16315;100,0;24;24;0;0;100,00;13728;2587;518;665;582;822;812;10
18089V625292;MOSSEV V/FISKEV 1,2,3,4;EV18 S56D1 m7072;2022-11-26T00:00+01:00;2022-11-27T00:00+01:00;2022-11-26;1;1559;100,0;24;24;0;0;100,00;1514;45;16;14;12;3;3;0
18089V625292;MOSSEV V/FISKEV 1,2,3,4;EV18 S56D1 m7072;2022-11-26T00:00+01:00;2022-11-27T00:00+01:00;2022-11-26;2;5537;100,0;24;24;0;0;100,00;5283;254;88;76;51;39;39;0
18089V625292;MOSSEV V/FISKEV 1,2,3,4;EV18 S56D1 m7072;2022-11-26T00:00+01:00;2022-11-27T00:00+01:00;2022-11-26;3;4094;100,0;24;24;0;1;99,98;3755;338;81;88;112;57;57;0
18089V625292;MOSSEV V/FISKEV 1,2,3,4;EV18 S56D1 m7072;2022-11-26T00:00+01:00;2022-11-27T00:00+01:00;2022-11-26;4;419;100,0;24;24;0;0;100,00;266;153;4;13;69;67;67;0
18089V625292;MOSSEV V/FISKEV 1,2,3,4;EV18 S56D1 m7072;2022-11-26T00:00+01:00;2022-11-27T00:00+01:00;2022-11-26;Totalt i retning Mastemyr;5654;100,0;24;24;0;1;99,98;5269;384;98;102;124;60;60;0
18089V625292;MOSSEV V/FISKEV 1,2,3,4;EV18 S56D1 m7072;2022-11-26T00:00+01:00;2022-11-27T00:00+01:00;2022-11-26;Totalt i retning Oslo;5955;100,0;24;24;0;0;100,00;5549;406;91;89;120;106;106;0
18089V625292;MOSSEV V/FISKEV 1,2,3,4;EV18 S56D1 m7072;2022-11-26T00:00+01:00;2022-11-27T00:00+01:00;2022-11-26;Totalt;11609;100,0;24;24;0;1;99,99;10818;790;189;191;244;166;166;0
18089V625292;MOSSEV V/FISKEV 1,2,3,4;EV18 S56D1 m7072;2022-11-27T00:00+01:00;2022-11-28T00:00+01:00;2022-11-27;1;1607;100,0;24;24;0;1;99,94;1573;33;13;8;9;3;3;0
18089V625292;MOSSEV V/FISKEV 1,2,3,4;EV18 S56D1 m7072;2022-11-27T00:00+01:00;2022-11-28T00:00+01:00;2022-11-27;2;5545;100,0;24;24;0;0;100,00;5273;272;58;69;70;75;72;3
18089V625292;MOSSEV V/FISKEV 1,2,3,4;EV18 S56D1 m7072;2022-11-27T00:00+01:00;2022-11-28T00:00+01:00;2022-11-27;3;4222;100,0;24;24;0;0;100,00;3907;315;51;98;115;51;50;1
18089V625292;MOSSEV V/FISKEV 1,2,3,4;EV18 S56D1 m7072;2022-11-27T00:00+01:00;2022-11-28T00:00+01:00;2022-11-27;4;397;100,0;24;24;0;0;100,00;266;131;4;41;44;42;42;0
18089V625292;MOSSEV V/FISKEV 1,2,3,4;EV18 S56D1 m7072;2022-11-27T00:00+01:00;2022-11-28T00:00+01:00;2022-11-27;Totalt i retning Mastemyr;5829;100,0;24;24;0;1;99,98;5480;348;64;106;124;54;53;1
18089V625292;MOSSEV V/FISKEV 1,2,3,4;EV18 S56D1 m7072;2022-11-27T00:00+01:00;2022-11-28T00:00+01:00;2022-11-27;Totalt i retning Oslo;5942;100,0;24;24;0;0;100,00;5539;403;62;110;114;117;114;3
18089V625292;MOSSEV V/FISKEV 1,2,3,4;EV18 S56D1 m7072;2022-11-27T00:00+01:00;2022-11-28T00:00+01:00;2022-11-27;Totalt;11771;100,0;24;24;0;1;99,99;11019;751;126;216;238;171;167;4
18089V625292;MOSSEV V/FISKEV 1,2,3,4;EV18 S56D1 m7072;2022-11-28T00:00+01:00;2022-11-29T00:00+01:00;2022-11-28;1;1909;100,0;24;24;0;0;100,00;1838;71;38;17;12;4;4;0
18089V625292;MOSSEV V/FISKEV 1,2,3,4;EV18 S56D1 m7072;2022-11-28T00:00+01:00;2022-11-29T00:00+01:00;2022-11-28;2;7405;100,0;24;24;0;47;99,37;6148;1210;240;337;220;413;408;5
18089V625292;MOSSEV V/FISKEV 1,2,3,4;EV18 S56D1 m7072;2022-11-28T00:00+01:00;2022-11-29T00:00+01:00;2022-11-28;3;5560;100,0;24;24;0;0;100,00;4379;1181;189;275;292;425;419;6
18089V625292;MOSSEV V/FISKEV 1,2,3,4;EV18 S56D1 m7072;2022-11-28T00:00+01:00;2022-11-29T00:00+01:00;2022-11-28;4;1022;100,0;24;24;0;0;100,00;714;308;12;51;107;138;138;0
18089V625292;MOSSEV V/FISKEV 1,2,3,4;EV18 S56D1 m7072;2022-11-28T00:00+01:00;2022-11-29T00:00+01:00;2022-11-28;Totalt i retning Mastemyr;7468;100,0;24;24;0;0;100,00;6217;1251;227;291;304;429;423;6
18089V625292;MOSSEV V/FISKEV 1,2,3,4;EV18 S56D1 m7072;2022-11-28T00:00+01:00;2022-11-29T00:00+01:00;2022-11-28;Totalt i retning Oslo;8428;100,0;24;24;0;47;99,44;6862;1519;252;389;327;551;546;5
18089V625292;MOSSEV V/FISKEV 1,2,3,4;EV18 S56D1 m7072;2022-11-28T00:00+01:00;2022-11-29T00:00+01:00;2022-11-28;Totalt;15896;100,0;24;24;0;47;99,70;13079;2770;479;680;631;980;969;11
18089V625292;MOSSEV V/FISKEV 1,2,3,4;EV18 S56D1 m7072;2022-11-29T00:00+01:00;2022-11-30T00:00+01:00;2022-11-29;1;1969;100,0;24;24;0;0;100,00;1873;96;45;22;19;10;10;0
18089V625292;MOSSEV V/FISKEV 1,2,3,4;EV18 S56D1 m7072;2022-11-29T00:00+01:00;2022-11-30T00:00+01:00;2022-11-29;2;7761;100,0;24;24;0;47;99,39;6441;1273;245;354;213;461;456;5
18089V625292;MOSSEV V/FISKEV 1,2,3,4;EV18 S56D1 m7072;2022-11-29T00:00+01:00;2022-11-30T00:00+01:00;2022-11-29;3;5743;100,0;24;24;0;0;100,00;4538;1205;193;305;285;422;420;2
18089V625292;MOSSEV V/FISKEV 1,2,3,4;EV18 S56D1 m7072;2022-11-29T00:00+01:00;2022-11-30T00:00+01:00;2022-11-29;4;1056;100,0;24;24;0;0;100,00;758;298;23;49;95;131;131;0
18089V625292;MOSSEV V/FISKEV 1,2,3,4;EV18 S56D1 m7072;2022-11-29T00:00+01:00;2022-11-30T00:00+01:00;2022-11-29;Totalt i retning Mastemyr;7712;100,0;24;24;0;0;100,00;6411;1301;238;327;304;432;430;2
18089V625292;MOSSEV V/FISKEV 1,2,3,4;EV18 S56D1 m7072;2022-11-29T00:00+01:00;2022-11-30T00:00+01:00;2022-11-29;Totalt i retning Oslo;8817;100,0;24;24;0;47;99,47;7199;1571;268;403;308;592;587;5
18089V625292;MOSSEV V/FISKEV 1,2,3,4;EV18 S56D1 m7072;2022-11-29T00:00+01:00;2022-11-30T00:00+01:00;2022-11-29;Totalt;16529;100,0;24;24;0;47;99,72;13610;2872;506;730;612;1024;1017;7
18089V625292;MOSSEV V/FISKEV 1,2,3,4;EV18 S56D1 m7072;2022-11-30T00:00+01:00;2022-12-01T00:00+01:00;2022-11-30;1;2044;100,0;24;24;0;5;99,76;1952;87;32;26;13;16;16;0
18089V625292;MOSSEV V/FISKEV 1,2,3,4;EV18 S56D1 m7072;2022-11-30T00:00+01:00;2022-12-01T00:00+01:00;2022-11-30;2;8221;100,0;24;24;0;25;99,70;6865;1331;302;346;261;422;421;1
18089V625292;MOSSEV V/FISKEV 1,2,3,4;EV18 S56D1 m7072;2022-11-30T00:00+01:00;2022-12-01T00:00+01:00;2022-11-30;3;5854;100,0;24;24;0;3;99,95;4706;1145;199;283;294;369;364;5
18089V625292;MOSSEV V/FISKEV 1,2,3,4;EV18 S56D1 m7072;2022-11-30T00:00+01:00;2022-12-01T00:00+01:00;2022-11-30;4;969;100,0;24;24;0;1;99,90;675;293;15;46;94;138;138;0
18089V625292;MOSSEV V/FISKEV 1,2,3,4;EV18 S56D1 m7072;2022-11-30T00:00+01:00;2022-12-01T00:00+01:00;2022-11-30;Totalt i retning Mastemyr;7897;100,0;24;24;0;7;99,91;6658;1232;231;309;307;385;380;5
18089V625292;MOSSEV V/FISKEV 1,2,3,4;EV18 S56D1 m7072;2022-11-30T00:00+01:00;2022-12-01T00:00+01:00;2022-11-30;Totalt i retning Oslo;9191;100,0;24;24;0;27;99,71;7540;1624;317;392;355;560;559;1
18089V625292;MOSSEV V/FISKEV 1,2,3,4;EV18 S56D1 m7072;2022-11-30T00:00+01:00;2022-12-01T00:00+01:00;2022-11-30;Totalt;17088;100,0;24;24;0;34;99,80;14198;2856;548;701;662;945;939;6
18089V625292;MOSSEV V/FISKEV 1,2,3,4;EV18 S56D1 m7072;2022-12-01T00:00+01:00;2022-12-02T00:00+01:00;2022-12-01;1;2115;100,0;24;24;0;0;100,00;2027;88;38;20;13;17;17;0
18089V625292;MOSSEV V/FISKEV 1,2,3,4;EV18 S56D1 m7072;2022-12-01T00:00+01:00;2022-12-02T00:00+01:00;2022-12-01;2;8212;100,0;24;24;0;1;99,99;6939;1272;262;353;286;371;365;6
18089V625292;MOSSEV V/FISKEV 1,2,3,4;EV18 S56D1 m7072;2022-12-01T00:00+01:00;2022-12-02T00:00+01:00;2022-12-01;3;5979;100,0;24;24;0;2;99,97;4709;1268;219;298;342;409;403;6
18089V625292;MOSSEV V/FISKEV 1,2,3,4;EV18 S56D1 m7072;2022-12-01T00:00+01:00;2022-12-02T00:00+01:00;2022-12-01;4;903;100,0;24;24;0;0;100,00;604;299;18;58;87;136;136;0
18089V625292;MOSSEV V/FISKEV 1,2,3,4;EV18 S56D1 m7072;2022-12-01T00:00+01:00;2022-12-02T00:00+01:00;2022-12-01;Totalt i retning Mastemyr;8094;100,0;24;24;0;2;99,98;6736;1356;257;318;355;426;420;6
18089V625292;MOSSEV V/FISKEV 1,2,3,4;EV18 S56D1 m7072;2022-12-01T00:00+01:00;2022-12-02T00:00+01:00;2022-12-01;Totalt i retning Oslo;9115;100,0;24;24;0;1;99,99;7543;1571;280;411;373;507;501;6
18089V625292;MOSSEV V/FISKEV 1,2,3,4;EV18 S56D1 m7072;2022-12-01T00:00+01:00;2022-12-02T00:00+01:00;2022-12-01;Totalt;17209;100,0;24;24;0;3;99,98;14279;2927;537;729;728;933;921;12
18089V625292;MOSSEV V/FISKEV 1,2,3,4;EV18 S56D1 m7072;2022-12-02T00:00+01:00;2022-12-03T00:00+01:00;2022-12-02;1;2102;100,0;24;24;0;0;100,00;2022;80;44;18;9;9;9;0
18089V625292;MOSSEV V/FISKEV 1,2,3,4;EV18 S56D1 m7072;2022-12-02T00:00+01:00;2022-12-03T00:00+01:00;2022-12-02;2;8112;100,0;24;24;0;0;100,00;6925;1187;270;355;258;304;298;6
18089V625292;MOSSEV V/FISKEV 1,2,3,4;EV18 S56D1 m7072;2022-12-02T00:00+01:00;2022-12-03T00:00+01:00;2022-12-02;3;5603;100,0;24;24;0;0;100,00;4488;1115;156;297;314;348;343;5
18089V625292;MOSSEV V/FISKEV 1,2,3,4;EV18 S56D1 m7072;2022-12-02T00:00+01:00;2022-12-03T00:00+01:00;2022-12-02;4;804;100,0;24;24;0;0;100,00;479;325;22;62;103;138;138;0
18089V625292;MOSSEV V/FISKEV 1,2,3,4;EV18 S56D1 m7072;2022-12-02T00:00+01:00;2022-12-03T00:00+01:00;2022-12-02;Totalt i retning Mastemyr;7705;100,0;24;24;0;0;100,00;6510;1195;200;315;323;357;352;5
18089V625292;MOSSEV V/FISKEV 1,2,3,4;EV18 S56D1 m7072;2022-12-02T00:00+01:00;2022-12-03T00:00+01:00;2022-12-02;Totalt i retning Oslo;8916;100,0;24;24;0;0;100,00;7404;1512;292;417;361;442;436;6
18089V625292;MOSSEV V/FISKEV 1,2,3,4;EV18 S56D1 m7072;2022-12-02T00:00+01:00;2022-12-03T00:00+01:00;2022-12-02;Totalt;16621;100,0;24;24;0;0;100,00;13914;2707;492;732;684;799;788;11
18089V625292;MOSSEV V/FISKEV 1,2,3,4;EV18 S56D1 m7072;2022-12-03T00:00+01:00;2022-12-04T00:00+01:00;2022-12-03;1;1607;100,0;24;24;0;0;100,00;1581;26;12;8;4;2;2;0
18089V625292;MOSSEV V/FISKEV 1,2,3,4;EV18 S56D1 m7072;2022-12-03T00:00+01:00;2022-12-04T00:00+01:00;2022-12-03;2;5877;100,0;24;24;0;0;100,00;5582;295;83;71;100;41;41;0
18089V625292;MOSSEV V/FISKEV 1,2,3,4;EV18 S56D1 m7072;2022-12-03T00:00+01:00;2022-12-04T00:00+01:00;2022-12-03;3;4196;100,0;24;24;0;2;99,95;3851;343;76;63;157;47;47;0
18089V625292;MOSSEV V/FISKEV 1,2,3,4;EV18 S56D1 m7072;2022-12-03T00:00+01:00;2022-12-04T00:00+01:00;2022-12-03;4;437;100,0;24;24;0;0;100,00;298;139;6;10;59;64;64;0
18089V625292;MOSSEV V/FISKEV 1,2,3,4;EV18 S56D1 m7072;2022-12-03T00:00+01:00;2022-12-04T00:00+01:00;2022-12-03;Totalt i retning Mastemyr;5803;100,0;24;24;0;2;99,97;5432;369;88;71;161;49;49;0
18089V625292;MOSSEV V/FISKEV 1,2,3,4;EV18 S56D1 m7072;2022-12-03T00:00+01:00;2022-12-04T00:00+01:00;2022-12-03;Totalt i retning Oslo;6314;100,0;24;24;0;0;100,00;5880;434;89;81;159;105;105;0
18089V625292;MOSSEV V/FISKEV 1,2,3,4;EV18 S56D1 m7072;2022-12-03T00:00+01:00;2022-12-04T00:00+01:00;2022-12-03;Totalt;12117;100,0;24;24;0;2;99,98;11312;803;177;152;320;154;154;0
18089V625292;MOSSEV V/FISKEV 1,2,3,4;EV18 S56D1 m7072;2022-12-04T00:00+01:00;2022-12-05T00:00+01:00;2022-12-04;1;1425;100,0;24;24;0;0;100,00;1399;26;13;6;6;1;1;0
18089V625292;MOSSEV V/FISKEV 1,2,3,4;EV18 S56D1 m7072;2022-12-04T00:00+01:00;2022-12-05T00:00+01:00;2022-12-04;2;4436;100,0;24;24;0;980;77,91;2990;466;114;180;75;97;82;15
18089V625292;MOSSEV V/FISKEV 1,2,3,4;EV18 S56D1 m7072;2022-12-04T00:00+01:00;2022-12-05T00:00+01:00;2022-12-04;3;4144;100,0;24;24;0;0;100,00;3842;302;52;110;97;43;43;0
18089V625292;MOSSEV V/FISKEV 1,2,3,4;EV18 S56D1 m7072;2022-12-04T00:00+01:00;2022-12-05T00:00+01:00;2022-12-04;4;406;100,0;24;24;0;0;100,00;279;127;4;40;40;43;43;0
18089V625292;MOSSEV V/FISKEV 1,2,3,4;EV18 S56D1 m7072;2022-12-04T00:00+01:00;2022-12-05T00:00+01:00;2022-12-04;Totalt i retning Mastemyr;6485;100,0;24;24;0;514;92,07;5406;565;123;201;140;101;89;12
18089V625292;MOSSEV V/FISKEV 1,2,3,4;EV18 S56D1 m7072;2022-12-04T00:00+01:00;2022-12-05T00:00+01:00;2022-12-04;Totalt i retning Oslo;3926;100,0;24;24;0;466;88,13;3104;356;60;135;78;83;80;3
18089V625292;MOSSEV V/FISKEV 1,2,3,4;EV18 S56D1 m7072;2022-12-04T00:00+01:00;2022-12-05T00:00+01:00;2022-12-04;Totalt;10411;100,0;24;24;0;980;90,59;8510;921;183;336;218;184;169;15
18089V625292;MOSSEV V/FISKEV 1,2,3,4;EV18 S56D1 m7072;2022-12-05T00:00+01:00;2022-12-06T00:00+01:00;2022-12-05;1;1869;100,0;24;24;0;0;100,00;1773;96;52;16;11;17;17;0
18089V625292;MOSSEV V/FISKEV 1,2,3,4;EV18 S56D1 m7072;2022-12-05T00:00+01:00;2022-12-06T00:00+01:00;2022-12-05;2;7739;100,0;24;24;0;15;99,81;6492;1232;223;351;225;433;431;2
18089V625292;MOSSEV V/FISKEV 1,2,3,4;EV18 S56D1 m7072;2022-12-05T00:00+01:00;2022-12-06T00:00+01:00;2022-12-05;3;5609;100,0;24;24;0;0;100,00;4494;1115;166;289;283;377;373;4
18089V625292;MOSSEV V/FISKEV 1,2,3,4;EV18 S56D1 m7072;2022-12-05T00:00+01:00;2022-12-06T00:00+01:00;2022-12-05;4;983;100,0;24;24;0;0;100,00;678;305;16;54;96;139;139;0
18089V625292;MOSSEV V/FISKEV 1,2,3,4;EV18 S56D1 m7072;2022-12-05T00:00+01:00;2022-12-06T00:00+01:00;2022-12-05;Totalt i retning Mastemyr;7479;100,0;24;24;0;1;99,99;6267;1211;218;305;294;394;390;4
18089V625292;MOSSEV V/FISKEV 1,2,3,4;EV18 S56D1 m7072;2022-12-05T00:00+01:00;2022-12-06T00:00+01:00;2022-12-05;Totalt i retning Oslo;8721;100,0;24;24;0;14;99,84;7170;1537;239;405;321;572;570;2
18089V625292;MOSSEV V/FISKEV 1,2,3,4;EV18 S56D1 m7072;2022-12-05T00:00+01:00;2022-12-06T00:00+01:00;2022-12-05;Totalt;16200;100,0;24;24;0;15;99,91;13437;2748;457;710;615;966;960;6
18089V625292;MOSSEV V/FISKEV 1,2,3,4;EV18 S56D1 m7072;2022-12-06T00:00+01:00;2022-12-07T00:00+01:00;2022-12-06;1;1826;100,0;24;24;0;1;99,95;1739;86;34;17;19;16;16;0
18089V625292;MOSSEV V/FISKEV 1,2,3,4;EV18 S56D1 m7072;2022-12-06T00:00+01:00;2022-12-07T00:00+01:00;2022-12-06;2;7890;100,0;24;24;0;98;98,76;6594;1198;231;342;235;390;386;4
18089V625292;MOSSEV V/FISKEV 1,2,3,4;EV18 S56D1 m7072;2022-12-06T00:00+01:00;2022-12-07T00:00+01:00;2022-12-06;3;6173;100,0;24;24;0;1;99,98;5020;1152;194;315;259;384;380;4
18089V625292;MOSSEV V/FISKEV 1,2,3,4;EV18 S56D1 m7072;2022-12-06T00:00+01:00;2022-12-07T00:00+01:00;2022-12-06;4;1034;100,0;24;24;0;1;99,90;742;291;17;74;70;130;130;0
18089V625292;MOSSEV V/FISKEV 1,2,3,4;EV18 S56D1 m7072;2022-12-06T00:00+01:00;2022-12-07T00:00+01:00;2022-12-06;Totalt i retning Mastemyr;8002;100,0;24;24;0;3;99,96;6759;1240;228;334;278;400;396;4
18089V625292;MOSSEV V/FISKEV 1,2,3,4;EV18 S56D1 m7072;2022-12-06T00:00+01:00;2022-12-07T00:00+01:00;2022-12-06;Totalt i retning Oslo;8921;100,0;24;24;0;98;98,90;7336;1487;248;414;305;520;516;4
18089V625292;MOSSEV V/FISKEV 1,2,3,4;EV18 S56D1 m7072;2022-12-06T00:00+01:00;2022-12-07T00:00+01:00;2022-12-06;Totalt;16923;100,0;24;24;0;101;99,40;14095;2727;476;748;583;920;912;8
18089V625292;MOSSEV V/FISKEV 1,2,3,4;EV18 S56D1 m7072;2022-12-07T00:00+01:00;2022-12-08T00:00+01:00;2022-12-07;1;1870;100,0;24;24;0;0;100,00;1787;83;38;23;16;6;6;0
18089V625292;MOSSEV V/FISKEV 1,2,3,4;EV18 S56D1 m7072;2022-12-07T00:00+01:00;2022-12-08T00:00+01:00;2022-12-07;2;8076;100,0;24;24;0;1;99,99;6839;1236;239;343;223;431;426;5
18089V625292;MOSSEV V/FISKEV 1,2,3,4;EV18 S56D1 m7072;2022-12-07T00:00+01:00;2022-12-08T00:00+01:00;2022-12-07;3;5988;100,0;24;24;0;0;100,00;4828;1160;174;264;314;408;403;5
18089V625292;MOSSEV V/FISKEV 1,2,3,4;EV18 S56D1 m7072;2022-12-07T00:00+01:00;2022-12-08T00:00+01:00;2022-12-07;4;753;100,0;24;24;0;1;99,87;478;274;15;65;67;127;127;0
18089V625292;MOSSEV V/FISKEV 1,2,3,4;EV18 S56D1 m7072;2022-12-07T00:00+01:00;2022-12-08T00:00+01:00;2022-12-07;Totalt i retning Mastemyr;7859;100,0;24;24;0;0;100,00;6615;1244;212;288;330;414;409;5
18089V625292;MOSSEV V/FISKEV 1,2,3,4;EV18 S56D1 m7072;2022-12-07T00:00+01:00;2022-12-08T00:00+01:00;2022-12-07;Totalt i retning Oslo;8828;100,0;24;24;0;2;99,98;7317;1509;254;407;290;558;553;5
18089V625292;MOSSEV V/FISKEV 1,2,3,4;EV18 S56D1 m7072;2022-12-07T00:00+01:00;2022-12-08T00:00+01:00;2022-12-07;Totalt;16687;100,0;24;24;0;2;99,99;13932;2753;466;695;620;972;962;10
18089V625292;MOSSEV V/FISKEV 1,2,3,4;EV18 S56D1 m7072;2022-12-08T00:00+01:00;2022-12-09T00:00+01:00;2022-12-08;1;2044;100,0;24;24;0;0;100,00;1932;112;59;23;18;12;11;1
18089V625292;MOSSEV V/FISKEV 1,2,3,4;EV18 S56D1 m7072;2022-12-08T00:00+01:00;2022-12-09T00:00+01:00;2022-12-08;2;8948;100,0;24;24;0;0;100,00;7597;1351;308;357;232;454;449;5
18089V625292;MOSSEV V/FISKEV 1,2,3,4;EV18 S56D1 m7072;2022-12-08T00:00+01:00;2022-12-09T00:00+01:00;2022-12-08;3;6685;100,0;24;24;0;1;99,99;5426;1258;212;343;290;413;409;4
18089V625292;MOSSEV V/FISKEV 1,2,3,4;EV18 S56D1 m7072;2022-12-08T00:00+01:00;2022-12-09T00:00+01:00;2022-12-08;4;931;100,0;24;24;0;0;100,00;610;321;39;60;94;128;128;0
18089V625292;MOSSEV V/FISKEV 1,2,3,4;EV18 S56D1 m7072;2022-12-08T00:00+01:00;2022-12-09T00:00+01:00;2022-12-08;Totalt i retning Mastemyr;8728;100,0;24;24;0;0;100,00;7358;1370;271;366;308;425;420;5
18089V625292;MOSSEV V/FISKEV 1,2,3,4;EV18 S56D1 m7072;2022-12-08T00:00+01:00;2022-12-09T00:00+01:00;2022-12-08;Totalt i retning Oslo;9880;100,0;24;24;0;1;99,99;8207;1672;347;417;326;582;577;5
18089V625292;MOSSEV V/FISKEV 1,2,3,4;EV18 S56D1 m7072;2022-12-08T00:00+01:00;2022-12-09T00:00+01:00;2022-12-08;Totalt;18608;100,0;24;24;0;1;99,99;15565;3042;618;783;634;1007;997;10
18089V625292;MOSSEV V/FISKEV 1,2,3,4;EV18 S56D1 m7072;2022-12-09T00:00+01:00;2022-12-10T00:00+01:00;2022-12-09;1;2111;100,0;24;24;0;0;100,00;2012;99;53;22;11;13;13;0
18089V625292;MOSSEV V/FISKEV 1,2,3,4;EV18 S56D1 m7072;2022-12-09T00:00+01:00;2022-12-10T00:00+01:00;2022-12-09;2;7951;100,0;24;24;0;0;100,00;6921;1030;213;312;182;323;319;4
18089V625292;MOSSEV V/FISKEV 1,2,3,4;EV18 S56D1 m7072;2022-12-09T00:00+01:00;2022-12-10T00:00+01:00;2022-12-09;3;6091;100,0;24;24;0;1;99,98;5040;1050;183;269;254;344;341;3
18089V625292;MOSSEV V/FISKEV 1,2,3,4;EV18 S56D1 m7072;2022-12-09T00:00+01:00;2022-12-10T00:00+01:00;2022-12-09;4;709;100,0;24;24;0;0;100,00;422;287;9;53;93;132;132;0
18089V625292;MOSSEV V/FISKEV 1,2,3,4;EV18 S56D1 m7072;2022-12-09T00:00+01:00;2022-12-10T00:00+01:00;2022-12-09;Totalt i retning Mastemyr;8202;100,0;24;24;0;1;99,99;7052;1149;236;291;265;357;354;3
18089V625292;MOSSEV V/FISKEV 1,2,3,4;EV18 S56D1 m7072;2022-12-09T00:00+01:00;2022-12-10T00:00+01:00;2022-12-09;Totalt i retning Oslo;8660;100,0;24;24;0;0;100,00;7343;1317;222;365;275;455;451;4
18089V625292;MOSSEV V/FISKEV 1,2,3,4;EV18 S56D1 m7072;2022-12-09T00:00+01:00;2022-12-10T00:00+01:00;2022-12-09;Totalt;16862;100,0;24;24;0;1;99,99;14395;2466;458;656;540;812;805;7
18089V625292;MOSSEV V/FISKEV 1,2,3,4;EV18 S56D1 m7072;2022-12-10T00:00+01:00;2022-12-11T00:00+01:00;2022-12-10;1;1427;100,0;24;24;0;0;100,00;1398;29;12;7;7;3;3;0
18089V625292;MOSSEV V/FISKEV 1,2,3,4;EV18 S56D1 m7072;2022-12-10T00:00+01:00;2022-12-11T00:00+01:00;2022-12-10;2;5956;100,0;24;24;0;0;100,00;5686;270;69;74;94;33;33;0
18089V625292;MOSSEV V/FISKEV 1,2,3,4;EV18 S56D1 m7072;2022-12-10T00:00+01:00;2022-12-11T00:00+01:00;2022-12-10;3;4191;100,0;24;24;0;1;99,98;3870;320;67;69;135;49;49;0
18089V625292;MOSSEV V/FISKEV 1,2,3,4;EV18 S56D1 m7072;2022-12-10T00:00+01:00;2022-12-11T00:00+01:00;2022-12-10;4;436;100,0;24;24;0;0;100,00;281;155;6;19;62;68;68;0
18089V625292;MOSSEV V/FISKEV 1,2,3,4;EV18 S56D1 m7072;2022-12-10T00:00+01:00;2022-12-11T00:00+01:00;2022-12-10;Totalt i retning Mastemyr;5618;100,0;24;24;0;1;99,98;5268;349;79;76;142;52;52;0
18089V625292;MOSSEV V/FISKEV 1,2,3,4;EV18 S56D1 m7072;2022-12-10T00:00+01:00;2022-12-11T00:00+01:00;2022-12-10;Totalt i retning Oslo;6392;100,0;24;24;0;0;100,00;5967;425;75;93;156;101;101;0
18089V625292;MOSSEV V/FISKEV 1,2,3,4;EV18 S56D1 m7072;2022-12-10T00:00+01:00;2022-12-11T00:00+01:00;2022-12-10;Totalt;12010;100,0;24;24;0;1;99,99;11235;774;154;169;298;153;153;0
18089V625292;MOSSEV V/FISKEV 1,2,3,4;EV18 S56D1 m7072;2022-12-11T00:00+01:00;2022-12-12T00:00+01:00;2022-12-11;1;1416;100,0;24;24;0;0;100,00;1394;22;5;9;8;0;0;0
18089V625292;MOSSEV V/FISKEV 1,2,3,4;EV18 S56D1 m7072;2022-12-11T00:00+01:00;2022-12-12T00:00+01:00;2022-12-11;2;6104;100,0;24;24;0;0;100,00;5840;264;56;72;55;81;80;1
18089V625292;MOSSEV V/FISKEV 1,2,3,4;EV18 S56D1 m7072;2022-12-11T00:00+01:00;2022-12-12T00:00+01:00;2022-12-11;3;4442;100,0;24;24;0;2;99,95;4129;311;46;114;92;59;59;0
18089V625292;MOSSEV V/FISKEV 1,2,3,4;EV18 S56D1 m7072;2022-12-11T00:00+01:00;2022-12-12T00:00+01:00;2022-12-11;4;394;100,0;24;24;0;0;100,00;266;128;3;44;36;45;45;0
18089V625292;MOSSEV V/FISKEV 1,2,3,4;EV18 S56D1 m7072;2022-12-11T00:00+01:00;2022-12-12T00:00+01:00;2022-12-11;Totalt i retning Mastemyr;5858;100,0;24;24;0;2;99,97;5523;333;51;123;100;59;59;0
18089V625292;MOSSEV V/FISKEV 1,2,3,4;EV18 S56D1 m7072;2022-12-11T00:00+01:00;2022-12-12T00:00+01:00;2022-12-11;Totalt i retning Oslo;6498;100,0;24;24;0;0;100,00;6106;392;59;116;91;126;125;1
18089V625292;MOSSEV V/FISKEV 1,2,3,4;EV18 S56D1 m7072;2022-12-11T00:00+01:00;2022-12-12T00:00+01:00;2022-12-11;Totalt;12356;100,0;24;24;0;2;99,98;11629;725;110;239;191;185;184;1
18089V625292;MOSSEV V/FISKEV 1,2,3,4;EV18 S56D1 m7072;2022-12-12T00:00+01:00;2022-12-13T00:00+01:00;2022-12-12;1;1799;100,0;24;24;0;0;100,00;1722;77;32;17;19;9;9;0
18089V625292;MOSSEV V/FISKEV 1,2,3,4;EV18 S56D1 m7072;2022-12-12T00:00+01:00;2022-12-13T00:00+01:00;2022-12-12;2;8019;100,0;24;24;0;0;100,00;6768;1251;246;347;215;443;437;6
18089V625292;MOSSEV V/FISKEV 1,2,3,4;EV18 S56D1 m7072;2022-12-12T00:00+01:00;2022-12-13T00:00+01:00;2022-12-12;3;5898;100,0;24;24;0;4;99,93;4746;1148;203;292;251;402;390;12
18089V625292;MOSSEV V/FISKEV 1,2,3,4;EV18 S56D1 m7072;2022-12-12T00:00+01:00;2022-12-13T00:00+01:00;2022-12-12;4;905;100,0;24;24;0;1;99,89;617;287;16;66;80;125;125;0
18089V625292;MOSSEV V/FISKEV 1,2,3,4;EV18 S56D1 m7072;2022-12-12T00:00+01:00;2022-12-13T00:00+01:00;2022-12-12;Totalt i retning Mastemyr;7698;100,0;24;24;0;4;99,95;6468;1226;235;310;270;411;399;12
18089V625292;MOSSEV V/FISKEV 1,2,3,4;EV18 S56D1 m7072;2022-12-12T00:00+01:00;2022-12-13T00:00+01:00;2022-12-12;Totalt i retning Oslo;8923;100,0;24;24;0;1;99,99;7385;1537;262;412;295;568;562;6
18089V625292;MOSSEV V/FISKEV 1,2,3,4;EV18 S56D1 m7072;2022-12-12T00:00+01:00;2022-12-13T00:00+01:00;2022-12-12;Totalt;16621;100,0;24;24;0;5;99,97;13853;2763;497;722;565;979;961;18
18089V625292;MOSSEV V/FISKEV 1,2,3,4;EV18 S56D1 m7072;2022-12-13T00:00+01:00;2022-12-14T00:00+01:00;2022-12-13;1;1394;100,0;24;24;0;0;100,00;1308;86;36;21;15;14;13;1
18089V625292;MOSSEV V/FISKEV 1,2,3,4;EV18 S56D1 m7072;2022-12-13T00:00+01:00;2022-12-14T00:00+01:00;2022-12-13;2;8449;100,0;24;24;0;0;100,00;7152;1297;279;344;203;471;463;8
18089V625292;MOSSEV V/FISKEV 1,2,3,4;EV18 S56D1 m7072;2022-12-13T00:00+01:00;2022-12-14T00:00+01:00;2022-12-13;3;8836;100,0;24;24;0;0;100,00;7392;1444;263;392;271;518;511;7
18089V625292;MOSSEV V/FISKEV 1,2,3,4;EV18 S56D1 m7072;2022-12-13T00:00+01:00;2022-12-14T00:00+01:00;2022-12-13;4;715;100,0;24;24;0;0;100,00;463;252;10;60;70;112;112;0
18089V625292;MOSSEV V/FISKEV 1,2,3,4;EV18 S56D1 m7072;2022-12-13T00:00+01:00;2022-12-14T00:00+01:00;2022-12-13;Totalt i retning Mastemyr;10229;100,0;24;24;0;0;100,00;8700;1529;299;412;286;532;524;8
18089V625292;MOSSEV V/FISKEV 1,2,3,4;EV18 S56D1 m7072;2022-12-13T00:00+01:00;2022-12-14T00:00+01:00;2022-12-13;Totalt i retning Oslo;9165;100,0;24;24;0;0;100,00;7615;1550;289;405;273;583;575;8
18089V625292;MOSSEV V/FISKEV 1,2,3,4;EV18 S56D1 m7072;2022-12-13T00:00+01:00;2022-12-14T00:00+01:00;2022-12-13;Totalt;19394;100,0;24;24;0;0;100,00;16315;3079;588;817;559;1115;1099;16
18089V625292;MOSSEV V/FISKEV 1,2,3,4;EV18 S56D1 m7072;2022-12-14T00:00+01:00;2022-12-15T00:00+01:00;2022-12-14;1;2177;100,0;24;24;0;0;100,00;2043;134;67;24;20;23;23;0
18089V625292;MOSSEV V/FISKEV 1,2,3,4;EV18 S56D1 m7072;2022-12-14T00:00+01:00;2022-12-15T00:00+01:00;2022-12-14;2;7926;100,0;24;24;0;4;99,95;6728;1194;252;310;202;430;426;4
18089V625292;MOSSEV V/FISKEV 1,2,3,4;EV18 S56D1 m7072;2022-12-14T00:00+01:00;2022-12-15T00:00+01:00;2022-12-14;3;6578;100,0;24;24;0;2;99,97;5337;1239;225;314;256;444;437;7
18089V625292;MOSSEV V/FISKEV 1,2,3,4;EV18 S56D1 m7072;2022-12-14T00:00+01:00;2022-12-15T00:00+01:00;2022-12-14;4;863;100,0;24;24;0;0;100,00;615;248;20;62;84;82;82;0
18089V625292;MOSSEV V/FISKEV 1,2,3,4;EV18 S56D1 m7072;2022-12-14T00:00+01:00;2022-12-15T00:00+01:00;2022-12-14;Totalt i retning Mastemyr;8754;100,0;24;24;0;1;99,99;7381;1372;292;337;276;467;460;7
18089V625292;MOSSEV V/FISKEV 1,2,3,4;EV18 S56D1 m7072;2022-12-14T00:00+01:00;2022-12-15T00:00+01:00;2022-12-14;Totalt i retning Oslo;8790;100,0;24;24;0;5;99,94;7342;1443;272;373;286;512;508;4
18089V625292;MOSSEV V/FISKEV 1,2,3,4;EV18 S56D1 m7072;2022-12-14T00:00+01:00;2022-12-15T00:00+01:00;2022-12-14;Totalt;17544;100,0;24;24;0;6;99,97;14723;2815;564;710;562;979;968;11
18089V625292;MOSSEV V/FISKEV 1,2,3,4;EV18 S56D1 m7072;2022-12-15T00:00+01:00;2022-12-16T00:00+01:00;2022-12-15;1;2171;100,0;24;24;0;0;100,00;2068;103;52;26;16;9;9;0
18089V625292;MOSSEV V/FISKEV 1,2,3,4;EV18 S56D1 m7072;2022-12-15T00:00+01:00;2022-12-16T00:00+01:00;2022-12-15;2;8436;100,0;24;24;0;0;100,00;7267;1169;281;320;138;430;428;2
18089V625292;MOSSEV V/FISKEV 1,2,3,4;EV18 S56D1 m7072;2022-12-15T00:00+01:00;2022-12-16T00:00+01:00;2022-12-15;3;6830;100,0;24;24;0;5;99,93;5606;1219;204;310;242;463;460;3
18089V625292;MOSSEV V/FISKEV 1,2,3,4;EV18 S56D1 m7072;2022-12-15T00:00+01:00;2022-12-16T00:00+01:00;2022-12-15;4;806;100,0;24;24;0;0;100,00;515;291;13;63;112;103;103;0
18089V625292;MOSSEV V/FISKEV 1,2,3,4;EV18 S56D1 m7072;2022-12-15T00:00+01:00;2022-12-16T00:00+01:00;2022-12-15;Totalt i retning Mastemyr;9000;100,0;24;24;0;4;99,96;7674;1322;256;336;258;472;469;3
18089V625292;MOSSEV V/FISKEV 1,2,3,4;EV18 S56D1 m7072;2022-12-15T00:00+01:00;2022-12-16T00:00+01:00;2022-12-15;Totalt i retning Oslo;9243;100,0;24;24;0;1;99,99;7782;1460;294;383;250;533;531;2
18089V625292;MOSSEV V/FISKEV 1,2,3,4;EV18 S56D1 m7072;2022-12-15T00:00+01:00;2022-12-16T00:00+01:00;2022-12-15;Totalt;18243;100,0;24;24;0;5;99,97;15456;2782;550;719;508;1005;1000;5
18089V625292;MOSSEV V/FISKEV 1,2,3,4;EV18 S56D1 m7072;2022-12-16T00:00+01:00;2022-12-17T00:00+01:00;2022-12-16;1;2024;100,0;24;24;0;0;100,00;1924;100;35;25;26;14;14;0
18089V625292;MOSSEV V/FISKEV 1,2,3,4;EV18 S56D1 m7072;2022-12-16T00:00+01:00;2022-12-17T00:00+01:00;2022-12-16;2;8175;100,0;24;24;0;0;100,00;7112;1063;248;303;189;323;319;4
18089V625292;MOSSEV V/FISKEV 1,2,3,4;EV18 S56D1 m7072;2022-12-16T00:00+01:00;2022-12-17T00:00+01:00;2022-12-16;3;6703;100,0;24;24;0;1;99,99;5667;1035;185;262;242;346;345;1
18089V625292;MOSSEV V/FISKEV 1,2,3,4;EV18 S56D1 m7072;2022-12-16T00:00+01:00;2022-12-17T00:00+01:00;2022-12-16;4;603;100,0;24;24;0;0;100,00;372;231;11;41;90;89;89;0
18089V625292;MOSSEV V/FISKEV 1,2,3,4;EV18 S56D1 m7072;2022-12-16T00:00+01:00;2022-12-17T00:00+01:00;2022-12-16;Totalt i retning Mastemyr;8727;100,0;24;24;0;1;99,99;7591;1135;220;287;268;360;359;1
18089V625292;MOSSEV V/FISKEV 1,2,3,4;EV18 S56D1 m7072;2022-12-16T00:00+01:00;2022-12-17T00:00+01:00;2022-12-16;Totalt i retning Oslo;8778;100,0;24;24;0;0;100,00;7484;1294;259;344;279;412;408;4
18089V625292;MOSSEV V/FISKEV 1,2,3,4;EV18 S56D1 m7072;2022-12-16T00:00+01:00;2022-12-17T00:00+01:00;2022-12-16;Totalt;17505;100,0;24;24;0;1;99,99;15075;2429;479;631;547;772;767;5
18089V625292;MOSSEV V/FISKEV 1,2,3,4;EV18 S56D1 m7072;2022-12-17T00:00+01:00;2022-12-18T00:00+01:00;2022-12-17;1;4583;100,0;24;24;0;4;99,91;4468;111;16;60;27;8;8;0
18089V625292;MOSSEV V/FISKEV 1,2,3,4;EV18 S56D1 m7072;2022-12-17T00:00+01:00;2022-12-18T00:00+01:00;2022-12-17;2;6054;100,0;24;24;0;7;99,88;5755;292;70;96;77;49;49;0
18089V625292;MOSSEV V/FISKEV 1,2,3,4;EV18 S56D1 m7072;2022-12-17T00:00+01:00;2022-12-18T00:00+01:00;2022-12-17;3;5465;100,0;24;24;0;1;99,98;5195;269;43;68;98;60;60;0
18089V625292;MOSSEV V/FISKEV 1,2,3,4;EV18 S56D1 m7072;2022-12-17T00:00+01:00;2022-12-18T00:00+01:00;2022-12-17;4;467;100,0;24;24;0;0;100,00;363;104;5;20;35;44;44;0
18089V625292;MOSSEV V/FISKEV 1,2,3,4;EV18 S56D1 m7072;2022-12-17T00:00+01:00;2022-12-18T00:00+01:00;2022-12-17;Totalt i retning Mastemyr;10049;100,0;24;24;0;4;99,96;9664;381;60;128;125;68;68;0
18089V625292;MOSSEV V/FISKEV 1,2,3,4;EV18 S56D1 m7072;2022-12-17T00:00+01:00;2022-12-18T00:00+01:00;2022-12-17;Totalt i retning Oslo;6520;100,0;24;24;0;8;99,88;6117;395;74;116;112;93;93;0
18089V625292;MOSSEV V/FISKEV 1,2,3,4;EV18 S56D1 m7072;2022-12-17T00:00+01:00;2022-12-18T00:00+01:00;2022-12-17;Totalt;16569;100,0;24;24;0;12;99,93;15781;776;134;244;237;161;161;0
18089V625292;MOSSEV V/FISKEV 1,2,3,4;EV18 S56D1 m7072;2022-12-18T00:00+01:00;2022-12-19T00:00+01:00;2022-12-18;1;1792;100,0;24;24;0;0;100,00;1765;27;18;3;5;1;1;0
18089V625292;MOSSEV V/FISKEV 1,2,3,4;EV18 S56D1 m7072;2022-12-18T00:00+01:00;2022-12-19T00:00+01:00;2022-12-18;2;5869;100,0;24;24;0;0;100,00;5563;306;68;90;69;79;78;1
18089V625292;MOSSEV V/FISKEV 1,2,3,4;EV18 S56D1 m7072;2022-12-18T00:00+01:00;2022-12-19T00:00+01:00;2022-12-18;3;4777;100,0;24;24;0;4;99,92;4425;348;58;89;110;91;91;0
18089V625292;MOSSEV V/FISKEV 1,2,3,4;EV18 S56D1 m7072;2022-12-18T00:00+01:00;2022-12-19T00:00+01:00;2022-12-18;4;257;100,0;24;24;0;0;100,00;157;100;2;19;36;43;43;0
18089V625292;MOSSEV V/FISKEV 1,2,3,4;EV18 S56D1 m7072;2022-12-18T00:00+01:00;2022-12-19T00:00+01:00;2022-12-18;Totalt i retning Mastemyr;6569;100,0;24;24;0;4;99,94;6190;375;76;92;115;92;92;0
18089V625292;MOSSEV V/FISKEV 1,2,3,4;EV18 S56D1 m7072;2022-12-18T00:00+01:00;2022-12-19T00:00+01:00;2022-12-18;Totalt i retning Oslo;6126;100,0;24;24;0;0;100,00;5720;406;70;109;105;122;121;1
18089V625292;MOSSEV V/FISKEV 1,2,3,4;EV18 S56D1 m7072;2022-12-18T00:00+01:00;2022-12-19T00:00+01:00;2022-12-18;Totalt;12695;100,0;24;24;0;4;99,97;11910;781;146;201;220;214;213;1
18089V625292;MOSSEV V/FISKEV 1,2,3,4;EV18 S56D1 m7072;2022-12-19T00:00+01:00;2022-12-20T00:00+01:00;2022-12-19;1;1633;100,0;24;24;0;0;100,00;1533;100;45;23;14;18;18;0
18089V625292;MOSSEV V/FISKEV 1,2,3,4;EV18 S56D1 m7072;2022-12-19T00:00+01:00;2022-12-20T00:00+01:00;2022-12-19;2;8088;100,0;24;24;0;0;100,00;6806;1282;247;340;222;473;467;6
18089V625292;MOSSEV V/FISKEV 1,2,3,4;EV18 S56D1 m7072;2022-12-19T00:00+01:00;2022-12-20T00:00+01:00;2022-12-19;3;7291;100,0;24;24;0;5;99,93;5985;1301;199;327;301;474;465;9
18089V625292;MOSSEV V/FISKEV 1,2,3,4;EV18 S56D1 m7072;2022-12-19T00:00+01:00;2022-12-20T00:00+01:00;2022-12-19;4;699;100,0;24;24;0;0;100,00;445;254;16;65;75;98;98;0
18089V625292;MOSSEV V/FISKEV 1,2,3,4;EV18 S56D1 m7072;2022-12-19T00:00+01:00;2022-12-20T00:00+01:00;2022-12-19;Totalt i retning Mastemyr;8923;100,0;24;24;0;5;99,94;7518;1400;244;349;315;492;483;9
18089V625292;MOSSEV V/FISKEV 1,2,3,4;EV18 S56D1 m7072;2022-12-19T00:00+01:00;2022-12-20T00:00+01:00;2022-12-19;Totalt i retning Oslo;8788;100,0;24;24;0;0;100,00;7251;1537;263;406;297;571;565;6
18089V625292;MOSSEV V/FISKEV 1,2,3,4;EV18 S56D1 m7072;2022-12-19T00:00+01:00;2022-12-20T00:00+01:00;2022-12-19;Totalt;17711;100,0;24;24;0;5;99,97;14769;2937;507;755;612;1063;1048;15
18089V625292;MOSSEV V/FISKEV 1,2,3,4;EV18 S56D1 m7072;2022-12-20T00:00+01:00;2022-12-21T00:00+01:00;2022-12-20;1;2199;100,0;24;24;0;0;100,00;2079;120;54;26;19;21;21;0
18089V625292;MOSSEV V/FISKEV 1,2,3,4;EV18 S56D1 m7072;2022-12-20T00:00+01:00;2022-12-21T00:00+01:00;2022-12-20;2;8123;100,0;24;24;0;0;100,00;6951;1172;250;337;196;389;384;5
18089V625292;MOSSEV V/FISKEV 1,2,3,4;EV18 S56D1 m7072;2022-12-20T00:00+01:00;2022-12-21T00:00+01:00;2022-12-20;3;6394;100,0;24;24;0;4;99,94;5285;1105;164;315;254;372;368;4
18089V625292;MOSSEV V/FISKEV 1,2,3,4;EV18 S56D1 m7072;2022-12-20T00:00+01:00;2022-12-21T00:00+01:00;2022-12-20;4;762;100,0;24;24;0;0;100,00;503;259;13;71;72;103;103;0
18089V625292;MOSSEV V/FISKEV 1,2,3,4;EV18 S56D1 m7072;2022-12-20T00:00+01:00;2022-12-21T00:00+01:00;2022-12-20;Totalt i retning Mastemyr;8592;100,0;24;24;0;3;99,97;7364;1225;218;341;273;393;389;4
18089V625292;MOSSEV V/FISKEV 1,2,3,4;EV18 S56D1 m7072;2022-12-20T00:00+01:00;2022-12-21T00:00+01:00;2022-12-20;Totalt i retning Oslo;8886;100,0;24;24;0;1;99,99;7454;1431;263;408;268;492;487;5
18089V625292;MOSSEV V/FISKEV 1,2,3,4;EV18 S56D1 m7072;2022-12-20T00:00+01:00;2022-12-21T00:00+01:00;2022-12-20;Totalt;17478;100,0;24;24;0;4;99,98;14818;2656;481;749;541;885;876;9
18089V625292;MOSSEV V/FISKEV 1,2,3,4;EV18 S56D1 m7072;2022-12-21T00:00+01:00;2022-12-22T00:00+01:00;2022-12-21;1;2462;100,0;24;24;0;0;100,00;2371;91;40;27;11;13;13;0
18089V625292;MOSSEV V/FISKEV 1,2,3,4;EV18 S56D1 m7072;2022-12-21T00:00+01:00;2022-12-22T00:00+01:00;2022-12-21;2;8663;100,0;24;24;0;0;100,00;7559;1104;234;335;159;376;371;5
18089V625292;MOSSEV V/FISKEV 1,2,3,4;EV18 S56D1 m7072;2022-12-21T00:00+01:00;2022-12-22T00:00+01:00;2022-12-21;3;6792;100,0;24;24;0;0;100,00;5682;1110;184;315;256;355;350;5
18089V625292;MOSSEV V/FISKEV 1,2,3,4;EV18 S56D1 m7072;2022-12-21T00:00+01:00;2022-12-22T00:00+01:00;2022-12-21;4;714;100,0;24;24;0;0;100,00;444;270;6;72;87;105;105;0
18089V625292;MOSSEV V/FISKEV 1,2,3,4;EV18 S56D1 m7072;2022-12-21T00:00+01:00;2022-12-22T00:00+01:00;2022-12-21;Totalt i retning Mastemyr;9256;100,0;24;24;0;0;100,00;8053;1203;224;344;267;368;363;5
18089V625292;MOSSEV V/FISKEV 1,2,3,4;EV18 S56D1 m7072;2022-12-21T00:00+01:00;2022-12-22T00:00+01:00;2022-12-21;Totalt i retning Oslo;9375;100,0;24;24;0;0;100,00;8003;1372;240;405;246;481;476;5
18089V625292;MOSSEV V/FISKEV 1,2,3,4;EV18 S56D1 m7072;2022-12-21T00:00+01:00;2022-12-22T00:00+01:00;2022-12-21;Totalt;18631;100,0;24;24;0;0;100,00;16056;2575;464;749;513;849;839;10
18089V625292;MOSSEV V/FISKEV 1,2,3,4;EV18 S56D1 m7072;2022-12-22T00:00+01:00;2022-12-23T00:00+01:00;2022-12-22;1;2379;100,0;24;24;0;0;100,00;2273;106;47;25;16;18;18;0
18089V625292;MOSSEV V/FISKEV 1,2,3,4;EV18 S56D1 m7072;2022-12-22T00:00+01:00;2022-12-23T00:00+01:00;2022-12-22;2;8730;100,0;24;24;0;0;100,00;7767;963;234;308;122;299;296;3
18089V625292;MOSSEV V/FISKEV 1,2,3,4;EV18 S56D1 m7072;2022-12-22T00:00+01:00;2022-12-23T00:00+01:00;2022-12-22;3;6172;100,0;24;24;0;6;99,90;5226;940;157;289;200;294;292;2
18089V625292;MOSSEV V/FISKEV 1,2,3,4;EV18 S56D1 m7072;2022-12-22T00:00+01:00;2022-12-23T00:00+01:00;2022-12-22;4;698;100,0;24;24;0;0;100,00;440;258;13;64;88;93;93;0
18089V625292;MOSSEV V/FISKEV 1,2,3,4;EV18 S56D1 m7072;2022-12-22T00:00+01:00;2022-12-23T00:00+01:00;2022-12-22;Totalt i retning Mastemyr;8550;100,0;24;24;0;5;99,94;7499;1046;204;314;216;312;310;2
18089V625292;MOSSEV V/FISKEV 1,2,3,4;EV18 S56D1 m7072;2022-12-22T00:00+01:00;2022-12-23T00:00+01:00;2022-12-22;Totalt i retning Oslo;9429;100,0;24;24;0;1;99,99;8207;1221;247;372;210;392;389;3
18089V625292;MOSSEV V/FISKEV 1,2,3,4;EV18 S56D1 m7072;2022-12-22T00:00+01:00;2022-12-23T00:00+01:00;2022-12-22;Totalt;17979;100,0;24;24;0;6;99,97;15706;2267;451;686;426;704;699;5
18089V625292;MOSSEV V/FISKEV 1,2,3,4;EV18 S56D1 m7072;2022-12-23T00:00+01:00;2022-12-24T00:00+01:00;2022-12-23;1;2235;100,0;24;24;0;0;100,00;2150;85;36;13;22;14;13;1
18089V625292;MOSSEV V/FISKEV 1,2,3,4;EV18 S56D1 m7072;2022-12-23T00:00+01:00;2022-12-24T00:00+01:00;2022-12-23;2;6858;100,0;24;24;0;0;100,00;6221;637;153;203;116;165;164;1
18089V625292;MOSSEV V/FISKEV 1,2,3,4;EV18 S56D1 m7072;2022-12-23T00:00+01:00;2022-12-24T00:00+01:00;2022-12-23;3;5477;100,0;24;24;0;5;99,91;4753;719;125;189;179;226;224;2
18089V625292;MOSSEV V/FISKEV 1,2,3,4;EV18 S56D1 m7072;2022-12-23T00:00+01:00;2022-12-24T00:00+01:00;2022-12-23;4;536;100,0;24;24;0;0;100,00;283;253;9;56;82;106;106;0
18089V625292;MOSSEV V/FISKEV 1,2,3,4;EV18 S56D1 m7072;2022-12-23T00:00+01:00;2022-12-24T00:00+01:00;2022-12-23;Totalt i retning Mastemyr;7712;100,0;24;24;0;5;99,94;6903;804;161;202;201;240;237;3
18089V625292;MOSSEV V/FISKEV 1,2,3,4;EV18 S56D1 m7072;2022-12-23T00:00+01:00;2022-12-24T00:00+01:00;2022-12-23;Totalt i retning Oslo;7394;100,0;24;24;0;0;100,00;6504;890;162;259;198;271;270;1
18089V625292;MOSSEV V/FISKEV 1,2,3,4;EV18 S56D1 m7072;2022-12-23T00:00+01:00;2022-12-24T00:00+01:00;2022-12-23;Totalt;15106;100,0;24;24;0;5;99,97;13407;1694;323;461;399;511;507;4
18089V625292;MOSSEV V/FISKEV 1,2,3,4;EV18 S56D1 m7072;2022-12-24T00:00+01:00;2022-12-25T00:00+01:00;2022-12-24;1;1084;100,0;24;24;0;0;100,00;1069;15;5;1;4;5;5;0
18089V625292;MOSSEV V/FISKEV 1,2,3,4;EV18 S56D1 m7072;2022-12-24T00:00+01:00;2022-12-25T00:00+01:00;2022-12-24;2;4452;100,0;24;24;0;0;100,00;4351;101;31;34;27;9;9;0
18089V625292;MOSSEV V/FISKEV 1,2,3,4;EV18 S56D1 m7072;2022-12-24T00:00+01:00;2022-12-25T00:00+01:00;2022-12-24;3;3272;100,0;24;24;0;1;99,97;3116;155;19;38;56;42;42;0
18089V625292;MOSSEV V/FISKEV 1,2,3,4;EV18 S56D1 m7072;2022-12-24T00:00+01:00;2022-12-25T00:00+01:00;2022-12-24;4;287;100,0;24;24;0;1;99,65;177;109;2;14;25;68;68;0
18089V625292;MOSSEV V/FISKEV 1,2,3,4;EV18 S56D1 m7072;2022-12-24T00:00+01:00;2022-12-25T00:00+01:00;2022-12-24;Totalt i retning Mastemyr;4356;100,0;24;24;0;1;99,98;4185;170;24;39;60;47;47;0
18089V625292;MOSSEV V/FISKEV 1,2,3,4;EV18 S56D1 m7072;2022-12-24T00:00+01:00;2022-12-25T00:00+01:00;2022-12-24;Totalt i retning Oslo;4739;100,0;24;24;0;1;99,98;4528;210;33;48;52;77;77;0
18089V625292;MOSSEV V/FISKEV 1,2,3,4;EV18 S56D1 m7072;2022-12-24T00:00+01:00;2022-12-25T00:00+01:00;2022-12-24;Totalt;9095;100,0;24;24;0;2;99,98;8713;380;57;87;112;124;124;0
18089V625292;MOSSEV V/FISKEV 1,2,3,4;EV18 S56D1 m7072;2022-12-25T00:00+01:00;2022-12-26T00:00+01:00;2022-12-25;1;602;100,0;24;24;0;0;100,00;592;10;3;3;4;0;0;0
18089V625292;MOSSEV V/FISKEV 1,2,3,4;EV18 S56D1 m7072;2022-12-25T00:00+01:00;2022-12-26T00:00+01:00;2022-12-25;2;4223;100,0;24;24;0;1;99,98;4124;98;12;31;40;15;15;0
18089V625292;MOSSEV V/FISKEV 1,2,3,4;EV18 S56D1 m7072;2022-12-25T00:00+01:00;2022-12-26T00:00+01:00;2022-12-25;3;3481;100,0;24;24;0;1;99,97;3326;154;13;35;72;34;34;0
18089V625292;MOSSEV V/FISKEV 1,2,3,4;EV18 S56D1 m7072;2022-12-25T00:00+01:00;2022-12-26T00:00+01:00;2022-12-25;4;224;100,0;24;24;0;0;100,00;123;101;3;26;35;37;37;0
18089V625292;MOSSEV V/FISKEV 1,2,3,4;EV18 S56D1 m7072;2022-12-25T00:00+01:00;2022-12-26T00:00+01:00;2022-12-25;Totalt i retning Mastemyr;4083;100,0;24;24;0;1;99,98;3918;164;16;38;76;34;34;0
18089V625292;MOSSEV V/FISKEV 1,2,3,4;EV18 S56D1 m7072;2022-12-25T00:00+01:00;2022-12-26T00:00+01:00;2022-12-25;Totalt i retning Oslo;4447;100,0;24;24;0;1;99,98;4247;199;15;57;75;52;52;0
18089V625292;MOSSEV V/FISKEV 1,2,3,4;EV18 S56D1 m7072;2022-12-25T00:00+01:00;2022-12-26T00:00+01:00;2022-12-25;Totalt;8530;100,0;24;24;0;2;99,98;8165;363;31;95;151;86;86;0
18089V625292;MOSSEV V/FISKEV 1,2,3,4;EV18 S56D1 m7072;2022-12-26T00:00+01:00;2022-12-27T00:00+01:00;2022-12-26;1;861;100,0;24;24;0;0;100,00;843;18;4;5;8;1;1;0
18089V625292;MOSSEV V/FISKEV 1,2,3,4;EV18 S56D1 m7072;2022-12-26T00:00+01:00;2022-12-27T00:00+01:00;2022-12-26;2;4370;100,0;24;24;0;1;99,98;4187;182;31;39;62;50;48;2
18089V625292;MOSSEV V/FISKEV 1,2,3,4;EV18 S56D1 m7072;2022-12-26T00:00+01:00;2022-12-27T00:00+01:00;2022-12-26;3;3195;100,0;24;24;0;0;100,00;2957;238;23;55;94;66;65;1
18089V625292;MOSSEV V/FISKEV 1,2,3,4;EV18 S56D1 m7072;2022-12-26T00:00+01:00;2022-12-27T00:00+01:00;2022-12-26;4;240;100,0;24;24;0;0;100,00;133;107;3;28;42;34;34;0
18089V625292;MOSSEV V/FISKEV 1,2,3,4;EV18 S56D1 m7072;2022-12-26T00:00+01:00;2022-12-27T00:00+01:00;2022-12-26;Totalt i retning Mastemyr;4056;100,0;24;24;0;0;100,00;3800;256;27;60;102;67;66;1
18089V625292;MOSSEV V/FISKEV 1,2,3,4;EV18 S56D1 m7072;2022-12-26T00:00+01:00;2022-12-27T00:00+01:00;2022-12-26;Totalt i retning Oslo;4610;100,0;24;24;0;1;99,98;4320;289;34;67;104;84;82;2
18089V625292;MOSSEV V/FISKEV 1,2,3,4;EV18 S56D1 m7072;2022-12-26T00:00+01:00;2022-12-27T00:00+01:00;2022-12-26;Totalt;8666;100,0;24;24;0;1;99,99;8120;545;61;127;206;151;148;3
18089V625292;MOSSEV V/FISKEV 1,2,3,4;EV18 S56D1 m7072;2022-12-27T00:00+01:00;2022-12-28T00:00+01:00;2022-12-27;1;809;100,0;24;24;0;0;100,00;773;36;10;13;8;5;5;0
18089V625292;MOSSEV V/FISKEV 1,2,3,4;EV18 S56D1 m7072;2022-12-27T00:00+01:00;2022-12-28T00:00+01:00;2022-12-27;2;6246;100,0;24;24;0;1;99,98;5586;659;131;208;134;186;185;1
18089V625292;MOSSEV V/FISKEV 1,2,3,4;EV18 S56D1 m7072;2022-12-27T00:00+01:00;2022-12-28T00:00+01:00;2022-12-27;3;5045;100,0;24;24;0;2;99,96;4341;702;114;201;167;220;214;6
18089V625292;MOSSEV V/FISKEV 1,2,3,4;EV18 S56D1 m7072;2022-12-27T00:00+01:00;2022-12-28T00:00+01:00;2022-12-27;4;402;100,0;24;24;0;0;100,00;203;199;3;53;48;95;95;0
18089V625292;MOSSEV V/FISKEV 1,2,3,4;EV18 S56D1 m7072;2022-12-27T00:00+01:00;2022-12-28T00:00+01:00;2022-12-27;Totalt i retning Mastemyr;5854;100,0;24;24;0;2;99,97;5114;738;124;214;175;225;219;6
18089V625292;MOSSEV V/FISKEV 1,2,3,4;EV18 S56D1 m7072;2022-12-27T00:00+01:00;2022-12-28T00:00+01:00;2022-12-27;Totalt i retning Oslo;6648;100,0;24;24;0;1;99,98;5789;858;134;261;182;281;280;1
18089V625292;MOSSEV V/FISKEV 1,2,3,4;EV18 S56D1 m7072;2022-12-27T00:00+01:00;2022-12-28T00:00+01:00;2022-12-27;Totalt;12502;100,0;24;24;0;3;99,98;10903;1596;258;475;357;506;499;7
18089V625292;MOSSEV V/FISKEV 1,2,3,4;EV18 S56D1 m7072;2022-12-28T00:00+01:00;2022-12-29T00:00+01:00;2022-12-28;1;1031;100,0;24;24;0;0;100,00;990;41;17;11;6;7;7;0
18089V625292;MOSSEV V/FISKEV 1,2,3,4;EV18 S56D1 m7072;2022-12-28T00:00+01:00;2022-12-29T00:00+01:00;2022-12-28;2;5695;100,0;24;24;0;0;100,00;5080;615;123;169;114;209;209;0
18089V625292;MOSSEV V/FISKEV 1,2,3,4;EV18 S56D1 m7072;2022-12-28T00:00+01:00;2022-12-29T00:00+01:00;2022-12-28;3;4220;100,0;24;24;0;3;99,93;3542;675;97;175;158;245;242;3
18089V625292;MOSSEV V/FISKEV 1,2,3,4;EV18 S56D1 m7072;2022-12-28T00:00+01:00;2022-12-29T00:00+01:00;2022-12-28;4;387;100,0;24;24;0;0;100,00;163;224;3;53;60;108;108;0
18089V625292;MOSSEV V/FISKEV 1,2,3,4;EV18 S56D1 m7072;2022-12-28T00:00+01:00;2022-12-29T00:00+01:00;2022-12-28;Totalt i retning Mastemyr;5250;100,0;24;24;0;2;99,96;4532;716;114;186;164;252;249;3
18089V625292;MOSSEV V/FISKEV 1,2,3,4;EV18 S56D1 m7072;2022-12-28T00:00+01:00;2022-12-29T00:00+01:00;2022-12-28;Totalt i retning Oslo;6083;100,0;24;24;0;1;99,98;5243;839;126;222;174;317;317;0
18089V625292;MOSSEV V/FISKEV 1,2,3,4;EV18 S56D1 m7072;2022-12-28T00:00+01:00;2022-12-29T00:00+01:00;2022-12-28;Totalt;11333;100,0;24;24;0;3;99,97;9775;1555;240;408;338;569;566;3
18089V625292;MOSSEV V/FISKEV 1,2,3,4;EV18 S56D1 m7072;2022-12-29T00:00+01:00;2022-12-30T00:00+01:00;2022-12-29;1;1054;100,0;24;24;0;4;99,62;1005;45;13;18;9;5;5;0
18089V625292;MOSSEV V/FISKEV 1,2,3,4;EV18 S56D1 m7072;2022-12-29T00:00+01:00;2022-12-30T00:00+01:00;2022-12-29;2;4907;100,0;24;24;0;1;99,98;4312;594;127;191;96;180;179;1
18089V625292;MOSSEV V/FISKEV 1,2,3,4;EV18 S56D1 m7072;2022-12-29T00:00+01:00;2022-12-30T00:00+01:00;2022-12-29;3;3917;100,0;24;24;0;2;99,95;3275;640;101;196;137;206;201;5
18089V625292;MOSSEV V/FISKEV 1,2,3,4;EV18 S56D1 m7072;2022-12-29T00:00+01:00;2022-12-30T00:00+01:00;2022-12-29;4;360;100,0;24;24;0;0;100,00;167;193;8;50;39;96;96;0
18089V625292;MOSSEV V/FISKEV 1,2,3,4;EV18 S56D1 m7072;2022-12-29T00:00+01:00;2022-12-30T00:00+01:00;2022-12-29;Totalt i retning Mastemyr;4971;100,0;24;24;0;6;99,88;4280;685;114;214;146;211;206;5
18089V625292;MOSSEV V/FISKEV 1,2,3,4;EV18 S56D1 m7072;2022-12-29T00:00+01:00;2022-12-30T00:00+01:00;2022-12-29;Totalt i retning Oslo;5267;100,0;24;24;0;1;99,98;4479;787;135;241;135;276;275;1
18089V625292;MOSSEV V/FISKEV 1,2,3,4;EV18 S56D1 m7072;2022-12-29T00:00+01:00;2022-12-30T00:00+01:00;2022-12-29;Totalt;10238;100,0;24;24;0;7;99,93;8759;1472;249;455;281;487;481;6
18089V625292;MOSSEV V/FISKEV 1,2,3,4;EV18 S56D1 m7072;2022-12-30T00:00+01:00;2022-12-31T00:00+01:00;2022-12-30;1;1436;100,0;24;24;0;2;99,86;1378;56;14;15;15;12;12;0
18089V625292;MOSSEV V/FISKEV 1,2,3,4;EV18 S56D1 m7072;2022-12-30T00:00+01:00;2022-12-31T00:00+01:00;2022-12-30;2;5082;100,0;24;24;0;1;99,98;4599;482;99;153;93;137;137;0
18089V625292;MOSSEV V/FISKEV 1,2,3,4;EV18 S56D1 m7072;2022-12-30T00:00+01:00;2022-12-31T00:00+01:00;2022-12-30;3;3857;100,0;24;24;0;4;99,90;3283;570;83;171;150;166;164;2
18089V625292;MOSSEV V/FISKEV 1,2,3,4;EV18 S56D1 m7072;2022-12-30T00:00+01:00;2022-12-31T00:00+01:00;2022-12-30;4;403;100,0;24;24;0;0;100,00;183;220;4;46;59;111;111;0
18089V625292;MOSSEV V/FISKEV 1,2,3,4;EV18 S56D1 m7072;2022-12-30T00:00+01:00;2022-12-31T00:00+01:00;2022-12-30;Totalt i retning Mastemyr;5292;100,0;24;24;0;6;99,89;4661;625;97;185;165;178;176;2
18089V625292;MOSSEV V/FISKEV 1,2,3,4;EV18 S56D1 m7072;2022-12-30T00:00+01:00;2022-12-31T00:00+01:00;2022-12-30;Totalt i retning Oslo;5486;100,0;24;24;0;1;99,98;4782;703;103;200;152;248;248;0
18089V625292;MOSSEV V/FISKEV 1,2,3,4;EV18 S56D1 m7072;2022-12-30T00:00+01:00;2022-12-31T00:00+01:00;2022-12-30;Totalt;10778;100,0;24;24;0;7;99,94;9443;1328;200;385;317;426;424;2
18089V625292;MOSSEV V/FISKEV 1,2,3,4;EV18 S56D1 m7072;2022-12-31T00:00+01:00;2023-01-01T00:00+01:00;2022-12-31;1;825;100,0;24;24;0;1;99,88;812;12;5;2;4;1;1;0
18089V625292;MOSSEV V/FISKEV 1,2,3,4;EV18 S56D1 m7072;2022-12-31T00:00+01:00;2023-01-01T00:00+01:00;2022-12-31;2;3277;100,0;24;24;0;0;100,00;3162;115;33;25;39;18;18;0
18089V625292;MOSSEV V/FISKEV 1,2,3,4;EV18 S56D1 m7072;2022-12-31T00:00+01:00;2023-01-01T00:00+01:00;2022-12-31;3;2404;100,0;24;24;0;2;99,92;2230;172;21;35;86;30;30;0
18089V625292;MOSSEV V/FISKEV 1,2,3,4;EV18 S56D1 m7072;2022-12-31T00:00+01:00;2023-01-01T00:00+01:00;2022-12-31;4;299;100,0;24;24;0;0;100,00;172;127;2;17;44;64;64;0
18089V625292;MOSSEV V/FISKEV 1,2,3,4;EV18 S56D1 m7072;2022-12-31T00:00+01:00;2023-01-01T00:00+01:00;2022-12-31;Totalt i retning Mastemyr;3229;100,0;24;24;0;3;99,91;3042;184;26;37;90;31;31;0
18089V625292;MOSSEV V/FISKEV 1,2,3,4;EV18 S56D1 m7072;2022-12-31T00:00+01:00;2023-01-01T00:00+01:00;2022-12-31;Totalt i retning Oslo;3576;100,0;24;24;0;0;100,00;3334;242;35;42;83;82;82;0
18089V625292;MOSSEV V/FISKEV 1,2,3,4;EV18 S56D1 m7072;2022-12-31T00:00+01:00;2023-01-01T00:00+01:00;2022-12-31;Totalt;6805;100,0;24;24;0;3;99,96;6376;426;61;79;173;113;113;0
18089V625292;MOSSEV V/FISKEV 1,2,3,4;EV18 S56D1 m7072;2023-01-01T00:00+01:00;2023-01-02T00:00+01:00;2023-01-01;1;1024;100,0;24;24;0;0;100,00;1006;18;7;5;4;2;2;0
18089V625292;MOSSEV V/FISKEV 1,2,3,4;EV18 S56D1 m7072;2023-01-01T00:00+01:00;2023-01-02T00:00+01:00;2023-01-01;2;3772;100,0;24;24;0;0;100,00;3645;127;24;39;36;28;28;0
18089V625292;MOSSEV V/FISKEV 1,2,3,4;EV18 S56D1 m7072;2023-01-01T00:00+01:00;2023-01-02T00:00+01:00;2023-01-01;3;3368;100,0;24;24;0;2;99,94;3169;197;27;61;72;37;36;1
18089V625292;MOSSEV V/FISKEV 1,2,3,4;EV18 S56D1 m7072;2023-01-01T00:00+01:00;2023-01-02T00:00+01:00;2023-01-01;4;279;100,0;24;24;0;0;100,00;169;110;3;29;32;46;46;0
18089V625292;MOSSEV V/FISKEV 1,2,3,4;EV18 S56D1 m7072;2023-01-01T00:00+01:00;2023-01-02T00:00+01:00;2023-01-01;Totalt i retning Mastemyr;4392;100,0;24;24;0;2;99,95;4175;215;34;66;76;39;38;1
18089V625292;MOSSEV V/FISKEV 1,2,3,4;EV18 S56D1 m7072;2023-01-01T00:00+01:00;2023-01-02T00:00+01:00;2023-01-01;Totalt i retning Oslo;4051;100,0;24;24;0;0;100,00;3814;237;27;68;68;74;74;0
18089V625292;MOSSEV V/FISKEV 1,2,3,4;EV18 S56D1 m7072;2023-01-01T00:00+01:00;2023-01-02T00:00+01:00;2023-01-01;Totalt;8443;100,0;24;24;0;2;99,98;7989;452;61;134;144;113;112;1
18089V625292;MOSSEV V/FISKEV 1,2,3,4;EV18 S56D1 m7072;2023-01-02T00:00+01:00;2023-01-03T00:00+01:00;2023-01-02;1;1379;100,0;24;24;0;0;100,00;1327;52;25;12;11;4;4;0
18089V625292;MOSSEV V/FISKEV 1,2,3,4;EV18 S56D1 m7072;2023-01-02T00:00+01:00;2023-01-03T00:00+01:00;2023-01-02;2;6078;100,0;24;24;0;59;99,03;5188;831;178;231;177;245;242;3
18089V625292;MOSSEV V/FISKEV 1,2,3,4;EV18 S56D1 m7072;2023-01-02T00:00+01:00;2023-01-03T00:00+01:00;2023-01-02;3;4992;100,0;24;24;0;1;99,98;4162;829;120;210;241;258;255;3
18089V625292;MOSSEV V/FISKEV 1,2,3,4;EV18 S56D1 m7072;2023-01-02T00:00+01:00;2023-01-03T00:00+01:00;2023-01-02;4;567;100,0;24;24;0;0;100,00;306;261;7;57;95;102;102;0
18089V625292;MOSSEV V/FISKEV 1,2,3,4;EV18 S56D1 m7072;2023-01-02T00:00+01:00;2023-01-03T00:00+01:00;2023-01-02;Totalt i retning Mastemyr;6400;100,0;24;24;0;28;99,56;5490;882;145;222;252;263;259;4
18089V625292;MOSSEV V/FISKEV 1,2,3,4;EV18 S56D1 m7072;2023-01-02T00:00+01:00;2023-01-03T00:00+01:00;2023-01-02;Totalt i retning Oslo;6616;100,0;24;24;0;32;99,52;5493;1091;185;288;272;346;344;2
18089V625292;MOSSEV V/FISKEV 1,2,3,4;EV18 S56D1 m7072;2023-01-02T00:00+01:00;2023-01-03T00:00+01:00;2023-01-02;Totalt;13016;100,0;24;24;0;60;99,54;10983;1973;330;510;524;609;603;6
18089V625292;MOSSEV V/FISKEV 1,2,3,4;EV18 S56D1 m7072;2023-01-03T00:00+01:00;2023-01-04T00:00+01:00;2023-01-03;1;1595;100,0;24;24;0;0;100,00;1531;64;30;18;9;7;7;0
18089V625292;MOSSEV V/FISKEV 1,2,3,4;EV18 S56D1 m7072;2023-01-03T00:00+01:00;2023-01-04T00:00+01:00;2023-01-03;2;6989;100,0;24;24;0;1;99,99;6062;926;157;264;197;308;305;3
18089V625292;MOSSEV V/FISKEV 1,2,3,4;EV18 S56D1 m7072;2023-01-03T00:00+01:00;2023-01-04T00:00+01:00;2023-01-03;3;5406;100,0;24;24;0;0;100,00;4507;899;140;237;219;303;303;0
18089V625292;MOSSEV V/FISKEV 1,2,3,4;EV18 S56D1 m7072;2023-01-03T00:00+01:00;2023-01-04T00:00+01:00;2023-01-03;4;693;100,0;24;24;0;0;100,00;429;264;12;53;84;115;115;0
18089V625292;MOSSEV V/FISKEV 1,2,3,4;EV18 S56D1 m7072;2023-01-03T00:00+01:00;2023-01-04T00:00+01:00;2023-01-03;Totalt i retning Mastemyr;7003;100,0;24;24;0;0;100,00;6038;965;170;257;228;310;310;0
18089V625292;MOSSEV V/FISKEV 1,2,3,4;EV18 S56D1 m7072;2023-01-03T00:00+01:00;2023-01-04T00:00+01:00;2023-01-03;Totalt i retning Oslo;7680;100,0;24;24;0;1;99,99;6491;1188;169;315;281;423;420;3
18089V625292;MOSSEV V/FISKEV 1,2,3,4;EV18 S56D1 m7072;2023-01-03T00:00+01:00;2023-01-04T00:00+01:00;2023-01-03;Totalt;14683;100,0;24;24;0;1;99,99;12529;2153;339;572;509;733;730;3
18089V625292;MOSSEV V/FISKEV 1,2,3,4;EV18 S56D1 m7072;2023-01-04T00:00+01:00;2023-01-05T00:00+01:00;2023-01-04;1;1647;100,0;24;24;0;1;99,94;1555;91;24;30;18;19;19;0
18089V625292;MOSSEV V/FISKEV 1,2,3,4;EV18 S56D1 m7072;2023-01-04T00:00+01:00;2023-01-05T00:00+01:00;2023-01-04;2;6381;100,0;24;24;0;0;100,00;5268;1113;184;312;240;377;374;3
18089V625292;MOSSEV V/FISKEV 1,2,3,4;EV18 S56D1 m7072;2023-01-04T00:00+01:00;2023-01-05T00:00+01:00;2023-01-04;3;8081;100,0;24;24;0;2;99,98;6701;1378;235;359;272;512;506;6
18089V625292;MOSSEV V/FISKEV 1,2,3,4;EV18 S56D1 m7072;2023-01-04T00:00+01:00;2023-01-05T00:00+01:00;2023-01-04;4;515;100,0;24;24;0;0;100,00;346;169;3;39;41;86;86;0
18089V625292;MOSSEV V/FISKEV 1,2,3,4;EV18 S56D1 m7072;2023-01-04T00:00+01:00;2023-01-05T00:00+01:00;2023-01-04;Totalt i retning Mastemyr;9728;100,0;24;24;0;3;99,97;8256;1469;259;389;290;531;525;6
18089V625292;MOSSEV V/FISKEV 1,2,3,4;EV18 S56D1 m7072;2023-01-04T00:00+01:00;2023-01-05T00:00+01:00;2023-01-04;Totalt i retning Oslo;6896;100,0;24;24;0;0;100,00;5614;1282;187;351;281;463;460;3
18089V625292;MOSSEV V/FISKEV 1,2,3,4;EV18 S56D1 m7072;2023-01-04T00:00+01:00;2023-01-05T00:00+01:00;2023-01-04;Totalt;16624;100,0;24;24;0;3;99,98;13870;2751;446;740;571;994;985;9
18089V625292;MOSSEV V/FISKEV 1,2,3,4;EV18 S56D1 m7072;2023-01-05T00:00+01:00;2023-01-06T00:00+01:00;2023-01-05;1;1081;100,0;24;24;0;0;100,00;1020;61;19;9;15;18;18;0
18089V625292;MOSSEV V/FISKEV 1,2,3,4;EV18 S56D1 m7072;2023-01-05T00:00+01:00;2023-01-06T00:00+01:00;2023-01-05;2;6232;100,0;24;24;0;2;99,97;5130;1100;184;328;246;342;339;3
18089V625292;MOSSEV V/FISKEV 1,2,3,4;EV18 S56D1 m7072;2023-01-05T00:00+01:00;2023-01-06T00:00+01:00;2023-01-05;3;5727;100,0;24;24;0;3;99,95;4563;1161;169;302;290;400;398;2
18089V625292;MOSSEV V/FISKEV 1,2,3,4;EV18 S56D1 m7072;2023-01-05T00:00+01:00;2023-01-06T00:00+01:00;2023-01-05;4;558;100,0;24;24;0;0;100,00;323;235;10;53;73;99;99;0
18089V625292;MOSSEV V/FISKEV 1,2,3,4;EV18 S56D1 m7072;2023-01-05T00:00+01:00;2023-01-06T00:00+01:00;2023-01-05;Totalt i retning Mastemyr;6808;100,0;24;24;0;3;99,96;5583;1222;188;311;305;418;416;2
18089V625292;MOSSEV V/FISKEV 1,2,3,4;EV18 S56D1 m7072;2023-01-05T00:00+01:00;2023-01-06T00:00+01:00;2023-01-05;Totalt i retning Oslo;6790;100,0;24;24;0;2;99,97;5453;1335;194;381;319;441;438;3
18089V625292;MOSSEV V/FISKEV 1,2,3,4;EV18 S56D1 m7072;2023-01-05T00:00+01:00;2023-01-06T00:00+01:00;2023-01-05;Totalt;13598;100,0;24;24;0;5;99,96;11036;2557;382;692;624;859;854;5
18089V625292;MOSSEV V/FISKEV 1,2,3,4;EV18 S56D1 m7072;2023-01-06T00:00+01:00;2023-01-07T00:00+01:00;2023-01-06;1;865;100,0;24;24;0;7;99,19;784;74;14;19;28;13;13;0
18089V625292;MOSSEV V/FISKEV 1,2,3,4;EV18 S56D1 m7072;2023-01-06T00:00+01:00;2023-01-07T00:00+01:00;2023-01-06;2;5589;100,0;24;24;0;1;99,98;4594;994;206;319;215;254;247;7
18089V625292;MOSSEV V/FISKEV 1,2,3,4;EV18 S56D1 m7072;2023-01-06T00:00+01:00;2023-01-07T00:00+01:00;2023-01-06;3;5817;100,0;24;24;0;2;99,97;4754;1061;178;292;234;357;348;9
18089V625292;MOSSEV V/FISKEV 1,2,3,4;EV18 S56D1 m7072;2023-01-06T00:00+01:00;2023-01-07T00:00+01:00;2023-01-06;4;388;100,0;24;24;0;0;100,00;226;162;6;36;35;85;85;0
18089V625292;MOSSEV V/FISKEV 1,2,3,4;EV18 S56D1 m7072;2023-01-06T00:00+01:00;2023-01-07T00:00+01:00;2023-01-06;Totalt i retning Mastemyr;6683;100,0;24;24;0;9;99,87;5538;1136;192;312;262;370;361;9
18089V625292;MOSSEV V/FISKEV 1,2,3,4;EV18 S56D1 m7072;2023-01-06T00:00+01:00;2023-01-07T00:00+01:00;2023-01-06;Totalt i retning Oslo;5976;100,0;24;24;0;1;99,98;4820;1155;212;354;250;339;332;7
18089V625292;MOSSEV V/FISKEV 1,2,3,4;EV18 S56D1 m7072;2023-01-06T00:00+01:00;2023-01-07T00:00+01:00;2023-01-06;Totalt;12659;100,0;24;24;0;10;99,92;10358;2291;404;666;512;709;693;16
18089V625292;MOSSEV V/FISKEV 1,2,3,4;EV18 S56D1 m7072;2023-01-07T00:00+01:00;2023-01-08T00:00+01:00;2023-01-07;1;1039;100,0;24;24;0;0;100,00;1011;28;4;9;10;5;5;0
18089V625292;MOSSEV V/FISKEV 1,2,3,4;EV18 S56D1 m7072;2023-01-07T00:00+01:00;2023-01-08T00:00+01:00;2023-01-07;2;3698;100,0;24;24;0;0;100,00;3478;220;46;55;74;45;45;0
18089V625292;MOSSEV V/FISKEV 1,2,3,4;EV18 S56D1 m7072;2023-01-07T00:00+01:00;2023-01-08T00:00+01:00;2023-01-07;3;3238;100,0;24;24;0;0;100,00;2943;295;39;34;128;94;93;1
18089V625292;MOSSEV V/FISKEV 1,2,3,4;EV18 S56D1 m7072;2023-01-07T00:00+01:00;2023-01-08T00:00+01:00;2023-01-07;4;257;100,0;24;24;0;0;100,00;125;132;4;20;45;63;63;0
18089V625292;MOSSEV V/FISKEV 1,2,3,4;EV18 S56D1 m7072;2023-01-07T00:00+01:00;2023-01-08T00:00+01:00;2023-01-07;Totalt i retning Mastemyr;4277;100,0;24;24;0;0;100,00;3954;323;43;43;138;99;98;1
18089V625292;MOSSEV V/FISKEV 1,2,3,4;EV18 S56D1 m7072;2023-01-07T00:00+01:00;2023-01-08T00:00+01:00;2023-01-07;Totalt i retning Oslo;3955;100,0;24;24;0;0;100,00;3603;352;50;75;119;108;108;0
18089V625292;MOSSEV V/FISKEV 1,2,3,4;EV18 S56D1 m7072;2023-01-07T00:00+01:00;2023-01-08T00:00+01:00;2023-01-07;Totalt;8232;100,0;24;24;0;0;100,00;7557;675;93;118;257;207;206;1
18089V625292;MOSSEV V/FISKEV 1,2,3,4;EV18 S56D1 m7072;2023-01-08T00:00+01:00;2023-01-09T00:00+01:00;2023-01-08;1;1147;100,0;24;24;0;0;100,00;1121;26;8;4;11;3;3;0
18089V625292;MOSSEV V/FISKEV 1,2,3,4;EV18 S56D1 m7072;2023-01-08T00:00+01:00;2023-01-09T00:00+01:00;2023-01-08;2;3886;100,0;24;24;0;0;100,00;3641;245;44;68;70;63;63;0
18089V625292;MOSSEV V/FISKEV 1,2,3,4;EV18 S56D1 m7072;2023-01-08T00:00+01:00;2023-01-09T00:00+01:00;2023-01-08;3;3174;100,0;24;24;0;1;99,97;2922;251;22;89;84;56;55;1
18089V625292;MOSSEV V/FISKEV 1,2,3,4;EV18 S56D1 m7072;2023-01-08T00:00+01:00;2023-01-09T00:00+01:00;2023-01-08;4;215;100,0;24;24;0;0;100,00;118;97;3;28;34;32;32;0
18089V625292;MOSSEV V/FISKEV 1,2,3,4;EV18 S56D1 m7072;2023-01-08T00:00+01:00;2023-01-09T00:00+01:00;2023-01-08;Totalt i retning Mastemyr;4321;100,0;24;24;0;1;99,98;4043;277;30;93;95;59;58;1
18089V625292;MOSSEV V/FISKEV 1,2,3,4;EV18 S56D1 m7072;2023-01-08T00:00+01:00;2023-01-09T00:00+01:00;2023-01-08;Totalt i retning Oslo;4101;100,0;24;24;0;0;100,00;3759;342;47;96;104;95;95;0
18089V625292;MOSSEV V/FISKEV 1,2,3,4;EV18 S56D1 m7072;2023-01-08T00:00+01:00;2023-01-09T00:00+01:00;2023-01-08;Totalt;8422;100,0;24;24;0;1;99,99;7802;619;77;189;199;154;153;1
18089V625292;MOSSEV V/FISKEV 1,2,3,4;EV18 S56D1 m7072;2023-01-09T00:00+01:00;2023-01-10T00:00+01:00;2023-01-09;1;1838;100,0;24;24;0;1;99,95;1751;86;34;16;19;17;17;0
18089V625292;MOSSEV V/FISKEV 1,2,3,4;EV18 S56D1 m7072;2023-01-09T00:00+01:00;2023-01-10T00:00+01:00;2023-01-09;2;7282;100,0;24;24;0;7;99,90;6091;1184;199;290;306;389;388;1
18089V625292;MOSSEV V/FISKEV 1,2,3,4;EV18 S56D1 m7072;2023-01-09T00:00+01:00;2023-01-10T00:00+01:00;2023-01-09;3;5765;100,0;24;24;0;2;99,97;4612;1151;142;277;382;350;348;2
18089V625292;MOSSEV V/FISKEV 1,2,3,4;EV18 S56D1 m7072;2023-01-09T00:00+01:00;2023-01-10T00:00+01:00;2023-01-09;4;779;100,0;24;24;0;0;100,00;504;275;7;55;88;125;125;0
18089V625292;MOSSEV V/FISKEV 1,2,3,4;EV18 S56D1 m7072;2023-01-09T00:00+01:00;2023-01-10T00:00+01:00;2023-01-09;Totalt i retning Mastemyr;7602;100,0;24;24;0;2;99,97;6363;1237;176;293;401;367;365;2
18089V625292;MOSSEV V/FISKEV 1,2,3,4;EV18 S56D1 m7072;2023-01-09T00:00+01:00;2023-01-10T00:00+01:00;2023-01-09;Totalt i retning Oslo;8062;100,0;24;24;0;8;99,90;6595;1459;206;345;394;514;513;1
18089V625292;MOSSEV V/FISKEV 1,2,3,4;EV18 S56D1 m7072;2023-01-09T00:00+01:00;2023-01-10T00:00+01:00;2023-01-09;Totalt;15664;100,0;24;24;0;10;99,94;12958;2696;382;638;795;881;878;3
18089V625292;MOSSEV V/FISKEV 1,2,3,4;EV18 S56D1 m7072;2023-01-10T00:00+01:00;2023-01-11T00:00+01:00;2023-01-10;1;2221;100,0;24;24;0;0;100,00;2126;95;36;17;21;21;21;0
18089V625292;MOSSEV V/FISKEV 1,2,3,4;EV18 S56D1 m7072;2023-01-10T00:00+01:00;2023-01-11T00:00+01:00;2023-01-10;2;7234;100,0;24;24;0;107;98,52;6072;1055;220;274;210;351;347;4
18089V625292;MOSSEV V/FISKEV 1,2,3,4;EV18 S56D1 m7072;2023-01-10T00:00+01:00;2023-01-11T00:00+01:00;2023-01-10;3;5994;100,0;24;24;0;2;99,97;4865;1127;188;293;282;364;361;3
18089V625292;MOSSEV V/FISKEV 1,2,3,4;EV18 S56D1 m7072;2023-01-10T00:00+01:00;2023-01-11T00:00+01:00;2023-01-10;4;1042;100,0;24;24;0;0;100,00;750;292;13;60;96;123;123;0
18089V625292;MOSSEV V/FISKEV 1,2,3,4;EV18 S56D1 m7072;2023-01-10T00:00+01:00;2023-01-11T00:00+01:00;2023-01-10;Totalt i retning Mastemyr;8214;100,0;24;24;0;2;99,98;6991;1221;224;309;303;385;382;3
18089V625292;MOSSEV V/FISKEV 1,2,3,4;EV18 S56D1 m7072;2023-01-10T00:00+01:00;2023-01-11T00:00+01:00;2023-01-10;Totalt i retning Oslo;8277;100,0;24;24;0;107;98,71;6822;1348;233;335;306;474;470;4
18089V625292;MOSSEV V/FISKEV 1,2,3,4;EV18 S56D1 m7072;2023-01-10T00:00+01:00;2023-01-11T00:00+01:00;2023-01-10;Totalt;16491;100,0;24;24;0;109;99,34;13813;2569;457;644;609;859;852;7
18089V625292;MOSSEV V/FISKEV 1,2,3,4;EV18 S56D1 m7072;2023-01-11T00:00+01:00;2023-01-12T00:00+01:00;2023-01-11;1;2088;100,0;24;24;0;0;100,00;1976;112;48;19;23;22;22;0
18089V625292;MOSSEV V/FISKEV 1,2,3,4;EV18 S56D1 m7072;2023-01-11T00:00+01:00;2023-01-12T00:00+01:00;2023-01-11;2;7385;100,0;24;24;0;160;97,83;6133;1092;218;321;212;341;338;3
18089V625292;MOSSEV V/FISKEV 1,2,3,4;EV18 S56D1 m7072;2023-01-11T00:00+01:00;2023-01-12T00:00+01:00;2023-01-11;3;5900;100,0;24;24;0;2;99,97;4781;1117;166;297;302;352;351;1
18089V625292;MOSSEV V/FISKEV 1,2,3,4;EV18 S56D1 m7072;2023-01-11T00:00+01:00;2023-01-12T00:00+01:00;2023-01-11;4;1173;100,0;24;24;0;1;99,91;870;302;14;62;95;131;131;0
18089V625292;MOSSEV V/FISKEV 1,2,3,4;EV18 S56D1 m7072;2023-01-11T00:00+01:00;2023-01-12T00:00+01:00;2023-01-11;Totalt i retning Mastemyr;7987;100,0;24;24;0;1;99,99;6757;1229;214;316;325;374;373;1
18089V625292;MOSSEV V/FISKEV 1,2,3,4;EV18 S56D1 m7072;2023-01-11T00:00+01:00;2023-01-12T00:00+01:00;2023-01-11;Totalt i retning Oslo;8559;100,0;24;24;0;162;98,11;7003;1394;232;383;307;472;469;3
18089V625292;MOSSEV V/FISKEV 1,2,3,4;EV18 S56D1 m7072;2023-01-11T00:00+01:00;2023-01-12T00:00+01:00;2023-01-11;Totalt;16546;100,0;24;24;0;163;99,01;13760;2623;446;699;632;846;842;4
18089V625292;MOSSEV V/FISKEV 1,2,3,4;EV18 S56D1 m7072;2023-01-12T00:00+01:00;2023-01-13T00:00+01:00;2023-01-12;1;2101;100,0;24;24;0;0;100,00;1980;121;46;35;19;21;21;0
18089V625292;MOSSEV V/FISKEV 1,2,3,4;EV18 S56D1 m7072;2023-01-12T00:00+01:00;2023-01-13T00:00+01:00;2023-01-12;2;7738;100,0;24;24;0;147;98,10;6478;1113;220;311;249;333;330;3
18089V625292;MOSSEV V/FISKEV 1,2,3,4;EV18 S56D1 m7072;2023-01-12T00:00+01:00;2023-01-13T00:00+01:00;2023-01-12;3;6266;100,0;24;24;0;1;99,98;5112;1153;162;307;289;395;391;4
18089V625292;MOSSEV V/FISKEV 1,2,3,4;EV18 S56D1 m7072;2023-01-12T00:00+01:00;2023-01-13T00:00+01:00;2023-01-12;4;1096;100,0;24;24;0;0;100,00;794;302;15;67;90;130;130;0
18089V625292;MOSSEV V/FISKEV 1,2,3,4;EV18 S56D1 m7072;2023-01-12T00:00+01:00;2023-01-13T00:00+01:00;2023-01-12;Totalt i retning Mastemyr;8379;100,0;24;24;0;12;99,86;7092;1275;208;342;308;417;413;4
18089V625292;MOSSEV V/FISKEV 1,2,3,4;EV18 S56D1 m7072;2023-01-12T00:00+01:00;2023-01-13T00:00+01:00;2023-01-12;Totalt i retning Oslo;8822;100,0;24;24;0;136;98,46;7272;1414;235;378;339;462;459;3
18089V625292;MOSSEV V/FISKEV 1,2,3,4;EV18 S56D1 m7072;2023-01-12T00:00+01:00;2023-01-13T00:00+01:00;2023-01-12;Totalt;17201;100,0;24;24;0;148;99,14;14364;2689;443;720;647;879;872;7
18089V625292;MOSSEV V/FISKEV 1,2,3,4;EV18 S56D1 m7072;2023-01-13T00:00+01:00;2023-01-14T00:00+01:00;2023-01-13;1;2014;100,0;24;24;0;0;100,00;1913;101;43;22;21;15;15;0
18089V625292;MOSSEV V/FISKEV 1,2,3,4;EV18 S56D1 m7072;2023-01-13T00:00+01:00;2023-01-14T00:00+01:00;2023-01-13;2;7415;100,0;24;24;0;0;100,00;6386;1029;195;306;246;282;279;3
18089V625292;MOSSEV V/FISKEV 1,2,3,4;EV18 S56D1 m7072;2023-01-13T00:00+01:00;2023-01-14T00:00+01:00;2023-01-13;3;5548;100,0;24;24;0;0;100,00;4510;1038;160;258;274;346;340;6
18089V625292;MOSSEV V/FISKEV 1,2,3,4;EV18 S56D1 m7072;2023-01-13T00:00+01:00;2023-01-14T00:00+01:00;2023-01-13;4;684;100,0;24;24;0;0;100,00;404;280;8;61;90;121;121;0
18089V625292;MOSSEV V/FISKEV 1,2,3,4;EV18 S56D1 m7072;2023-01-13T00:00+01:00;2023-01-14T00:00+01:00;2023-01-13;Totalt i retning Mastemyr;7562;100,0;24;24;0;0;100,00;6422;1140;203;281;295;361;355;6
18089V625292;MOSSEV V/FISKEV 1,2,3,4;EV18 S56D1 m7072;2023-01-13T00:00+01:00;2023-01-14T00:00+01:00;2023-01-13;Totalt i retning Oslo;8099;100,0;24;24;0;0;100,00;6791;1308;203;366;336;403;400;3
18089V625292;MOSSEV V/FISKEV 1,2,3,4;EV18 S56D1 m7072;2023-01-13T00:00+01:00;2023-01-14T00:00+01:00;2023-01-13;Totalt;15661;100,0;24;24;0;0;100,00;13213;2448;406;647;631;764;755;9
18089V625292;MOSSEV V/FISKEV 1,2,3,4;EV18 S56D1 m7072;2023-01-14T00:00+01:00;2023-01-15T00:00+01:00;2023-01-14;1;1457;100,0;24;24;0;0;100,00;1431;26;12;5;8;1;1;0
18089V625292;MOSSEV V/FISKEV 1,2,3,4;EV18 S56D1 m7072;2023-01-14T00:00+01:00;2023-01-15T00:00+01:00;2023-01-14;2;5184;100,0;24;24;0;0;100,00;4940;244;60;65;78;41;41;0
18089V625292;MOSSEV V/FISKEV 1,2,3,4;EV18 S56D1 m7072;2023-01-14T00:00+01:00;2023-01-15T00:00+01:00;2023-01-14;3;3863;100,0;24;24;0;0;100,00;3553;310;45;77;121;67;66;1
18089V625292;MOSSEV V/FISKEV 1,2,3,4;EV18 S56D1 m7072;2023-01-14T00:00+01:00;2023-01-15T00:00+01:00;2023-01-14;4;407;100,0;24;24;0;0;100,00;251;156;3;24;63;66;66;0
18089V625292;MOSSEV V/FISKEV 1,2,3,4;EV18 S56D1 m7072;2023-01-14T00:00+01:00;2023-01-15T00:00+01:00;2023-01-14;Totalt i retning Mastemyr;5320;100,0;24;24;0;0;100,00;4984;336;57;82;129;68;67;1
18089V625292;MOSSEV V/FISKEV 1,2,3,4;EV18 S56D1 m7072;2023-01-14T00:00+01:00;2023-01-15T00:00+01:00;2023-01-14;Totalt i retning Oslo;5591;100,0;24;24;0;0;100,00;5191;400;63;89;141;107;107;0
18089V625292;MOSSEV V/FISKEV 1,2,3,4;EV18 S56D1 m7072;2023-01-14T00:00+01:00;2023-01-15T00:00+01:00;2023-01-14;Totalt;10911;100,0;24;24;0;0;100,00;10175;736;120;171;270;175;174;1
18089V625292;MOSSEV V/FISKEV 1,2,3,4;EV18 S56D1 m7072;2023-01-15T00:00+01:00;2023-01-16T00:00+01:00;2023-01-15;1;1342;100,0;24;24;0;0;100,00;1313;29;13;8;4;4;4;0
18089V625292;MOSSEV V/FISKEV 1,2,3,4;EV18 S56D1 m7072;2023-01-15T00:00+01:00;2023-01-16T00:00+01:00;2023-01-15;2;4849;100,0;24;24;0;0;100,00;4621;228;42;58;62;66;63;3
18089V625292;MOSSEV V/FISKEV 1,2,3,4;EV18 S56D1 m7072;2023-01-15T00:00+01:00;2023-01-16T00:00+01:00;2023-01-15;3;4021;100,0;24;24;0;1;99,98;3753;267;33;89;86;59;57;2
18089V625292;MOSSEV V/FISKEV 1,2,3,4;EV18 S56D1 m7072;2023-01-15T00:00+01:00;2023-01-16T00:00+01:00;2023-01-15;4;306;100,0;24;24;0;0;100,00;190;116;1;33;36;46;46;0
18089V625292;MOSSEV V/FISKEV 1,2,3,4;EV18 S56D1 m7072;2023-01-15T00:00+01:00;2023-01-16T00:00+01:00;2023-01-15;Totalt i retning Mastemyr;5363;100,0;24;24;0;1;99,98;5066;296;46;97;90;63;61;2
18089V625292;MOSSEV V/FISKEV 1,2,3,4;EV18 S56D1 m7072;2023-01-15T00:00+01:00;2023-01-16T00:00+01:00;2023-01-15;Totalt i retning Oslo;5155;100,0;24;24;0;0;100,00;4811;344;43;91;98;112;109;3
18089V625292;MOSSEV V/FISKEV 1,2,3,4;EV18 S56D1 m7072;2023-01-15T00:00+01:00;2023-01-16T00:00+01:00;2023-01-15;Totalt;10518;100,0;24;24;0;1;99,99;9877;640;89;188;188;175;170;5
18089V625292;MOSSEV V/FISKEV 1,2,3,4;EV18 S56D1 m7072;2023-01-16T00:00+01:00;2023-01-17T00:00+01:00;2023-01-16;1;1700;100,0;24;24;0;0;100,00;1621;79;30;14;24;11;11;0
18089V625292;MOSSEV V/FISKEV 1,2,3,4;EV18 S56D1 m7072;2023-01-16T00:00+01:00;2023-01-17T00:00+01:00;2023-01-16;2;7224;100,0;24;24;0;56;99,22;6004;1164;206;327;251;380;376;4
18089V625292;MOSSEV V/FISKEV 1,2,3,4;EV18 S56D1 m7072;2023-01-16T00:00+01:00;2023-01-17T00:00+01:00;2023-01-16;3;5453;100,0;24;24;0;1;99,98;4356;1096;148;276;304;368;363;5
18089V625292;MOSSEV V/FISKEV 1,2,3,4;EV18 S56D1 m7072;2023-01-16T00:00+01:00;2023-01-17T00:00+01:00;2023-01-16;4;877;100,0;24;24;0;0;100,00;595;282;7;61;95;119;119;0
18089V625292;MOSSEV V/FISKEV 1,2,3,4;EV18 S56D1 m7072;2023-01-16T00:00+01:00;2023-01-17T00:00+01:00;2023-01-16;Totalt i retning Mastemyr;7156;100,0;24;24;0;2;99,97;5978;1176;178;291;328;379;374;5
18089V625292;MOSSEV V/FISKEV 1,2,3,4;EV18 S56D1 m7072;2023-01-16T00:00+01:00;2023-01-17T00:00+01:00;2023-01-16;Totalt i retning Oslo;8098;100,0;24;24;0;55;99,32;6598;1445;213;387;346;499;495;4
18089V625292;MOSSEV V/FISKEV 1,2,3,4;EV18 S56D1 m7072;2023-01-16T00:00+01:00;2023-01-17T00:00+01:00;2023-01-16;Totalt;15254;100,0;24;24;0;57;99,63;12576;2621;391;678;674;878;869;9
18089V625292;MOSSEV V/FISKEV 1,2,3,4;EV18 S56D1 m7072;2023-01-17T00:00+01:00;2023-01-18T00:00+01:00;2023-01-17;1;1824;100,0;24;24;0;0;100,00;1722;102;41;15;28;18;18;0
18089V625292;MOSSEV V/FISKEV 1,2,3,4;EV18 S56D1 m7072;2023-01-17T00:00+01:00;2023-01-18T00:00+01:00;2023-01-17;2;6788;100,0;24;24;0;162;97,61;5455;1171;191;288;289;403;398;5
18089V625292;MOSSEV V/FISKEV 1,2,3,4;EV18 S56D1 m7072;2023-01-17T00:00+01:00;2023-01-18T00:00+01:00;2023-01-17;3;5625;100,0;24;24;0;3;99,95;4457;1165;132;290;354;389;382;7
18089V625292;MOSSEV V/FISKEV 1,2,3,4;EV18 S56D1 m7072;2023-01-17T00:00+01:00;2023-01-18T00:00+01:00;2023-01-17;4;1404;100,0;24;24;0;0;100,00;1083;321;18;73;94;136;136;0
18089V625292;MOSSEV V/FISKEV 1,2,3,4;EV18 S56D1 m7072;2023-01-17T00:00+01:00;2023-01-18T00:00+01:00;2023-01-17;Totalt i retning Mastemyr;7449;100,0;24;24;0;3;99,96;6179;1267;173;305;382;407;400;7
18089V625292;MOSSEV V/FISKEV 1,2,3,4;EV18 S56D1 m7072;2023-01-17T00:00+01:00;2023-01-18T00:00+01:00;2023-01-17;Totalt i retning Oslo;8192;100,0;24;24;0;162;98,02;6538;1492;209;361;383;539;534;5
18089V625292;MOSSEV V/FISKEV 1,2,3,4;EV18 S56D1 m7072;2023-01-17T00:00+01:00;2023-01-18T00:00+01:00;2023-01-17;Totalt;15641;100,0;24;24;0;165;98,95;12717;2759;382;666;765;946;934;12
18089V625292;MOSSEV V/FISKEV 1,2,3,4;EV18 S56D1 m7072;2023-01-18T00:00+01:00;2023-01-19T00:00+01:00;2023-01-18;1;1837;100,0;24;24;0;0;100,00;1758;79;33;20;17;9;9;0
18089V625292;MOSSEV V/FISKEV 1,2,3,4;EV18 S56D1 m7072;2023-01-18T00:00+01:00;2023-01-19T00:00+01:00;2023-01-18;2;7419;100,0;24;24;0;94;98,73;6158;1167;199;304;237;427;423;4
18089V625292;MOSSEV V/FISKEV 1,2,3,4;EV18 S56D1 m7072;2023-01-18T00:00+01:00;2023-01-19T00:00+01:00;2023-01-18;3;5806;100,0;24;24;0;1;99,98;4664;1141;163;284;297;397;392;5
18089V625292;MOSSEV V/FISKEV 1,2,3,4;EV18 S56D1 m7072;2023-01-18T00:00+01:00;2023-01-19T00:00+01:00;2023-01-18;4;1079;100,0;24;24;0;0;100,00;792;287;14;72;85;116;116;0
18089V625292;MOSSEV V/FISKEV 1,2,3,4;EV18 S56D1 m7072;2023-01-18T00:00+01:00;2023-01-19T00:00+01:00;2023-01-18;Totalt i retning Mastemyr;7642;100,0;24;24;0;0;100,00;6422;1220;196;304;314;406;401;5
18089V625292;MOSSEV V/FISKEV 1,2,3,4;EV18 S56D1 m7072;2023-01-18T00:00+01:00;2023-01-19T00:00+01:00;2023-01-18;Totalt i retning Oslo;8499;100,0;24;24;0;95;98,88;6950;1454;213;376;322;543;539;4
18089V625292;MOSSEV V/FISKEV 1,2,3,4;EV18 S56D1 m7072;2023-01-18T00:00+01:00;2023-01-19T00:00+01:00;2023-01-18;Totalt;16141;100,0;24;24;0;95;99,41;13372;2674;409;680;636;949;940;9
18089V625292;MOSSEV V/FISKEV 1,2,3,4;EV18 S56D1 m7072;2023-01-19T00:00+01:00;2023-01-20T00:00+01:00;2023-01-19;1;1719;100,0;24;24;0;0;100,00;1624;95;35;23;26;11;11;0
18089V625292;MOSSEV V/FISKEV 1,2,3,4;EV18 S56D1 m7072;2023-01-19T00:00+01:00;2023-01-20T00:00+01:00;2023-01-19;2;7420;100,0;24;24;0;124;98,33;6201;1095;213;282;247;353;349;4
18089V625292;MOSSEV V/FISKEV 1,2,3,4;EV18 S56D1 m7072;2023-01-19T00:00+01:00;2023-01-20T00:00+01:00;2023-01-19;3;6130;100,0;24;24;0;4;99,93;4975;1151;160;293;300;398;392;6
18089V625292;MOSSEV V/FISKEV 1,2,3,4;EV18 S56D1 m7072;2023-01-19T00:00+01:00;2023-01-20T00:00+01:00;2023-01-19;4;1156;100,0;24;24;0;0;100,00;856;300;17;79;90;114;114;0
18089V625292;MOSSEV V/FISKEV 1,2,3,4;EV18 S56D1 m7072;2023-01-19T00:00+01:00;2023-01-20T00:00+01:00;2023-01-19;Totalt i retning Mastemyr;7849;100,0;24;24;0;4;99,95;6599;1246;195;316;326;409;403;6
18089V625292;MOSSEV V/FISKEV 1,2,3,4;EV18 S56D1 m7072;2023-01-19T00:00+01:00;2023-01-20T00:00+01:00;2023-01-19;Totalt i retning Oslo;8576;100,0;24;24;0;124;98,55;7057;1395;230;361;337;467;463;4
18089V625292;MOSSEV V/FISKEV 1,2,3,4;EV18 S56D1 m7072;2023-01-19T00:00+01:00;2023-01-20T00:00+01:00;2023-01-19;Totalt;16425;100,0;24;24;0;128;99,22;13656;2641;425;677;663;876;866;10
18089V625292;MOSSEV V/FISKEV 1,2,3,4;EV18 S56D1 m7072;2023-01-20T00:00+01:00;2023-01-21T00:00+01:00;2023-01-20;1;1794;100,0;24;24;0;0;100,00;1707;87;34;21;22;10;10;0
18089V625292;MOSSEV V/FISKEV 1,2,3,4;EV18 S56D1 m7072;2023-01-20T00:00+01:00;2023-01-21T00:00+01:00;2023-01-20;2;7331;100,0;24;24;0;41;99,44;6247;1043;215;308;262;258;254;4
18089V625292;MOSSEV V/FISKEV 1,2,3,4;EV18 S56D1 m7072;2023-01-20T00:00+01:00;2023-01-21T00:00+01:00;2023-01-20;3;5442;100,0;24;24;0;1;99,98;4415;1026;165;261;282;318;315;3
18089V625292;MOSSEV V/FISKEV 1,2,3,4;EV18 S56D1 m7072;2023-01-20T00:00+01:00;2023-01-21T00:00+01:00;2023-01-20;4;683;100,0;24;24;0;0;100,00;408;275;9;52;88;126;126;0
18089V625292;MOSSEV V/FISKEV 1,2,3,4;EV18 S56D1 m7072;2023-01-20T00:00+01:00;2023-01-21T00:00+01:00;2023-01-20;Totalt i retning Mastemyr;7256;100,0;24;24;0;20;99,72;6123;1113;199;282;304;328;325;3
18089V625292;MOSSEV V/FISKEV 1,2,3,4;EV18 S56D1 m7072;2023-01-20T00:00+01:00;2023-01-21T00:00+01:00;2023-01-20;Totalt i retning Oslo;7994;100,0;24;24;0;22;99,72;6654;1318;224;360;350;384;380;4
18089V625292;MOSSEV V/FISKEV 1,2,3,4;EV18 S56D1 m7072;2023-01-20T00:00+01:00;2023-01-21T00:00+01:00;2023-01-20;Totalt;15250;100,0;24;24;0;42;99,72;12777;2431;423;642;654;712;705;7
18089V625292;MOSSEV V/FISKEV 1,2,3,4;EV18 S56D1 m7072;2023-01-21T00:00+01:00;2023-01-22T00:00+01:00;2023-01-21;1;1277;100,0;24;24;0;0;100,00;1252;25;11;8;5;1;1;0
18089V625292;MOSSEV V/FISKEV 1,2,3,4;EV18 S56D1 m7072;2023-01-21T00:00+01:00;2023-01-22T00:00+01:00;2023-01-21;2;5179;100,0;24;24;0;0;100,00;4895;284;60;73;100;51;51;0
18089V625292;MOSSEV V/FISKEV 1,2,3,4;EV18 S56D1 m7072;2023-01-21T00:00+01:00;2023-01-22T00:00+01:00;2023-01-21;3;3711;100,0;24;24;0;0;100,00;3422;289;49;61;123;56;56;0
18089V625292;MOSSEV V/FISKEV 1,2,3,4;EV18 S56D1 m7072;2023-01-21T00:00+01:00;2023-01-22T00:00+01:00;2023-01-21;4;317;100,0;24;24;0;0;100,00;198;119;2;12;42;63;63;0
18089V625292;MOSSEV V/FISKEV 1,2,3,4;EV18 S56D1 m7072;2023-01-21T00:00+01:00;2023-01-22T00:00+01:00;2023-01-21;Totalt i retning Mastemyr;4989;100,0;24;24;0;0;100,00;4674;315;60;70;128;57;57;0
18089V625292;MOSSEV V/FISKEV 1,2,3,4;EV18 S56D1 m7072;2023-01-21T00:00+01:00;2023-01-22T00:00+01:00;2023-01-21;Totalt i retning Oslo;5495;100,0;24;24;0;0;100,00;5093;402;62;84;142;114;114;0
18089V625292;MOSSEV V/FISKEV 1,2,3,4;EV18 S56D1 m7072;2023-01-21T00:00+01:00;2023-01-22T00:00+01:00;2023-01-21;Totalt;10484;100,0;24;24;0;0;100,00;9767;717;122;154;270;171;171;0
18089V625292;MOSSEV V/FISKEV 1,2,3,4;EV18 S56D1 m7072;2023-01-22T00:00+01:00;2023-01-23T00:00+01:00;2023-01-22;1;1285;100,0;24;24;0;0;100,00;1263;22;3;15;4;0;0;0
18089V625292;MOSSEV V/FISKEV 1,2,3,4;EV18 S56D1 m7072;2023-01-22T00:00+01:00;2023-01-23T00:00+01:00;2023-01-22;2;4937;100,0;24;24;0;0;100,00;4686;251;42;73;56;80;80;0
18089V625292;MOSSEV V/FISKEV 1,2,3,4;EV18 S56D1 m7072;2023-01-22T00:00+01:00;2023-01-23T00:00+01:00;2023-01-22;3;3988;100,0;24;24;0;2;99,95;3737;249;32;84;80;53;52;1
18089V625292;MOSSEV V/FISKEV 1,2,3,4;EV18 S56D1 m7072;2023-01-22T00:00+01:00;2023-01-23T00:00+01:00;2023-01-22;4;267;100,0;24;24;0;0;100,00;159;108;6;34;27;41;41;0
18089V625292;MOSSEV V/FISKEV 1,2,3,4;EV18 S56D1 m7072;2023-01-22T00:00+01:00;2023-01-23T00:00+01:00;2023-01-22;Totalt i retning Mastemyr;5274;100,0;24;24;0;2;99,96;5000;272;35;100;84;53;52;1
18089V625292;MOSSEV V/FISKEV 1,2,3,4;EV18 S56D1 m7072;2023-01-22T00:00+01:00;2023-01-23T00:00+01:00;2023-01-22;Totalt i retning Oslo;5203;100,0;24;24;0;0;100,00;4845;358;48;106;83;121;121;0
18089V625292;MOSSEV V/FISKEV 1,2,3,4;EV18 S56D1 m7072;2023-01-22T00:00+01:00;2023-01-23T00:00+01:00;2023-01-22;Totalt;10477;100,0;24;24;0;2;99,98;9845;630;83;206;167;174;173;1
18089V625292;MOSSEV V/FISKEV 1,2,3,4;EV18 S56D1 m7072;2023-01-23T00:00+01:00;2023-01-24T00:00+01:00;2023-01-23;1;1681;100,0;24;24;0;1;99,94;1580;100;44;18;22;16;16;0
18089V625292;MOSSEV V/FISKEV 1,2,3,4;EV18 S56D1 m7072;2023-01-23T00:00+01:00;2023-01-24T00:00+01:00;2023-01-23;2;7206;100,0;24;24;0;5;99,93;6053;1148;193;301;269;385;382;3
18089V625292;MOSSEV V/FISKEV 1,2,3,4;EV18 S56D1 m7072;2023-01-23T00:00+01:00;2023-01-24T00:00+01:00;2023-01-23;3;5614;100,0;24;24;0;1;99,98;4529;1084;142;272;324;346;342;4
18089V625292;MOSSEV V/FISKEV 1,2,3,4;EV18 S56D1 m7072;2023-01-23T00:00+01:00;2023-01-24T00:00+01:00;2023-01-23;4;839;100,0;24;24;0;0;100,00;576;263;7;57;84;115;115;0
18089V625292;MOSSEV V/FISKEV 1,2,3,4;EV18 S56D1 m7072;2023-01-23T00:00+01:00;2023-01-24T00:00+01:00;2023-01-23;Totalt i retning Mastemyr;7296;100,0;24;24;0;2;99,97;6109;1185;186;291;346;362;358;4
18089V625292;MOSSEV V/FISKEV 1,2,3,4;EV18 S56D1 m7072;2023-01-23T00:00+01:00;2023-01-24T00:00+01:00;2023-01-23;Totalt i retning Oslo;8044;100,0;24;24;0;5;99,94;6629;1410;200;357;353;500;497;3
18089V625292;MOSSEV V/FISKEV 1,2,3,4;EV18 S56D1 m7072;2023-01-23T00:00+01:00;2023-01-24T00:00+01:00;2023-01-23;Totalt;15340;100,0;24;24;0;7;99,95;12738;2595;386;648;699;862;855;7
18089V625292;MOSSEV V/FISKEV 1,2,3,4;EV18 S56D1 m7072;2023-01-24T00:00+01:00;2023-01-25T00:00+01:00;2023-01-24;1;1771;100,0;24;24;0;1;99,94;1683;87;37;21;17;12;12;0
18089V625292;MOSSEV V/FISKEV 1,2,3,4;EV18 S56D1 m7072;2023-01-24T00:00+01:00;2023-01-25T00:00+01:00;2023-01-24;2;7434;100,0;24;24;0;56;99,25;6241;1137;220;273;262;382;379;3
18089V625292;MOSSEV V/FISKEV 1,2,3,4;EV18 S56D1 m7072;2023-01-24T00:00+01:00;2023-01-25T00:00+01:00;2023-01-24;3;5789;100,0;24;24;0;2;99,97;4604;1183;173;310;322;378;376;2
18089V625292;MOSSEV V/FISKEV 1,2,3,4;EV18 S56D1 m7072;2023-01-24T00:00+01:00;2023-01-25T00:00+01:00;2023-01-24;4;1009;100,0;24;24;0;0;100,00;715;294;13;71;86;124;124;0
18089V625292;MOSSEV V/FISKEV 1,2,3,4;EV18 S56D1 m7072;2023-01-24T00:00+01:00;2023-01-25T00:00+01:00;2023-01-24;Totalt i retning Mastemyr;7561;100,0;24;24;0;3;99,96;6287;1271;210;332;339;390;388;2
18089V625292;MOSSEV V/FISKEV 1,2,3,4;EV18 S56D1 m7072;2023-01-24T00:00+01:00;2023-01-25T00:00+01:00;2023-01-24;Totalt i retning Oslo;8442;100,0;24;24;0;56;99,34;6956;1430;233;343;348;506;503;3
18089V625292;MOSSEV V/FISKEV 1,2,3,4;EV18 S56D1 m7072;2023-01-24T00:00+01:00;2023-01-25T00:00+01:00;2023-01-24;Totalt;16003;100,0;24;24;0;59;99,63;13243;2701;443;675;687;896;891;5
18089V625292;MOSSEV V/FISKEV 1,2,3,4;EV18 S56D1 m7072;2023-01-25T00:00+01:00;2023-01-26T00:00+01:00;2023-01-25;1;2006;100,0;24;24;0;1;99,95;1901;104;42;25;15;22;21;1
18089V625292;MOSSEV V/FISKEV 1,2,3,4;EV18 S56D1 m7072;2023-01-25T00:00+01:00;2023-01-26T00:00+01:00;2023-01-25;2;7511;100,0;24;24;0;86;98,86;6276;1149;201;325;211;412;405;7
18089V625292;MOSSEV V/FISKEV 1,2,3,4;EV18 S56D1 m7072;2023-01-25T00:00+01:00;2023-01-26T00:00+01:00;2023-01-25;3;5766;100,0;24;24;0;4;99,93;4633;1129;149;307;266;407;399;8
18089V625292;MOSSEV V/FISKEV 1,2,3,4;EV18 S56D1 m7072;2023-01-25T00:00+01:00;2023-01-26T00:00+01:00;2023-01-25;4;1014;100,0;24;24;0;0;100,00;716;298;17;66;97;118;118;0
18089V625292;MOSSEV V/FISKEV 1,2,3,4;EV18 S56D1 m7072;2023-01-25T00:00+01:00;2023-01-26T00:00+01:00;2023-01-25;Totalt i retning Mastemyr;7774;100,0;24;24;0;5;99,94;6534;1235;191;333;281;430;421;9
18089V625292;MOSSEV V/FISKEV 1,2,3,4;EV18 S56D1 m7072;2023-01-25T00:00+01:00;2023-01-26T00:00+01:00;2023-01-25;Totalt i retning Oslo;8523;100,0;24;24;0;86;98,99;6992;1445;218;390;308;529;522;7
18089V625292;MOSSEV V/FISKEV 1,2,3,4;EV18 S56D1 m7072;2023-01-25T00:00+01:00;2023-01-26T00:00+01:00;2023-01-25;Totalt;16297;100,0;24;24;0;91;99,44;13526;2680;409;723;589;959;943;16
18089V625292;MOSSEV V/FISKEV 1,2,3,4;EV18 S56D1 m7072;2023-01-26T00:00+01:00;2023-01-27T00:00+01:00;2023-01-26;1;1964;100,0;24;24;0;0;100,00;1879;85;29;28;17;11;11;0
18089V625292;MOSSEV V/FISKEV 1,2,3,4;EV18 S56D1 m7072;2023-01-26T00:00+01:00;2023-01-27T00:00+01:00;2023-01-26;2;8405;100,0;24;24;0;350;95,84;6603;1452;218;363;271;600;584;16
18089V625292;MOSSEV V/FISKEV 1,2,3,4;EV18 S56D1 m7072;2023-01-26T00:00+01:00;2023-01-27T00:00+01:00;2023-01-26;3;5888;100,0;24;24;0;3;99,95;4776;1109;180;307;249;373;368;5
18089V625292;MOSSEV V/FISKEV 1,2,3,4;EV18 S56D1 m7072;2023-01-26T00:00+01:00;2023-01-27T00:00+01:00;2023-01-26;4;1984;100,0;24;24;0;0;100,00;1634;350;42;84;109;115;115;0
18089V625292;MOSSEV V/FISKEV 1,2,3,4;EV18 S56D1 m7072;2023-01-26T00:00+01:00;2023-01-27T00:00+01:00;2023-01-26;Totalt i retning Mastemyr;7862;100,0;24;24;0;9;99,89;6656;1197;209;337;267;384;379;5
18089V625292;MOSSEV V/FISKEV 1,2,3,4;EV18 S56D1 m7072;2023-01-26T00:00+01:00;2023-01-27T00:00+01:00;2023-01-26;Totalt i retning Oslo;10379;100,0;24;24;0;344;96,69;8236;1799;260;445;379;715;699;16
18089V625292;MOSSEV V/FISKEV 1,2,3,4;EV18 S56D1 m7072;2023-01-26T00:00+01:00;2023-01-27T00:00+01:00;2023-01-26;Totalt;18241;100,0;24;24;0;353;98,06;14892;2996;469;782;646;1099;1078;21
18089V625292;MOSSEV V/FISKEV 1,2,3,4;EV18 S56D1 m7072;2023-01-27T00:00+01:00;2023-01-28T00:00+01:00;2023-01-27;1;1835;100,0;24;24;0;0;100,00;1761;74;32;17;18;7;7;0
18089V625292;MOSSEV V/FISKEV 1,2,3,4;EV18 S56D1 m7072;2023-01-27T00:00+01:00;2023-01-28T00:00+01:00;2023-01-27;2;7729;100,0;24;24;0;1;99,99;6705;1023;216;290;221;296;292;4
18089V625292;MOSSEV V/FISKEV 1,2,3,4;EV18 S56D1 m7072;2023-01-27T00:00+01:00;2023-01-28T00:00+01:00;2023-01-27;3;5483;100,0;24;24;0;3;99,95;4445;1035;143;276;282;334;330;4
18089V625292;MOSSEV V/FISKEV 1,2,3,4;EV18 S56D1 m7072;2023-01-27T00:00+01:00;2023-01-28T00:00+01:00;2023-01-27;4;639;100,0;24;24;0;0;100,00;365;274;9;63;82;120;120;0
18089V625292;MOSSEV V/FISKEV 1,2,3,4;EV18 S56D1 m7072;2023-01-27T00:00+01:00;2023-01-28T00:00+01:00;2023-01-27;Totalt i retning Mastemyr;7319;100,0;24;24;0;3;99,96;6206;1110;175;294;300;341;337;4
18089V625292;MOSSEV V/FISKEV 1,2,3,4;EV18 S56D1 m7072;2023-01-27T00:00+01:00;2023-01-28T00:00+01:00;2023-01-27;Totalt i retning Oslo;8367;100,0;24;24;0;1;99,99;7070;1296;225;352;303;416;412;4
18089V625292;MOSSEV V/FISKEV 1,2,3,4;EV18 S56D1 m7072;2023-01-27T00:00+01:00;2023-01-28T00:00+01:00;2023-01-27;Totalt;15686;100,0;24;24;0;4;99,97;13276;2406;400;646;603;757;749;8
18089V625292;MOSSEV V/FISKEV 1,2,3,4;EV18 S56D1 m7072;2023-01-28T00:00+01:00;2023-01-29T00:00+01:00;2023-01-28;1;1363;100,0;24;24;0;0;100,00;1345;18;7;4;6;1;1;0
18089V625292;MOSSEV V/FISKEV 1,2,3,4;EV18 S56D1 m7072;2023-01-28T00:00+01:00;2023-01-29T00:00+01:00;2023-01-28;2;5252;100,0;24;24;0;0;100,00;4998;254;58;78;76;42;42;0
18089V625292;MOSSEV V/FISKEV 1,2,3,4;EV18 S56D1 m7072;2023-01-28T00:00+01:00;2023-01-29T00:00+01:00;2023-01-28;3;3796;100,0;24;24;0;1;99,97;3468;327;53;86;137;51;51;0
18089V625292;MOSSEV V/FISKEV 1,2,3,4;EV18 S56D1 m7072;2023-01-28T00:00+01:00;2023-01-29T00:00+01:00;2023-01-28;4;362;100,0;24;24;0;0;100,00;216;146;2;16;61;67;67;0
18089V625292;MOSSEV V/FISKEV 1,2,3,4;EV18 S56D1 m7072;2023-01-28T00:00+01:00;2023-01-29T00:00+01:00;2023-01-28;Totalt i retning Mastemyr;5160;100,0;24;24;0;1;99,98;4813;346;60;91;143;52;52;0
18089V625292;MOSSEV V/FISKEV 1,2,3,4;EV18 S56D1 m7072;2023-01-28T00:00+01:00;2023-01-29T00:00+01:00;2023-01-28;Totalt i retning Oslo;5613;100,0;24;24;0;0;100,00;5214;399;60;93;137;109;109;0
18089V625292;MOSSEV V/FISKEV 1,2,3,4;EV18 S56D1 m7072;2023-01-28T00:00+01:00;2023-01-29T00:00+01:00;2023-01-28;Totalt;10773;100,0;24;24;0;1;99,99;10027;745;120;184;280;161;161;0
18089V625292;MOSSEV V/FISKEV 1,2,3,4;EV18 S56D1 m7072;2023-01-29T00:00+01:00;2023-01-30T00:00+01:00;2023-01-29;1;1487;100,0;24;24;0;0;100,00;1456;31;12;8;11;0;0;0
18089V625292;MOSSEV V/FISKEV 1,2,3,4;EV18 S56D1 m7072;2023-01-29T00:00+01:00;2023-01-30T00:00+01:00;2023-01-29;2;5271;100,0;24;24;0;1;99,98;5032;238;39;60;53;86;84;2
18089V625292;MOSSEV V/FISKEV 1,2,3,4;EV18 S56D1 m7072;2023-01-29T00:00+01:00;2023-01-30T00:00+01:00;2023-01-29;3;4248;100,0;24;24;0;0;100,00;3984;264;41;76;104;43;43;0
18089V625292;MOSSEV V/FISKEV 1,2,3,4;EV18 S56D1 m7072;2023-01-29T00:00+01:00;2023-01-30T00:00+01:00;2023-01-29;4;351;100,0;24;24;0;0;100,00;216;135;8;31;51;45;45;0
18089V625292;MOSSEV V/FISKEV 1,2,3,4;EV18 S56D1 m7072;2023-01-29T00:00+01:00;2023-01-30T00:00+01:00;2023-01-29;Totalt i retning Mastemyr;5735;100,0;24;24;0;0;100,00;5440;295;53;84;115;43;43;0
18089V625292;MOSSEV V/FISKEV 1,2,3,4;EV18 S56D1 m7072;2023-01-29T00:00+01:00;2023-01-30T00:00+01:00;2023-01-29;Totalt i retning Oslo;5622;100,0;24;24;0;1;99,98;5248;373;47;91;104;131;129;2
18089V625292;MOSSEV V/FISKEV 1,2,3,4;EV18 S56D1 m7072;2023-01-29T00:00+01:00;2023-01-30T00:00+01:00;2023-01-29;Totalt;11357;100,0;24;24;0;1;99,99;10688;668;100;175;219;174;172;2
18089V625292;MOSSEV V/FISKEV 1,2,3,4;EV18 S56D1 m7072;2023-01-30T00:00+01:00;2023-01-31T00:00+01:00;2023-01-30;1;1706;100,0;24;24;0;0;100,00;1632;74;32;13;18;11;11;0
18089V625292;MOSSEV V/FISKEV 1,2,3,4;EV18 S56D1 m7072;2023-01-30T00:00+01:00;2023-01-31T00:00+01:00;2023-01-30;2;6381;100,0;24;24;0;320;94,99;5035;1026;197;277;213;339;337;2
18089V625292;MOSSEV V/FISKEV 1,2,3,4;EV18 S56D1 m7072;2023-01-30T00:00+01:00;2023-01-31T00:00+01:00;2023-01-30;3;5594;100,0;24;24;0;2;99,96;4458;1134;161;301;307;365;361;4
18089V625292;MOSSEV V/FISKEV 1,2,3,4;EV18 S56D1 m7072;2023-01-30T00:00+01:00;2023-01-31T00:00+01:00;2023-01-30;4;889;100,0;24;24;0;0;100,00;606;283;9;63;90;121;121;0
18089V625292;MOSSEV V/FISKEV 1,2,3,4;EV18 S56D1 m7072;2023-01-30T00:00+01:00;2023-01-31T00:00+01:00;2023-01-30;Totalt i retning Mastemyr;7488;100,0;24;24;0;150;98,00;6113;1225;194;319;329;383;379;4
18089V625292;MOSSEV V/FISKEV 1,2,3,4;EV18 S56D1 m7072;2023-01-30T00:00+01:00;2023-01-31T00:00+01:00;2023-01-30;Totalt i retning Oslo;7082;100,0;24;24;0;172;97,57;5618;1292;205;335;299;453;451;2
18089V625292;MOSSEV V/FISKEV 1,2,3,4;EV18 S56D1 m7072;2023-01-30T00:00+01:00;2023-01-31T00:00+01:00;2023-01-30;Totalt;14570;100,0;24;24;0;322;97,79;11731;2517;399;654;628;836;830;6
18089V625292;MOSSEV V/FISKEV 1,2,3,4;EV18 S56D1 m7072;2023-01-31T00:00+01:00;2023-02-01T00:00+01:00;2023-01-31;1;1795;100,0;24;24;0;1;99,94;1700;94;35;26;23;10;10;0
18089V625292;MOSSEV V/FISKEV 1,2,3,4;EV18 S56D1 m7072;2023-01-31T00:00+01:00;2023-02-01T00:00+01:00;2023-01-31;2;4753;100,0;24;24;0;131;97,24;3898;724;130;211;130;253;248;5
18089V625292;MOSSEV V/FISKEV 1,2,3,4;EV18 S56D1 m7072;2023-01-31T00:00+01:00;2023-02-01T00:00+01:00;2023-01-31;3;5746;100,0;24;24;0;3;99,95;4672;1071;155;285;259;372;368;4
18089V625292;MOSSEV V/FISKEV 1,2,3,4;EV18 S56D1 m7072;2023-01-31T00:00+01:00;2023-02-01T00:00+01:00;2023-01-31;4;1148;100,0;24;24;0;0;100,00;817;331;18;86;101;126;126;0
18089V625292;MOSSEV V/FISKEV 1,2,3,4;EV18 S56D1 m7072;2023-01-31T00:00+01:00;2023-02-01T00:00+01:00;2023-01-31;Totalt i retning Mastemyr;7624;100,0;24;24;0;60;99,21;6377;1187;193;321;286;387;382;5
18089V625292;MOSSEV V/FISKEV 1,2,3,4;EV18 S56D1 m7072;2023-01-31T00:00+01:00;2023-02-01T00:00+01:00;2023-01-31;Totalt i retning Oslo;5818;100,0;24;24;0;75;98,71;4710;1033;145;287;227;374;370;4
18089V625292;MOSSEV V/FISKEV 1,2,3,4;EV18 S56D1 m7072;2023-01-31T00:00+01:00;2023-02-01T00:00+01:00;2023-01-31;Totalt;13442;100,0;24;24;0;135;99,00;11087;2220;338;608;513;761;752;9
18089V625292;MOSSEV V/FISKEV 1,2,3,4;EV18 S56D1 m7072;2023-02-01T00:00+01:00;2023-02-02T00:00+01:00;2023-02-01;1;1837;100,0;24;24;0;0;100,00;1750;87;40;16;19;12;12;0
18089V625292;MOSSEV V/FISKEV 1,2,3,4;EV18 S56D1 m7072;2023-02-01T00:00+01:00;2023-02-02T00:00+01:00;2023-02-01;2;7788;100,0;24;24;0;66;99,15;6511;1211;275;319;204;413;403;10
18089V625292;MOSSEV V/FISKEV 1,2,3,4;EV18 S56D1 m7072;2023-02-01T00:00+01:00;2023-02-02T00:00+01:00;2023-02-01;3;5731;100,0;24;24;0;3;99,95;4626;1102;169;285;255;393;388;5
18089V625292;MOSSEV V/FISKEV 1,2,3,4;EV18 S56D1 m7072;2023-02-01T00:00+01:00;2023-02-02T00:00+01:00;2023-02-01;4;947;100,0;24;24;0;0;100,00;653;294;17;62;90;125;125;0
18089V625292;MOSSEV V/FISKEV 1,2,3,4;EV18 S56D1 m7072;2023-02-01T00:00+01:00;2023-02-02T00:00+01:00;2023-02-01;Totalt i retning Mastemyr;7605;100,0;24;24;0;32;99,58;6378;1195;211;303;274;407;400;7
18089V625292;MOSSEV V/FISKEV 1,2,3,4;EV18 S56D1 m7072;2023-02-01T00:00+01:00;2023-02-02T00:00+01:00;2023-02-01;Totalt i retning Oslo;8698;100,0;24;24;0;37;99,57;7162;1499;290;379;294;536;528;8
18089V625292;MOSSEV V/FISKEV 1,2,3,4;EV18 S56D1 m7072;2023-02-01T00:00+01:00;2023-02-02T00:00+01:00;2023-02-01;Totalt;16303;100,0;24;24;0;69;99,58;13540;2694;501;682;568;943;928;15
18089V625292;MOSSEV V/FISKEV 1,2,3,4;EV18 S56D1 m7072;2023-02-02T00:00+01:00;2023-02-03T00:00+01:00;2023-02-02;1;2062;100,0;24;24;0;1;99,95;1946;115;56;31;10;18;17;1
18089V625292;MOSSEV V/FISKEV 1,2,3,4;EV18 S56D1 m7072;2023-02-02T00:00+01:00;2023-02-03T00:00+01:00;2023-02-02;2;7644;100,0;24;24;0;287;96,25;6304;1053;263;332;147;311;305;6
18089V625292;MOSSEV V/FISKEV 1,2,3,4;EV18 S56D1 m7072;2023-02-02T00:00+01:00;2023-02-03T00:00+01:00;2023-02-02;3;6154;100,0;24;24;0;1;99,98;5013;1140;199;309;229;403;397;6
18089V625292;MOSSEV V/FISKEV 1,2,3,4;EV18 S56D1 m7072;2023-02-02T00:00+01:00;2023-02-03T00:00+01:00;2023-02-02;4;945;100,0;24;24;0;0;100,00;659;286;14;65;77;130;130;0
18089V625292;MOSSEV V/FISKEV 1,2,3,4;EV18 S56D1 m7072;2023-02-02T00:00+01:00;2023-02-03T00:00+01:00;2023-02-02;Totalt i retning Mastemyr;8366;100,0;24;24;0;82;99,02;6999;1285;262;348;244;431;423;8
18089V625292;MOSSEV V/FISKEV 1,2,3,4;EV18 S56D1 m7072;2023-02-02T00:00+01:00;2023-02-03T00:00+01:00;2023-02-02;Totalt i retning Oslo;8439;100,0;24;24;0;207;97,55;6923;1309;270;389;219;431;426;5
18089V625292;MOSSEV V/FISKEV 1,2,3,4;EV18 S56D1 m7072;2023-02-02T00:00+01:00;2023-02-03T00:00+01:00;2023-02-02;Totalt;16805;100,0;24;24;0;289;98,28;13922;2594;532;737;463;862;849;13
18089V625292;MOSSEV V/FISKEV 1,2,3,4;EV18 S56D1 m7072;2023-02-03T00:00+01:00;2023-02-04T00:00+01:00;2023-02-03;1;1845;100,0;24;24;0;0;100,00;1742;103;40;18;28;17;17;0
18089V625292;MOSSEV V/FISKEV 1,2,3,4;EV18 S56D1 m7072;2023-02-03T00:00+01:00;2023-02-04T00:00+01:00;2023-02-03;2;5413;100,0;24;24;0;1014;81,27;3662;737;174;224;139;200;188;12
18089V625292;MOSSEV V/FISKEV 1,2,3,4;EV18 S56D1 m7072;2023-02-03T00:00+01:00;2023-02-04T00:00+01:00;2023-02-03;3;5368;100,0;24;24;0;2;99,96;4374;992;157;251;260;324;321;3
18089V625292;MOSSEV V/FISKEV 1,2,3,4;EV18 S56D1 m7072;2023-02-03T00:00+01:00;2023-02-04T00:00+01:00;2023-02-03;4;766;100,0;24;24;0;2;99,74;466;298;11;75;96;116;116;0
18089V625292;MOSSEV V/FISKEV 1,2,3,4;EV18 S56D1 m7072;2023-02-03T00:00+01:00;2023-02-04T00:00+01:00;2023-02-03;Totalt i retning Mastemyr;7754;100,0;24;24;0;378;95,13;6213;1163;209;289;303;362;351;11
18089V625292;MOSSEV V/FISKEV 1,2,3,4;EV18 S56D1 m7072;2023-02-03T00:00+01:00;2023-02-04T00:00+01:00;2023-02-03;Totalt i retning Oslo;5638;100,0;24;24;0;640;88,65;4031;967;173;279;220;295;291;4
18089V625292;MOSSEV V/FISKEV 1,2,3,4;EV18 S56D1 m7072;2023-02-03T00:00+01:00;2023-02-04T00:00+01:00;2023-02-03;Totalt;13392;100,0;24;24;0;1018;92,40;10244;2130;382;568;523;657;642;15
18089V625292;MOSSEV V/FISKEV 1,2,3,4;EV18 S56D1 m7072;2023-02-04T00:00+01:00;2023-02-05T00:00+01:00;2023-02-04;1;1372;100,0;24;24;0;1;99,93;1347;24;7;6;9;2;2;0
18089V625292;MOSSEV V/FISKEV 1,2,3,4;EV18 S56D1 m7072;2023-02-04T00:00+01:00;2023-02-05T00:00+01:00;2023-02-04;2;3057;100,0;24;24;0;1408;53,94;1414;235;59;92;42;42;35;7
18089V625292;MOSSEV V/FISKEV 1,2,3,4;EV18 S56D1 m7072;2023-02-04T00:00+01:00;2023-02-05T00:00+01:00;2023-02-04;3;3762;100,0;24;24;0;0;100,00;3450;312;51;82;124;55;55;0
18089V625292;MOSSEV V/FISKEV 1,2,3,4;EV18 S56D1 m7072;2023-02-04T00:00+01:00;2023-02-05T00:00+01:00;2023-02-04;4;395;100,0;24;24;0;0;100,00;245;150;1;22;60;67;67;0
18089V625292;MOSSEV V/FISKEV 1,2,3,4;EV18 S56D1 m7072;2023-02-04T00:00+01:00;2023-02-05T00:00+01:00;2023-02-04;Totalt i retning Mastemyr;5639;100,0;24;24;0;398;92,94;4878;363;66;97;138;62;61;1
18089V625292;MOSSEV V/FISKEV 1,2,3,4;EV18 S56D1 m7072;2023-02-04T00:00+01:00;2023-02-05T00:00+01:00;2023-02-04;Totalt i retning Oslo;2947;100,0;24;24;0;1011;65,69;1578;358;52;105;97;104;98;6
18089V625292;MOSSEV V/FISKEV 1,2,3,4;EV18 S56D1 m7072;2023-02-04T00:00+01:00;2023-02-05T00:00+01:00;2023-02-04;Totalt;8586;100,0;24;24;0;1409;83,59;6456;721;118;202;235;166;159;7
18089V625292;MOSSEV V/FISKEV 1,2,3,4;EV18 S56D1 m7072;2023-02-05T00:00+01:00;2023-02-06T00:00+01:00;2023-02-05;1;1349;100,0;24;24;0;0;100,00;1314;35;16;7;10;2;2;0
18089V625292;MOSSEV V/FISKEV 1,2,3,4;EV18 S56D1 m7072;2023-02-05T00:00+01:00;2023-02-06T00:00+01:00;2023-02-05;2;4217;100,0;24;24;0;704;83,31;3121;392;90;155;63;84;78;6
18089V625292;MOSSEV V/FISKEV 1,2,3,4;EV18 S56D1 m7072;2023-02-05T00:00+01:00;2023-02-06T00:00+01:00;2023-02-05;3;4025;100,0;24;24;0;2;99,95;3752;271;31;84;103;53;52;1
18089V625292;MOSSEV V/FISKEV 1,2,3,4;EV18 S56D1 m7072;2023-02-05T00:00+01:00;2023-02-06T00:00+01:00;2023-02-05;4;331;100,0;24;24;0;0;100,00;212;119;4;37;38;40;40;0
18089V625292;MOSSEV V/FISKEV 1,2,3,4;EV18 S56D1 m7072;2023-02-05T00:00+01:00;2023-02-06T00:00+01:00;2023-02-05;Totalt i retning Mastemyr;5756;100,0;24;24;0;275;95,22;5137;344;54;103;117;70;65;5
18089V625292;MOSSEV V/FISKEV 1,2,3,4;EV18 S56D1 m7072;2023-02-05T00:00+01:00;2023-02-06T00:00+01:00;2023-02-05;Totalt i retning Oslo;4166;100,0;24;24;0;431;89,65;3262;473;87;180;97;109;107;2
18089V625292;MOSSEV V/FISKEV 1,2,3,4;EV18 S56D1 m7072;2023-02-05T00:00+01:00;2023-02-06T00:00+01:00;2023-02-05;Totalt;9922;100,0;24;24;0;706;92,88;8399;817;141;283;214;179;172;7
18089V625292;MOSSEV V/FISKEV 1,2,3,4;EV18 S56D1 m7072;2023-02-06T00:00+01:00;2023-02-07T00:00+01:00;2023-02-06;1;1593;100,0;24;24;0;0;100,00;1529;64;21;17;19;7;7;0
18089V625292;MOSSEV V/FISKEV 1,2,3,4;EV18 S56D1 m7072;2023-02-06T00:00+01:00;2023-02-07T00:00+01:00;2023-02-06;2;6565;100,0;24;24;0;220;96,65;5372;973;216;273;130;354;349;5
18089V625292;MOSSEV V/FISKEV 1,2,3,4;EV18 S56D1 m7072;2023-02-06T00:00+01:00;2023-02-07T00:00+01:00;2023-02-06;3;5570;100,0;24;24;0;3;99,95;4532;1035;162;285;241;347;345;2
18089V625292;MOSSEV V/FISKEV 1,2,3,4;EV18 S56D1 m7072;2023-02-06T00:00+01:00;2023-02-07T00:00+01:00;2023-02-06;4;1436;100,0;24;24;0;41;97,14;1021;374;27;90;101;156;154;2
18089V625292;MOSSEV V/FISKEV 1,2,3,4;EV18 S56D1 m7072;2023-02-06T00:00+01:00;2023-02-07T00:00+01:00;2023-02-06;Totalt i retning Mastemyr;7266;100,0;24;24;0;77;98,94;6073;1116;188;309;263;356;354;2
18089V625292;MOSSEV V/FISKEV 1,2,3,4;EV18 S56D1 m7072;2023-02-06T00:00+01:00;2023-02-07T00:00+01:00;2023-02-06;Totalt i retning Oslo;7898;100,0;24;24;0;187;97,63;6381;1330;238;356;228;508;501;7
18089V625292;MOSSEV V/FISKEV 1,2,3,4;EV18 S56D1 m7072;2023-02-06T00:00+01:00;2023-02-07T00:00+01:00;2023-02-06;Totalt;15164;100,0;24;24;0;264;98,26;12454;2446;426;665;491;864;855;9
18089V625292;MOSSEV V/FISKEV 1,2,3,4;EV18 S56D1 m7072;2023-02-07T00:00+01:00;2023-02-08T00:00+01:00;2023-02-07;1;1726;100,0;24;24;0;0;100,00;1639;87;37;23;19;8;8;0
18089V625292;MOSSEV V/FISKEV 1,2,3,4;EV18 S56D1 m7072;2023-02-07T00:00+01:00;2023-02-08T00:00+01:00;2023-02-07;2;7455;100,0;24;24;0;110;98,52;6211;1134;218;337;223;356;354;2
18089V625292;MOSSEV V/FISKEV 1,2,3,4;EV18 S56D1 m7072;2023-02-07T00:00+01:00;2023-02-08T00:00+01:00;2023-02-07;3;5717;100,0;24;24;0;2;99,97;4635;1080;150;317;232;381;376;5
18089V625292;MOSSEV V/FISKEV 1,2,3,4;EV18 S56D1 m7072;2023-02-07T00:00+01:00;2023-02-08T00:00+01:00;2023-02-07;4;1151;100,0;24;24;0;0;100,00;850;301;22;72;80;127;127;0
18089V625292;MOSSEV V/FISKEV 1,2,3,4;EV18 S56D1 m7072;2023-02-07T00:00+01:00;2023-02-08T00:00+01:00;2023-02-07;Totalt i retning Mastemyr;7443;100,0;24;24;0;2;99,97;6274;1167;187;340;251;389;384;5
18089V625292;MOSSEV V/FISKEV 1,2,3,4;EV18 S56D1 m7072;2023-02-07T00:00+01:00;2023-02-08T00:00+01:00;2023-02-07;Totalt i retning Oslo;8606;100,0;24;24;0;110;98,72;7061;1435;240;409;303;483;481;2
18089V625292;MOSSEV V/FISKEV 1,2,3,4;EV18 S56D1 m7072;2023-02-07T00:00+01:00;2023-02-08T00:00+01:00;2023-02-07;Totalt;16049;100,0;24;24;0;112;99,30;13335;2602;427;749;554;872;865;7
18089V625292;MOSSEV V/FISKEV 1,2,3,4;EV18 S56D1 m7072;2023-02-08T00:00+01:00;2023-02-09T00:00+01:00;2023-02-08;1;2185;100,0;24;24;0;0;100,00;2040;145;36;37;27;45;45;0
18089V625292;MOSSEV V/FISKEV 1,2,3,4;EV18 S56D1 m7072;2023-02-08T00:00+01:00;2023-02-09T00:00+01:00;2023-02-08;2;6993;100,0;24;24;0;558;92,02;5292;1143;241;347;172;383;376;7
18089V625292;MOSSEV V/FISKEV 1,2,3,4;EV18 S56D1 m7072;2023-02-08T00:00+01:00;2023-02-09T00:00+01:00;2023-02-08;3;5675;100,0;24;24;0;6;99,89;4607;1062;153;274;246;389;382;7
18089V625292;MOSSEV V/FISKEV 1,2,3,4;EV18 S56D1 m7072;2023-02-08T00:00+01:00;2023-02-09T00:00+01:00;2023-02-08;4;1106;100,0;24;24;0;0;100,00;807;299;18;73;87;121;121;0
18089V625292;MOSSEV V/FISKEV 1,2,3,4;EV18 S56D1 m7072;2023-02-08T00:00+01:00;2023-02-09T00:00+01:00;2023-02-08;Totalt i retning Mastemyr;8172;100,0;24;24;0;226;97,23;6687;1259;202;326;282;449;437;12
18089V625292;MOSSEV V/FISKEV 1,2,3,4;EV18 S56D1 m7072;2023-02-08T00:00+01:00;2023-02-09T00:00+01:00;2023-02-08;Totalt i retning Oslo;7787;100,0;24;24;0;338;95,66;6059;1390;246;405;250;489;487;2
18089V625292;MOSSEV V/FISKEV 1,2,3,4;EV18 S56D1 m7072;2023-02-08T00:00+01:00;2023-02-09T00:00+01:00;2023-02-08;Totalt;15959;100,0;24;24;0;564;96,47;12746;2649;448;731;532;938;924;14
18089V625292;MOSSEV V/FISKEV 1,2,3,4;EV18 S56D1 m7072;2023-02-09T00:00+01:00;2023-02-10T00:00+01:00;2023-02-09;1;1984;100,0;24;24;0;0;100,00;1881;103;47;20;19;17;17;0
18089V625292;MOSSEV V/FISKEV 1,2,3,4;EV18 S56D1 m7072;2023-02-09T00:00+01:00;2023-02-10T00:00+01:00;2023-02-09;2;3254;100,0;24;24;0;332;89,80;2613;309;78;114;52;65;65;0
18089V625292;MOSSEV V/FISKEV 1,2,3,4;EV18 S56D1 m7072;2023-02-09T00:00+01:00;2023-02-10T00:00+01:00;2023-02-09;3;5999;100,0;24;24;0;2;99,97;4902;1095;158;304;252;381;379;2
18089V625292;MOSSEV V/FISKEV 1,2,3,4;EV18 S56D1 m7072;2023-02-09T00:00+01:00;2023-02-10T00:00+01:00;2023-02-09;4;981;100,0;24;24;0;1;99,90;687;293;9;78;79;127;127;0
18089V625292;MOSSEV V/FISKEV 1,2,3,4;EV18 S56D1 m7072;2023-02-09T00:00+01:00;2023-02-10T00:00+01:00;2023-02-09;Totalt i retning Mastemyr;8178;100,0;24;24;0;137;98,32;6805;1236;215;340;276;405;403;2
18089V625292;MOSSEV V/FISKEV 1,2,3,4;EV18 S56D1 m7072;2023-02-09T00:00+01:00;2023-02-10T00:00+01:00;2023-02-09;Totalt i retning Oslo;4040;100,0;24;24;0;198;95,10;3278;564;77;176;126;185;185;0
18089V625292;MOSSEV V/FISKEV 1,2,3,4;EV18 S56D1 m7072;2023-02-09T00:00+01:00;2023-02-10T00:00+01:00;2023-02-09;Totalt;12218;100,0;24;24;0;335;97,26;10083;1800;292;516;402;590;588;2
18089V625292;MOSSEV V/FISKEV 1,2,3,4;EV18 S56D1 m7072;2023-02-10T00:00+01:00;2023-02-11T00:00+01:00;2023-02-10;1;1847;100,0;24;24;0;1;99,95;1752;94;43;17;15;19;19;0
18089V625292;MOSSEV V/FISKEV 1,2,3,4;EV18 S56D1 m7072;2023-02-10T00:00+01:00;2023-02-11T00:00+01:00;2023-02-10;2;7107;100,0;24;24;0;72;98,99;6119;916;191;261;180;284;279;5
18089V625292;MOSSEV V/FISKEV 1,2,3,4;EV18 S56D1 m7072;2023-02-10T00:00+01:00;2023-02-11T00:00+01:00;2023-02-10;3;5509;100,0;24;24;0;3;99,95;4503;1003;123;280;269;331;329;2
18089V625292;MOSSEV V/FISKEV 1,2,3,4;EV18 S56D1 m7072;2023-02-10T00:00+01:00;2023-02-11T00:00+01:00;2023-02-10;4;726;100,0;24;24;0;0;100,00;444;282;6;76;66;134;134;0
18089V625292;MOSSEV V/FISKEV 1,2,3,4;EV18 S56D1 m7072;2023-02-10T00:00+01:00;2023-02-11T00:00+01:00;2023-02-10;Totalt i retning Mastemyr;7391;100,0;24;24;0;29;99,61;6256;1106;167;299;286;354;351;3
18089V625292;MOSSEV V/FISKEV 1,2,3,4;EV18 S56D1 m7072;2023-02-10T00:00+01:00;2023-02-11T00:00+01:00;2023-02-10;Totalt i retning Oslo;7798;100,0;24;24;0;47;99,40;6562;1189;196;335;244;414;410;4
18089V625292;MOSSEV V/FISKEV 1,2,3,4;EV18 S56D1 m7072;2023-02-10T00:00+01:00;2023-02-11T00:00+01:00;2023-02-10;Totalt;15189;100,0;24;24;0;76;99,50;12818;2295;363;634;530;768;761;7
18089V625292;MOSSEV V/FISKEV 1,2,3,4;EV18 S56D1 m7072;2023-02-11T00:00+01:00;2023-02-12T00:00+01:00;2023-02-11;1;1450;100,0;24;24;0;0;100,00;1419;31;11;10;9;1;1;0
18089V625292;MOSSEV V/FISKEV 1,2,3,4;EV18 S56D1 m7072;2023-02-11T00:00+01:00;2023-02-12T00:00+01:00;2023-02-11;2;4293;100,0;24;24;0;228;94,69;3819;246;72;68;66;40;38;2
18089V625292;MOSSEV V/FISKEV 1,2,3,4;EV18 S56D1 m7072;2023-02-11T00:00+01:00;2023-02-12T00:00+01:00;2023-02-11;3;3801;100,0;24;24;0;2;99,95;3489;310;46;98;120;46;45;1
18089V625292;MOSSEV V/FISKEV 1,2,3,4;EV18 S56D1 m7072;2023-02-11T00:00+01:00;2023-02-12T00:00+01:00;2023-02-11;4;404;100,0;24;24;0;0;100,00;271;133;4;29;35;65;65;0
18089V625292;MOSSEV V/FISKEV 1,2,3,4;EV18 S56D1 m7072;2023-02-11T00:00+01:00;2023-02-12T00:00+01:00;2023-02-11;Totalt i retning Mastemyr;5375;100,0;24;24;0;84;98,44;4930;361;62;115;132;52;50;2
18089V625292;MOSSEV V/FISKEV 1,2,3,4;EV18 S56D1 m7072;2023-02-11T00:00+01:00;2023-02-12T00:00+01:00;2023-02-11;Totalt i retning Oslo;4573;100,0;24;24;0;146;96,81;4068;359;71;90;98;100;99;1
18089V625292;MOSSEV V/FISKEV 1,2,3,4;EV18 S56D1 m7072;2023-02-11T00:00+01:00;2023-02-12T00:00+01:00;2023-02-11;Totalt;9948;100,0;24;24;0;230;97,69;8998;720;133;205;230;152;149;3
18089V625292;MOSSEV V/FISKEV 1,2,3,4;EV18 S56D1 m7072;2023-02-12T00:00+01:00;2023-02-13T00:00+01:00;2023-02-12;1;1487;100,0;24;24;0;0;100,00;1466;21;11;1;7;2;2;0
18089V625292;MOSSEV V/FISKEV 1,2,3,4;EV18 S56D1 m7072;2023-02-12T00:00+01:00;2023-02-13T00:00+01:00;2023-02-12;2;5258;100,0;24;24;0;144;97,26;4876;238;53;56;55;74;71;3
18089V625292;MOSSEV V/FISKEV 1,2,3,4;EV18 S56D1 m7072;2023-02-12T00:00+01:00;2023-02-13T00:00+01:00;2023-02-12;3;4358;100,0;24;24;0;0;100,00;4113;245;35;68;94;48;48;0
18089V625292;MOSSEV V/FISKEV 1,2,3,4;EV18 S56D1 m7072;2023-02-12T00:00+01:00;2023-02-13T00:00+01:00;2023-02-12;4;391;100,0;24;24;0;0;100,00;283;108;3;25;36;44;44;0
18089V625292;MOSSEV V/FISKEV 1,2,3,4;EV18 S56D1 m7072;2023-02-12T00:00+01:00;2023-02-13T00:00+01:00;2023-02-12;Totalt i retning Mastemyr;5944;100,0;24;24;0;77;98,70;5585;282;50;74;101;57;55;2
18089V625292;MOSSEV V/FISKEV 1,2,3,4;EV18 S56D1 m7072;2023-02-12T00:00+01:00;2023-02-13T00:00+01:00;2023-02-12;Totalt i retning Oslo;5550;100,0;24;24;0;67;98,79;5153;330;52;76;91;111;110;1
18089V625292;MOSSEV V/FISKEV 1,2,3,4;EV18 S56D1 m7072;2023-02-12T00:00+01:00;2023-02-13T00:00+01:00;2023-02-12;Totalt;11494;100,0;24;24;0;144;98,75;10738;612;102;150;192;168;165;3
18089V625292;MOSSEV V/FISKEV 1,2,3,4;EV18 S56D1 m7072;2023-02-13T00:00+01:00;2023-02-14T00:00+01:00;2023-02-13;1;1644;100,0;24;24;0;0;100,00;1571;73;28;24;12;9;9;0
18089V625292;MOSSEV V/FISKEV 1,2,3,4;EV18 S56D1 m7072;2023-02-13T00:00+01:00;2023-02-14T00:00+01:00;2023-02-13;2;3733;100,0;24;24;0;711;80,95;2443;579;131;173;98;177;175;2
18089V625292;MOSSEV V/FISKEV 1,2,3,4;EV18 S56D1 m7072;2023-02-13T00:00+01:00;2023-02-14T00:00+01:00;2023-02-13;3;5728;100,0;24;24;0;1;99,98;4647;1080;150;300;253;377;374;3
18089V625292;MOSSEV V/FISKEV 1,2,3,4;EV18 S56D1 m7072;2023-02-13T00:00+01:00;2023-02-14T00:00+01:00;2023-02-13;4;1194;100,0;24;24;0;0;100,00;893;301;19;73;76;133;133;0
18089V625292;MOSSEV V/FISKEV 1,2,3,4;EV18 S56D1 m7072;2023-02-13T00:00+01:00;2023-02-14T00:00+01:00;2023-02-13;Totalt i retning Mastemyr;7674;100,0;24;24;0;209;97,28;6270;1195;189;332;274;400;397;3
18089V625292;MOSSEV V/FISKEV 1,2,3,4;EV18 S56D1 m7072;2023-02-13T00:00+01:00;2023-02-14T00:00+01:00;2023-02-13;Totalt i retning Oslo;4625;100,0;24;24;0;503;89,12;3284;838;139;238;165;296;294;2
18089V625292;MOSSEV V/FISKEV 1,2,3,4;EV18 S56D1 m7072;2023-02-13T00:00+01:00;2023-02-14T00:00+01:00;2023-02-13;Totalt;12299;100,0;24;24;0;712;94,21;9554;2033;328;570;439;696;691;5
18089V625292;MOSSEV V/FISKEV 1,2,3,4;EV18 S56D1 m7072;2023-02-14T00:00+01:00;2023-02-15T00:00+01:00;2023-02-14;1;1851;100,0;24;24;0;0;100,00;1777;74;38;10;7;19;19;0
18089V625292;MOSSEV V/FISKEV 1,2,3,4;EV18 S56D1 m7072;2023-02-14T00:00+01:00;2023-02-15T00:00+01:00;2023-02-14;2;7704;100,0;24;24;0;128;98,34;6434;1142;233;309;236;364;362;2
18089V625292;MOSSEV V/FISKEV 1,2,3,4;EV18 S56D1 m7072;2023-02-14T00:00+01:00;2023-02-15T00:00+01:00;2023-02-14;3;5959;100,0;24;24;0;3;99,95;4842;1114;161;300;278;375;369;6
18089V625292;MOSSEV V/FISKEV 1,2,3,4;EV18 S56D1 m7072;2023-02-14T00:00+01:00;2023-02-15T00:00+01:00;2023-02-14;4;1088;100,0;24;24;0;2;99,82;793;293;16;69;91;117;117;0
18089V625292;MOSSEV V/FISKEV 1,2,3,4;EV18 S56D1 m7072;2023-02-14T00:00+01:00;2023-02-15T00:00+01:00;2023-02-14;Totalt i retning Mastemyr;7818;100,0;24;24;0;9;99,88;6619;1190;199;311;285;395;389;6
18089V625292;MOSSEV V/FISKEV 1,2,3,4;EV18 S56D1 m7072;2023-02-14T00:00+01:00;2023-02-15T00:00+01:00;2023-02-14;Totalt i retning Oslo;8784;100,0;24;24;0;124;98,59;7227;1433;249;377;327;480;478;2
18089V625292;MOSSEV V/FISKEV 1,2,3,4;EV18 S56D1 m7072;2023-02-14T00:00+01:00;2023-02-15T00:00+01:00;2023-02-14;Totalt;16602;100,0;24;24;0;133;99,20;13846;2623;448;688;612;875;867;8
18089V625292;MOSSEV V/FISKEV 1,2,3,4;EV18 S56D1 m7072;2023-02-15T00:00+01:00;2023-02-16T00:00+01:00;2023-02-15;1;1957;100,0;24;24;0;1;99,95;1877;79;34;18;10;17;17;0
18089V625292;MOSSEV V/FISKEV 1,2,3,4;EV18 S56D1 m7072;2023-02-15T00:00+01:00;2023-02-16T00:00+01:00;2023-02-15;2;7951;100,0;24;24;0;91;98,86;6715;1145;227;331;207;380;378;2
18089V625292;MOSSEV V/FISKEV 1,2,3,4;EV18 S56D1 m7072;2023-02-15T00:00+01:00;2023-02-16T00:00+01:00;2023-02-15;3;6064;100,0;24;24;0;1;99,98;5036;1027;119;304;244;360;357;3
18089V625292;MOSSEV V/FISKEV 1,2,3,4;EV18 S56D1 m7072;2023-02-15T00:00+01:00;2023-02-16T00:00+01:00;2023-02-15;4;1095;100,0;24;24;0;0;100,00;776;319;13;77;107;122;122;0
18089V625292;MOSSEV V/FISKEV 1,2,3,4;EV18 S56D1 m7072;2023-02-15T00:00+01:00;2023-02-16T00:00+01:00;2023-02-15;Totalt i retning Mastemyr;8021;100,0;24;24;0;2;99,98;6913;1106;153;322;254;377;374;3
18089V625292;MOSSEV V/FISKEV 1,2,3,4;EV18 S56D1 m7072;2023-02-15T00:00+01:00;2023-02-16T00:00+01:00;2023-02-15;Totalt i retning Oslo;9046;100,0;24;24;0;91;98,99;7491;1464;240;408;314;502;500;2
18089V625292;MOSSEV V/FISKEV 1,2,3,4;EV18 S56D1 m7072;2023-02-15T00:00+01:00;2023-02-16T00:00+01:00;2023-02-15;Totalt;17067;100,0;24;24;0;93;99,46;14404;2570;393;730;568;879;874;5
18089V625292;MOSSEV V/FISKEV 1,2,3,4;EV18 S56D1 m7072;2023-02-16T00:00+01:00;2023-02-17T00:00+01:00;2023-02-16;1;2032;100,0;24;24;0;0;100,00;1932;100;49;19;17;15;15;0
18089V625292;MOSSEV V/FISKEV 1,2,3,4;EV18 S56D1 m7072;2023-02-16T00:00+01:00;2023-02-17T00:00+01:00;2023-02-16;2;4123;100,0;24;24;0;539;86,93;2974;610;121;200;89;200;188;12
18089V625292;MOSSEV V/FISKEV 1,2,3,4;EV18 S56D1 m7072;2023-02-16T00:00+01:00;2023-02-17T00:00+01:00;2023-02-16;3;6002;100,0;24;24;0;4;99,93;4931;1067;159;303;249;356;351;5
18089V625292;MOSSEV V/FISKEV 1,2,3,4;EV18 S56D1 m7072;2023-02-16T00:00+01:00;2023-02-17T00:00+01:00;2023-02-16;4;1036;100,0;24;24;0;0;100,00;723;313;20;51;119;123;123;0
18089V625292;MOSSEV V/FISKEV 1,2,3,4;EV18 S56D1 m7072;2023-02-16T00:00+01:00;2023-02-17T00:00+01:00;2023-02-16;Totalt i retning Mastemyr;8368;100,0;24;24;0;244;97,08;6903;1221;214;339;272;396;383;13
18089V625292;MOSSEV V/FISKEV 1,2,3,4;EV18 S56D1 m7072;2023-02-16T00:00+01:00;2023-02-17T00:00+01:00;2023-02-16;Totalt i retning Oslo;4825;100,0;24;24;0;299;93,80;3657;869;135;234;202;298;294;4
18089V625292;MOSSEV V/FISKEV 1,2,3,4;EV18 S56D1 m7072;2023-02-16T00:00+01:00;2023-02-17T00:00+01:00;2023-02-16;Totalt;13193;100,0;24;24;0;543;95,88;10560;2090;349;573;474;694;677;17
18089V625292;MOSSEV V/FISKEV 1,2,3,4;EV18 S56D1 m7072;2023-02-17T00:00+01:00;2023-02-18T00:00+01:00;2023-02-17;1;2152;100,0;24;24;0;0;100,00;2055;97;47;23;20;7;7;0
18089V625292;MOSSEV V/FISKEV 1,2,3,4;EV18 S56D1 m7072;2023-02-17T00:00+01:00;2023-02-18T00:00+01:00;2023-02-17;2;296;100,0;24;24;0;222;25,00;52;22;11;6;3;2;2;0
18089V625292;MOSSEV V/FISKEV 1,2,3,4;EV18 S56D1 m7072;2023-02-17T00:00+01:00;2023-02-18T00:00+01:00;2023-02-17;3;5862;100,0;24;24;0;2;99,97;4820;1040;156;281;249;354;350;4
18089V625292;MOSSEV V/FISKEV 1,2,3,4;EV18 S56D1 m7072;2023-02-17T00:00+01:00;2023-02-18T00:00+01:00;2023-02-17;4;703;100,0;24;24;0;1;99,86;415;287;12;70;81;124;124;0
18089V625292;MOSSEV V/FISKEV 1,2,3,4;EV18 S56D1 m7072;2023-02-17T00:00+01:00;2023-02-18T00:00+01:00;2023-02-17;Totalt i retning Mastemyr;8091;100,0;24;24;0;72;99,11;6880;1139;204;305;269;361;357;4
18089V625292;MOSSEV V/FISKEV 1,2,3,4;EV18 S56D1 m7072;2023-02-17T00:00+01:00;2023-02-18T00:00+01:00;2023-02-17;Totalt i retning Oslo;922;100,0;24;24;0;153;83,41;462;307;22;75;84;126;126;0
18089V625292;MOSSEV V/FISKEV 1,2,3,4;EV18 S56D1 m7072;2023-02-17T00:00+01:00;2023-02-18T00:00+01:00;2023-02-17;Totalt;9013;100,0;24;24;0;225;97,50;7342;1446;226;380;353;487;483;4
18089V625292;MOSSEV V/FISKEV 1,2,3,4;EV18 S56D1 m7072;2023-02-18T00:00+01:00;2023-02-19T00:00+01:00;2023-02-18;1;1468;100,0;24;24;0;0;100,00;1433;35;10;12;11;2;2;0
18089V625292;MOSSEV V/FISKEV 1,2,3,4;EV18 S56D1 m7072;2023-02-18T00:00+01:00;2023-02-19T00:00+01:00;2023-02-18;2;1622;100,0;24;24;0;182;88,78;1334;106;24;25;40;17;16;1
18089V625292;MOSSEV V/FISKEV 1,2,3,4;EV18 S56D1 m7072;2023-02-18T00:00+01:00;2023-02-19T00:00+01:00;2023-02-18;3;4120;100,0;24;24;0;2;99,95;3746;372;72;67;172;61;61;0
18089V625292;MOSSEV V/FISKEV 1,2,3,4;EV18 S56D1 m7072;2023-02-18T00:00+01:00;2023-02-19T00:00+01:00;2023-02-18;4;401;100,0;24;24;0;0;100,00;252;149;2;18;60;69;69;0
18089V625292;MOSSEV V/FISKEV 1,2,3,4;EV18 S56D1 m7072;2023-02-18T00:00+01:00;2023-02-19T00:00+01:00;2023-02-18;Totalt i retning Mastemyr;5683;100,0;24;24;0;80;98,59;5188;415;84;81;184;66;65;1
18089V625292;MOSSEV V/FISKEV 1,2,3,4;EV18 S56D1 m7072;2023-02-18T00:00+01:00;2023-02-19T00:00+01:00;2023-02-18;Totalt i retning Oslo;1928;100,0;24;24;0;104;94,61;1577;247;24;41;99;83;83;0
18089V625292;MOSSEV V/FISKEV 1,2,3,4;EV18 S56D1 m7072;2023-02-18T00:00+01:00;2023-02-19T00:00+01:00;2023-02-18;Totalt;7611;100,0;24;24;0;184;97,58;6765;662;108;122;283;149;148;1
18089V625292;MOSSEV V/FISKEV 1,2,3,4;EV18 S56D1 m7072;2023-02-19T00:00+01:00;2023-02-20T00:00+01:00;2023-02-19;1;1310;100,0;24;24;0;0;100,00;1290;20;6;6;4;4;4;0
18089V625292;MOSSEV V/FISKEV 1,2,3,4;EV18 S56D1 m7072;2023-02-19T00:00+01:00;2023-02-20T00:00+01:00;2023-02-19;2;5335;100,0;24;24;0;41;99,23;5094;200;44;40;53;63;63;0
18089V625292;MOSSEV V/FISKEV 1,2,3,4;EV18 S56D1 m7072;2023-02-19T00:00+01:00;2023-02-20T00:00+01:00;2023-02-19;3;3834;100,0;24;24;0;1;99,97;3573;260;37;87;81;55;55;0
18089V625292;MOSSEV V/FISKEV 1,2,3,4;EV18 S56D1 m7072;2023-02-19T00:00+01:00;2023-02-20T00:00+01:00;2023-02-19;4;345;100,0;24;24;0;0;100,00;219;126;1;44;35;46;46;0
18089V625292;MOSSEV V/FISKEV 1,2,3,4;EV18 S56D1 m7072;2023-02-19T00:00+01:00;2023-02-20T00:00+01:00;2023-02-19;Totalt i retning Mastemyr;5155;100,0;24;24;0;12;99,77;4863;280;43;93;85;59;59;0
18089V625292;MOSSEV V/FISKEV 1,2,3,4;EV18 S56D1 m7072;2023-02-19T00:00+01:00;2023-02-20T00:00+01:00;2023-02-19;Totalt i retning Oslo;5669;100,0;24;24;0;30;99,47;5313;326;45;84;88;109;109;0
18089V625292;MOSSEV V/FISKEV 1,2,3,4;EV18 S56D1 m7072;2023-02-19T00:00+01:00;2023-02-20T00:00+01:00;2023-02-19;Totalt;10824;100,0;24;24;0;42;99,61;10176;606;88;177;173;168;168;0
18089V625292;MOSSEV V/FISKEV 1,2,3,4;EV18 S56D1 m7072;2023-02-20T00:00+01:00;2023-02-21T00:00+01:00;2023-02-20;1;1812;100,0;24;24;0;1;99,94;1706;105;37;27;23;18;18;0
18089V625292;MOSSEV V/FISKEV 1,2,3,4;EV18 S56D1 m7072;2023-02-20T00:00+01:00;2023-02-21T00:00+01:00;2023-02-20;2;4533;100,0;24;24;0;145;96,80;3700;688;128;213;118;229;226;3
18089V625292;MOSSEV V/FISKEV 1,2,3,4;EV18 S56D1 m7072;2023-02-20T00:00+01:00;2023-02-21T00:00+01:00;2023-02-20;3;5431;100,0;24;24;0;1;99,98;4360;1070;137;289;263;381;374;7
18089V625292;MOSSEV V/FISKEV 1,2,3,4;EV18 S56D1 m7072;2023-02-20T00:00+01:00;2023-02-21T00:00+01:00;2023-02-20;4;708;100,0;24;24;0;0;100,00;441;267;6;67;74;120;120;0
18089V625292;MOSSEV V/FISKEV 1,2,3,4;EV18 S56D1 m7072;2023-02-20T00:00+01:00;2023-02-21T00:00+01:00;2023-02-20;Totalt i retning Mastemyr;7296;100,0;24;24;0;44;99,40;6074;1178;176;317;286;399;392;7
18089V625292;MOSSEV V/FISKEV 1,2,3,4;EV18 S56D1 m7072;2023-02-20T00:00+01:00;2023-02-21T00:00+01:00;2023-02-20;Totalt i retning Oslo;5188;100,0;24;24;0;103;98,01;4133;952;132;279;192;349;346;3
18089V625292;MOSSEV V/FISKEV 1,2,3,4;EV18 S56D1 m7072;2023-02-20T00:00+01:00;2023-02-21T00:00+01:00;2023-02-20;Totalt;12484;100,0;24;24;0;147;98,82;10207;2130;308;596;478;748;738;10
18089V625292;MOSSEV V/FISKEV 1,2,3,4;EV18 S56D1 m7072;2023-02-21T00:00+01:00;2023-02-22T00:00+01:00;2023-02-21;1;1902;100,0;24;24;0;0;100,00;1809;93;41;23;15;14;14;0
18089V625292;MOSSEV V/FISKEV 1,2,3,4;EV18 S56D1 m7072;2023-02-21T00:00+01:00;2023-02-22T00:00+01:00;2023-02-21;2;7798;100,0;24;24;0;12;99,85;6635;1151;223;310;178;440;433;7
18089V625292;MOSSEV V/FISKEV 1,2,3,4;EV18 S56D1 m7072;2023-02-21T00:00+01:00;2023-02-22T00:00+01:00;2023-02-21;3;5867;100,0;24;24;0;4;99,93;4733;1130;188;290;235;417;414;3
18089V625292;MOSSEV V/FISKEV 1,2,3,4;EV18 S56D1 m7072;2023-02-21T00:00+01:00;2023-02-22T00:00+01:00;2023-02-21;4;631;100,0;24;24;0;0;100,00;367;264;10;60;79;115;115;0
18089V625292;MOSSEV V/FISKEV 1,2,3,4;EV18 S56D1 m7072;2023-02-21T00:00+01:00;2023-02-22T00:00+01:00;2023-02-21;Totalt i retning Mastemyr;7775;100,0;24;24;0;9;99,88;6542;1224;229;314;250;431;428;3
18089V625292;MOSSEV V/FISKEV 1,2,3,4;EV18 S56D1 m7072;2023-02-21T00:00+01:00;2023-02-22T00:00+01:00;2023-02-21;Totalt i retning Oslo;8423;100,0;24;24;0;7;99,92;7002;1414;233;369;257;555;548;7
18089V625292;MOSSEV V/FISKEV 1,2,3,4;EV18 S56D1 m7072;2023-02-21T00:00+01:00;2023-02-22T00:00+01:00;2023-02-21;Totalt;16198;100,0;24;24;0;16;99,90;13544;2638;462;683;507;986;976;10
18089V625292;MOSSEV V/FISKEV 1,2,3,4;EV18 S56D1 m7072;2023-02-22T00:00+01:00;2023-02-23T00:00+01:00;2023-02-22;1;1822;100,0;24;24;0;0;100,00;1717;105;41;37;11;16;16;0
18089V625292;MOSSEV V/FISKEV 1,2,3,4;EV18 S56D1 m7072;2023-02-22T00:00+01:00;2023-02-23T00:00+01:00;2023-02-22;2;7817;100,0;24;24;0;236;96,98;6419;1162;224;338;193;407;404;3
18089V625292;MOSSEV V/FISKEV 1,2,3,4;EV18 S56D1 m7072;2023-02-22T00:00+01:00;2023-02-23T00:00+01:00;2023-02-22;3;5694;100,0;24;24;0;2;99,96;4646;1046;141;306;232;367;363;4
18089V625292;MOSSEV V/FISKEV 1,2,3,4;EV18 S56D1 m7072;2023-02-22T00:00+01:00;2023-02-23T00:00+01:00;2023-02-22;4;1166;100,0;24;24;0;0;100,00;856;310;18;76;90;126;126;0
18089V625292;MOSSEV V/FISKEV 1,2,3,4;EV18 S56D1 m7072;2023-02-22T00:00+01:00;2023-02-23T00:00+01:00;2023-02-22;Totalt i retning Mastemyr;7521;100,0;24;24;0;5;99,93;6363;1153;184;343;243;383;379;4
18089V625292;MOSSEV V/FISKEV 1,2,3,4;EV18 S56D1 m7072;2023-02-22T00:00+01:00;2023-02-23T00:00+01:00;2023-02-22;Totalt i retning Oslo;8978;100,0;24;24;0;233;97,40;7275;1470;240;414;283;533;530;3
18089V625292;MOSSEV V/FISKEV 1,2,3,4;EV18 S56D1 m7072;2023-02-22T00:00+01:00;2023-02-23T00:00+01:00;2023-02-22;Totalt;16499;100,0;24;24;0;238;98,56;13638;2623;424;757;526;916;909;7
18089V625292;MOSSEV V/FISKEV 1,2,3,4;EV18 S56D1 m7072;2023-02-23T00:00+01:00;2023-02-24T00:00+01:00;2023-02-23;1;1919;100,0;24;24;0;1;99,95;1821;97;41;23;13;20;20;0
18089V625292;MOSSEV V/FISKEV 1,2,3,4;EV18 S56D1 m7072;2023-02-23T00:00+01:00;2023-02-24T00:00+01:00;2023-02-23;2;7205;100,0;24;24;0;27;99,63;6127;1051;196;316;247;292;292;0
18089V625292;MOSSEV V/FISKEV 1,2,3,4;EV18 S56D1 m7072;2023-02-23T00:00+01:00;2023-02-24T00:00+01:00;2023-02-23;3;5495;100,0;24;24;0;4;99,93;4398;1093;167;276;281;369;367;2
18089V625292;MOSSEV V/FISKEV 1,2,3,4;EV18 S56D1 m7072;2023-02-23T00:00+01:00;2023-02-24T00:00+01:00;2023-02-23;4;641;100,0;24;24;0;0;100,00;351;290;10;75;76;129;129;0
18089V625292;MOSSEV V/FISKEV 1,2,3,4;EV18 S56D1 m7072;2023-02-23T00:00+01:00;2023-02-24T00:00+01:00;2023-02-23;Totalt i retning Mastemyr;7411;100,0;24;24;0;3;99,96;6219;1189;208;298;294;389;387;2
18089V625292;MOSSEV V/FISKEV 1,2,3,4;EV18 S56D1 m7072;2023-02-23T00:00+01:00;2023-02-24T00:00+01:00;2023-02-23;Totalt i retning Oslo;7849;100,0;24;24;0;29;99,63;6478;1342;206;392;323;421;421;0
18089V625292;MOSSEV V/FISKEV 1,2,3,4;EV18 S56D1 m7072;2023-02-23T00:00+01:00;2023-02-24T00:00+01:00;2023-02-23;Totalt;15260;100,0;24;24;0;32;99,79;12697;2531;414;690;617;810;808;2
18089V625292;MOSSEV V/FISKEV 1,2,3,4;EV18 S56D1 m7072;2023-02-24T00:00+01:00;2023-02-25T00:00+01:00;2023-02-24;1;1797;100,0;24;24;0;0;100,00;1677;120;42;40;17;21;20;1
18089V625292;MOSSEV V/FISKEV 1,2,3,4;EV18 S56D1 m7072;2023-02-24T00:00+01:00;2023-02-25T00:00+01:00;2023-02-24;2;6427;100,0;24;24;0;1;99,98;5478;948;196;276;195;281;276;5
18089V625292;MOSSEV V/FISKEV 1,2,3,4;EV18 S56D1 m7072;2023-02-24T00:00+01:00;2023-02-25T00:00+01:00;2023-02-24;3;4921;100,0;24;24;0;1;99,98;3933;987;131;257;237;362;354;8
18089V625292;MOSSEV V/FISKEV 1,2,3,4;EV18 S56D1 m7072;2023-02-24T00:00+01:00;2023-02-25T00:00+01:00;2023-02-24;4;603;100,0;24;24;0;0;100,00;324;279;7;60;82;130;130;0
18089V625292;MOSSEV V/FISKEV 1,2,3,4;EV18 S56D1 m7072;2023-02-24T00:00+01:00;2023-02-25T00:00+01:00;2023-02-24;Totalt i retning Mastemyr;6716;100,0;24;24;0;1;99,99;5610;1105;173;295;254;383;374;9
18089V625292;MOSSEV V/FISKEV 1,2,3,4;EV18 S56D1 m7072;2023-02-24T00:00+01:00;2023-02-25T00:00+01:00;2023-02-24;Totalt i retning Oslo;7032;100,0;24;24;0;1;99,99;5802;1229;203;338;277;411;406;5
18089V625292;MOSSEV V/FISKEV 1,2,3,4;EV18 S56D1 m7072;2023-02-24T00:00+01:00;2023-02-25T00:00+01:00;2023-02-24;Totalt;13748;100,0;24;24;0;2;99,99;11412;2334;376;633;531;794;780;14
18089V625292;MOSSEV V/FISKEV 1,2,3,4;EV18 S56D1 m7072;2023-02-25T00:00+01:00;2023-02-26T00:00+01:00;2023-02-25;1;1297;100,0;24;24;0;1;99,92;1273;23;8;9;4;2;2;0
18089V625292;MOSSEV V/FISKEV 1,2,3,4;EV18 S56D1 m7072;2023-02-25T00:00+01:00;2023-02-26T00:00+01:00;2023-02-25;2;4539;100,0;24;24;0;29;99,36;4312;198;47;70;48;33;33;0
18089V625292;MOSSEV V/FISKEV 1,2,3,4;EV18 S56D1 m7072;2023-02-25T00:00+01:00;2023-02-26T00:00+01:00;2023-02-25;3;3877;100,0;24;24;0;0;100,00;3600;277;54;94;92;37;37;0
18089V625292;MOSSEV V/FISKEV 1,2,3,4;EV18 S56D1 m7072;2023-02-25T00:00+01:00;2023-02-26T00:00+01:00;2023-02-25;4;344;100,0;24;24;0;0;100,00;197;147;6;28;45;68;68;0
18089V625292;MOSSEV V/FISKEV 1,2,3,4;EV18 S56D1 m7072;2023-02-25T00:00+01:00;2023-02-26T00:00+01:00;2023-02-25;Totalt i retning Mastemyr;5184;100,0;24;24;0;10;99,81;4873;301;62;103;97;39;39;0
18089V625292;MOSSEV V/FISKEV 1,2,3,4;EV18 S56D1 m7072;2023-02-25T00:00+01:00;2023-02-26T00:00+01:00;2023-02-25;Totalt i retning Oslo;4873;100,0;24;24;0;20;99,59;4509;344;53;98;92;101;101;0
18089V625292;MOSSEV V/FISKEV 1,2,3,4;EV18 S56D1 m7072;2023-02-25T00:00+01:00;2023-02-26T00:00+01:00;2023-02-25;Totalt;10057;100,0;24;24;0;30;99,70;9382;645;115;201;189;140;140;0
18089V625292;MOSSEV V/FISKEV 1,2,3,4;EV18 S56D1 m7072;2023-02-26T00:00+01:00;2023-02-27T00:00+01:00;2023-02-26;1;1373;100,0;24;24;0;0;100,00;1347;26;11;8;6;1;1;0
18089V625292;MOSSEV V/FISKEV 1,2,3,4;EV18 S56D1 m7072;2023-02-26T00:00+01:00;2023-02-27T00:00+01:00;2023-02-26;2;1926;100,0;24;24;0;195;89,88;1620;111;30;25;24;32;31;1
18089V625292;MOSSEV V/FISKEV 1,2,3,4;EV18 S56D1 m7072;2023-02-26T00:00+01:00;2023-02-27T00:00+01:00;2023-02-26;3;4117;100,0;24;24;0;0;100,00;3854;263;47;85;94;37;36;1
18089V625292;MOSSEV V/FISKEV 1,2,3,4;EV18 S56D1 m7072;2023-02-26T00:00+01:00;2023-02-27T00:00+01:00;2023-02-26;4;306;100,0;24;24;0;0;100,00;195;111;1;29;41;40;40;0
18089V625292;MOSSEV V/FISKEV 1,2,3,4;EV18 S56D1 m7072;2023-02-26T00:00+01:00;2023-02-27T00:00+01:00;2023-02-26;Totalt i retning Mastemyr;5616;100,0;24;24;0;105;98,13;5213;298;60;96;100;42;41;1
18089V625292;MOSSEV V/FISKEV 1,2,3,4;EV18 S56D1 m7072;2023-02-26T00:00+01:00;2023-02-27T00:00+01:00;2023-02-26;Totalt i retning Oslo;2106;100,0;24;24;0;90;95,73;1803;213;29;51;65;68;67;1
18089V625292;MOSSEV V/FISKEV 1,2,3,4;EV18 S56D1 m7072;2023-02-26T00:00+01:00;2023-02-27T00:00+01:00;2023-02-26;Totalt;7722;100,0;24;24;0;195;97,47;7016;511;89;147;165;110;108;2
18089V625292;MOSSEV V/FISKEV 1,2,3,4;EV18 S56D1 m7072;2023-02-27T00:00+01:00;2023-02-28T00:00+01:00;2023-02-27;1;1832;100,0;24;24;0;0;100,00;1769;63;25;15;14;9;9;0
18089V625292;MOSSEV V/FISKEV 1,2,3,4;EV18 S56D1 m7072;2023-02-27T00:00+01:00;2023-02-28T00:00+01:00;2023-02-27;2;2542;100,0;24;24;0;360;85,84;1882;300;61;97;48;94;90;4
18089V625292;MOSSEV V/FISKEV 1,2,3,4;EV18 S56D1 m7072;2023-02-27T00:00+01:00;2023-02-28T00:00+01:00;2023-02-27;3;5876;100,0;24;24;0;3;99,95;4768;1105;173;268;287;377;372;5
18089V625292;MOSSEV V/FISKEV 1,2,3,4;EV18 S56D1 m7072;2023-02-27T00:00+01:00;2023-02-28T00:00+01:00;2023-02-27;4;904;100,0;24;24;0;0;100,00;612;292;12;57;92;131;131;0
18089V625292;MOSSEV V/FISKEV 1,2,3,4;EV18 S56D1 m7072;2023-02-27T00:00+01:00;2023-02-28T00:00+01:00;2023-02-27;Totalt i retning Mastemyr;7851;100,0;24;24;0;135;98,28;6542;1174;199;286;302;387;382;5
18089V625292;MOSSEV V/FISKEV 1,2,3,4;EV18 S56D1 m7072;2023-02-27T00:00+01:00;2023-02-28T00:00+01:00;2023-02-27;Totalt i retning Oslo;3303;100,0;24;24;0;228;93,10;2489;586;72;151;139;224;220;4
18089V625292;MOSSEV V/FISKEV 1,2,3,4;EV18 S56D1 m7072;2023-02-27T00:00+01:00;2023-02-28T00:00+01:00;2023-02-27;Totalt;11154;100,0;24;24;0;363;96,75;9031;1760;271;437;441;611;602;9
18089V625292;MOSSEV V/FISKEV 1,2,3,4;EV18 S56D1 m7072;2023-02-28T00:00+01:00;2023-03-01T00:00+01:00;2023-02-28;1;1910;100,0;24;24;0;0;100,00;1830;80;42;19;9;10;10;0
18089V625292;MOSSEV V/FISKEV 1,2,3,4;EV18 S56D1 m7072;2023-02-28T00:00+01:00;2023-03-01T00:00+01:00;2023-02-28;2;5311;100,0;24;24;0;862;83,77;3807;642;184;205;83;170;160;10
18089V625292;MOSSEV V/FISKEV 1,2,3,4;EV18 S56D1 m7072;2023-02-28T00:00+01:00;2023-03-01T00:00+01:00;2023-02-28;3;5892;100,0;24;24;0;0;100,00;4796;1096;172;284;245;395;387;8
18089V625292;MOSSEV V/FISKEV 1,2,3,4;EV18 S56D1 m7072;2023-02-28T00:00+01:00;2023-03-01T00:00+01:00;2023-02-28;4;1754;100,0;24;24;0;0;100,00;1429;325;22;67;104;132;132;0
18089V625292;MOSSEV V/FISKEV 1,2,3,4;EV18 S56D1 m7072;2023-02-28T00:00+01:00;2023-03-01T00:00+01:00;2023-02-28;Totalt i retning Mastemyr;8198;100,0;24;24;0;273;96,67;6670;1255;223;336;262;434;420;14
18089V625292;MOSSEV V/FISKEV 1,2,3,4;EV18 S56D1 m7072;2023-02-28T00:00+01:00;2023-03-01T00:00+01:00;2023-02-28;Totalt i retning Oslo;6669;100,0;24;24;0;589;91,17;5192;888;197;239;179;273;269;4
18089V625292;MOSSEV V/FISKEV 1,2,3,4;EV18 S56D1 m7072;2023-02-28T00:00+01:00;2023-03-01T00:00+01:00;2023-02-28;Totalt;14867;100,0;24;24;0;862;94,20;11862;2143;420;575;441;707;689;18
68234V443152;Taraldrud;EV6 S14D1 m7727;2022-11-01T00:00+01:00;2022-11-02T00:00+01:00;2022-11-01;1;11768;100,0;24;24;0;63;99,46;11145;560;362;92;37;69;67;2
68234V443152;Taraldrud;EV6 S14D1 m7727;2022-11-01T00:00+01:00;2022-11-02T00:00+01:00;2022-11-01;2;10935;100,0;24;24;0;5;99,95;10830;100;45;25;25;5;4;1
68234V443152;Taraldrud;EV6 S14D1 m7727;2022-11-01T00:00+01:00;2022-11-02T00:00+01:00;2022-11-01;3;15411;100,0;24;24;0;52;99,66;11327;4032;682;1075;717;1558;1436;122
68234V443152;Taraldrud;EV6 S14D1 m7727;2022-11-01T00:00+01:00;2022-11-02T00:00+01:00;2022-11-01;4;16519;100,0;24;24;0;591;96,42;13845;2083;658;759;492;174;174;0
68234V443152;Taraldrud;EV6 S14D1 m7727;2022-11-01T00:00+01:00;2022-11-02T00:00+01:00;2022-11-01;5;798;100,0;24;24;0;1;99,87;792;5;3;1;1;0;0;0
68234V443152;Taraldrud;EV6 S14D1 m7727;2022-11-01T00:00+01:00;2022-11-02T00:00+01:00;2022-11-01;Totalt i retning Oslo;27974;100,0;24;24;0;115;99,59;23261;4598;1048;1168;755;1627;1503;124
68234V443152;Taraldrud;EV6 S14D1 m7727;2022-11-01T00:00+01:00;2022-11-02T00:00+01:00;2022-11-01;Totalt i retning Vinterbru;27457;100,0;24;24;0;597;97,83;24678;2182;702;784;517;179;178;1
68234V443152;Taraldrud;EV6 S14D1 m7727;2022-11-01T00:00+01:00;2022-11-02T00:00+01:00;2022-11-01;Totalt;55431;100,0;24;24;0;712;98,72;47939;6780;1750;1952;1272;1806;1681;125
68234V443152;Taraldrud;EV6 S14D1 m7727;2022-11-02T00:00+01:00;2022-11-03T00:00+01:00;2022-11-02;1;11604;100,0;24;24;0;2;99,98;11059;543;346;102;32;63;60;3
68234V443152;Taraldrud;EV6 S14D1 m7727;2022-11-02T00:00+01:00;2022-11-03T00:00+01:00;2022-11-02;2;11223;100,0;24;24;0;8;99,93;11094;121;60;35;22;4;4;0
68234V443152;Taraldrud;EV6 S14D1 m7727;2022-11-02T00:00+01:00;2022-11-03T00:00+01:00;2022-11-02;3;15583;100,0;24;24;0;15;99,90;11601;3967;708;1075;627;1557;1458;99
68234V443152;Taraldrud;EV6 S14D1 m7727;2022-11-02T00:00+01:00;2022-11-03T00:00+01:00;2022-11-02;4;16402;100,0;24;24;0;570;96,52;13745;2087;629;805;460;193;189;4
68234V443152;Taraldrud;EV6 S14D1 m7727;2022-11-02T00:00+01:00;2022-11-03T00:00+01:00;2022-11-02;5;532;100,0;24;24;0;0;100,00;531;1;0;1;0;0;0;0
68234V443152;Taraldrud;EV6 S14D1 m7727;2022-11-02T00:00+01:00;2022-11-03T00:00+01:00;2022-11-02;Totalt i retning Oslo;27716;100,0;24;24;0;15;99,95;23190;4511;1054;1178;659;1620;1518;102
68234V443152;Taraldrud;EV6 S14D1 m7727;2022-11-02T00:00+01:00;2022-11-03T00:00+01:00;2022-11-02;Totalt i retning Vinterbru;27628;100,0;24;24;0;580;97,90;24840;2208;689;840;482;197;193;4
68234V443152;Taraldrud;EV6 S14D1 m7727;2022-11-02T00:00+01:00;2022-11-03T00:00+01:00;2022-11-02;Totalt;55344;100,0;24;24;0;595;98,92;48030;6719;1743;2018;1141;1817;1711;106
68234V443152;Taraldrud;EV6 S14D1 m7727;2022-11-03T00:00+01:00;2022-11-04T00:00+01:00;2022-11-03;1;12082;100,0;24;24;0;1;99,99;11555;526;363;94;21;48;47;1
68234V443152;Taraldrud;EV6 S14D1 m7727;2022-11-03T00:00+01:00;2022-11-04T00:00+01:00;2022-11-03;2;11569;100,0;24;24;0;10;99,91;11442;117;61;23;32;1;1;0
68234V443152;Taraldrud;EV6 S14D1 m7727;2022-11-03T00:00+01:00;2022-11-04T00:00+01:00;2022-11-03;3;15833;100,0;24;24;0;17;99,89;11877;3939;731;1122;581;1505;1391;114
68234V443152;Taraldrud;EV6 S14D1 m7727;2022-11-03T00:00+01:00;2022-11-04T00:00+01:00;2022-11-03;4;16546;100,0;24;24;0;562;96,60;13933;2051;650;787;441;173;172;1
68234V443152;Taraldrud;EV6 S14D1 m7727;2022-11-03T00:00+01:00;2022-11-04T00:00+01:00;2022-11-03;5;478;100,0;24;24;0;1;99,79;475;2;1;1;0;0;0;0
68234V443152;Taraldrud;EV6 S14D1 m7727;2022-11-03T00:00+01:00;2022-11-04T00:00+01:00;2022-11-03;Totalt i retning Oslo;28393;100,0;24;24;0;22;99,92;23907;4464;1092;1216;603;1553;1438;115
68234V443152;Taraldrud;EV6 S14D1 m7727;2022-11-03T00:00+01:00;2022-11-04T00:00+01:00;2022-11-03;Totalt i retning Vinterbru;28115;100,0;24;24;0;569;97,98;25375;2171;714;811;472;174;173;1
68234V443152;Taraldrud;EV6 S14D1 m7727;2022-11-03T00:00+01:00;2022-11-04T00:00+01:00;2022-11-03;Totalt;56508;100,0;24;24;0;591;98,95;49282;6635;1806;2027;1075;1727;1611;116
68234V443152;Taraldrud;EV6 S14D1 m7727;2022-11-04T00:00+01:00;2022-11-05T00:00+01:00;2022-11-04;1;11831;100,0;24;24;0;0;100,00;11344;487;324;79;23;61;57;4
68234V443152;Taraldrud;EV6 S14D1 m7727;2022-11-04T00:00+01:00;2022-11-05T00:00+01:00;2022-11-04;2;11189;100,0;24;24;0;3;99,97;11078;108;62;21;22;3;3;0
68234V443152;Taraldrud;EV6 S14D1 m7727;2022-11-04T00:00+01:00;2022-11-05T00:00+01:00;2022-11-04;3;15727;100,0;24;24;0;9;99,94;12342;3376;632;1022;484;1238;1136;102
68234V443152;Taraldrud;EV6 S14D1 m7727;2022-11-04T00:00+01:00;2022-11-05T00:00+01:00;2022-11-04;4;16442;100,0;24;24;0;562;96,58;14011;1869;565;727;421;156;153;3
68234V443152;Taraldrud;EV6 S14D1 m7727;2022-11-04T00:00+01:00;2022-11-05T00:00+01:00;2022-11-04;5;402;100,0;24;24;0;0;100,00;402;0;0;0;0;0;0;0
68234V443152;Taraldrud;EV6 S14D1 m7727;2022-11-04T00:00+01:00;2022-11-05T00:00+01:00;2022-11-04;Totalt i retning Oslo;27960;100,0;24;24;0;8;99,97;24089;3863;956;1101;507;1299;1193;106
68234V443152;Taraldrud;EV6 S14D1 m7727;2022-11-04T00:00+01:00;2022-11-05T00:00+01:00;2022-11-04;Totalt i retning Vinterbru;27631;100,0;24;24;0;566;97,95;25088;1977;627;748;443;159;156;3
68234V443152;Taraldrud;EV6 S14D1 m7727;2022-11-04T00:00+01:00;2022-11-05T00:00+01:00;2022-11-04;Totalt;55591;100,0;24;24;0;574;98,97;49177;5840;1583;1849;950;1458;1349;109
68234V443152;Taraldrud;EV6 S14D1 m7727;2022-11-05T00:00+01:00;2022-11-06T00:00+01:00;2022-11-05;1;7629;100,0;24;24;0;0;100,00;7492;137;84;32;14;7;7;0
68234V443152;Taraldrud;EV6 S14D1 m7727;2022-11-05T00:00+01:00;2022-11-06T00:00+01:00;2022-11-05;2;7551;100,0;24;24;0;5;99,93;7503;43;22;8;11;2;2;0
68234V443152;Taraldrud;EV6 S14D1 m7727;2022-11-05T00:00+01:00;2022-11-06T00:00+01:00;2022-11-05;3;13669;100,0;24;24;0;3;99,98;12690;976;300;292;148;236;223;13
68234V443152;Taraldrud;EV6 S14D1 m7727;2022-11-05T00:00+01:00;2022-11-06T00:00+01:00;2022-11-05;4;14056;100,0;24;24;0;189;98,66;13299;568;169;209;169;21;21;0
68234V443152;Taraldrud;EV6 S14D1 m7727;2022-11-05T00:00+01:00;2022-11-06T00:00+01:00;2022-11-05;5;225;100,0;24;24;0;0;100,00;224;1;0;1;0;0;0;0
68234V443152;Taraldrud;EV6 S14D1 m7727;2022-11-05T00:00+01:00;2022-11-06T00:00+01:00;2022-11-05;Totalt i retning Oslo;21525;100,0;24;24;0;4;99,98;20406;1115;384;326;162;243;230;13
68234V443152;Taraldrud;EV6 S14D1 m7727;2022-11-05T00:00+01:00;2022-11-06T00:00+01:00;2022-11-05;Totalt i retning Vinterbru;21605;100,0;24;24;0;193;99,11;20802;610;191;216;180;23;23;0
68234V443152;Taraldrud;EV6 S14D1 m7727;2022-11-05T00:00+01:00;2022-11-06T00:00+01:00;2022-11-05;Totalt;43130;100,0;24;24;0;197;99,54;41208;1725;575;542;342;266;253;13
68234V443152;Taraldrud;EV6 S14D1 m7727;2022-11-06T00:00+01:00;2022-11-07T00:00+01:00;2022-11-06;1;7805;100,0;24;24;0;0;100,00;7692;113;73;18;14;8;7;1
68234V443152;Taraldrud;EV6 S14D1 m7727;2022-11-06T00:00+01:00;2022-11-07T00:00+01:00;2022-11-06;2;7083;100,0;24;24;0;2;99,97;7045;36;11;15;10;0;0;0
68234V443152;Taraldrud;EV6 S14D1 m7727;2022-11-06T00:00+01:00;2022-11-07T00:00+01:00;2022-11-06;3;13914;100,0;24;24;0;3;99,98;12865;1046;221;258;201;366;336;30
68234V443152;Taraldrud;EV6 S14D1 m7727;2022-11-06T00:00+01:00;2022-11-07T00:00+01:00;2022-11-06;4;13941;100,0;24;24;0;133;99,05;13297;511;125;188;166;32;32;0
68234V443152;Taraldrud;EV6 S14D1 m7727;2022-11-06T00:00+01:00;2022-11-07T00:00+01:00;2022-11-06;5;305;100,0;24;24;0;0;100,00;304;1;0;0;1;0;0;0
68234V443152;Taraldrud;EV6 S14D1 m7727;2022-11-06T00:00+01:00;2022-11-07T00:00+01:00;2022-11-06;Totalt i retning Oslo;22024;100,0;24;24;0;3;99,99;20861;1160;294;276;216;374;343;31
68234V443152;Taraldrud;EV6 S14D1 m7727;2022-11-06T00:00+01:00;2022-11-07T00:00+01:00;2022-11-06;Totalt i retning Vinterbru;21024;100,0;24;24;0;135;99,36;20342;547;136;203;176;32;32;0
68234V443152;Taraldrud;EV6 S14D1 m7727;2022-11-06T00:00+01:00;2022-11-07T00:00+01:00;2022-11-06;Totalt;43048;100,0;24;24;0;138;99,68;41203;1707;430;479;392;406;375;31
68234V443152;Taraldrud;EV6 S14D1 m7727;2022-11-07T00:00+01:00;2022-11-08T00:00+01:00;2022-11-07;1;10950;100,0;24;24;0;6;99,95;10425;519;345;99;20;55;54;1
68234V443152;Taraldrud;EV6 S14D1 m7727;2022-11-07T00:00+01:00;2022-11-08T00:00+01:00;2022-11-07;2;10459;100,0;24;24;0;1;99,99;10358;100;59;20;17;4;4;0
68234V443152;Taraldrud;EV6 S14D1 m7727;2022-11-07T00:00+01:00;2022-11-08T00:00+01:00;2022-11-07;3;15104;100,0;24;24;0;9;99,94;11158;3937;730;1094;597;1516;1413;103
68234V443152;Taraldrud;EV6 S14D1 m7727;2022-11-07T00:00+01:00;2022-11-08T00:00+01:00;2022-11-07;4;16099;100,0;24;24;0;542;96,63;13558;1999;624;757;429;189;188;1
68234V443152;Taraldrud;EV6 S14D1 m7727;2022-11-07T00:00+01:00;2022-11-08T00:00+01:00;2022-11-07;5;616;100,0;24;24;0;1;99,84;614;1;0;1;0;0;0;0
68234V443152;Taraldrud;EV6 S14D1 m7727;2022-11-07T00:00+01:00;2022-11-08T00:00+01:00;2022-11-07;Totalt i retning Oslo;26669;100,0;24;24;0;16;99,94;22198;4455;1075;1192;617;1571;1467;104
68234V443152;Taraldrud;EV6 S14D1 m7727;2022-11-07T00:00+01:00;2022-11-08T00:00+01:00;2022-11-07;Totalt i retning Vinterbru;26559;100,0;24;24;0;543;97,96;23915;2101;683;779;446;193;192;1
68234V443152;Taraldrud;EV6 S14D1 m7727;2022-11-07T00:00+01:00;2022-11-08T00:00+01:00;2022-11-07;Totalt;53228;100,0;24;24;0;559;98,95;46113;6556;1758;1971;1063;1764;1659;105
68234V443152;Taraldrud;EV6 S14D1 m7727;2022-11-08T00:00+01:00;2022-11-09T00:00+01:00;2022-11-08;1;11051;100,0;24;24;0;87;99,21;10423;541;360;83;36;62;61;1
68234V443152;Taraldrud;EV6 S14D1 m7727;2022-11-08T00:00+01:00;2022-11-09T00:00+01:00;2022-11-08;2;10658;100,0;24;24;0;7;99,93;10532;119;55;36;18;10;10;0
68234V443152;Taraldrud;EV6 S14D1 m7727;2022-11-08T00:00+01:00;2022-11-09T00:00+01:00;2022-11-08;3;14911;100,0;24;24;0;69;99,54;10930;3912;657;1048;627;1580;1465;115
68234V443152;Taraldrud;EV6 S14D1 m7727;2022-11-08T00:00+01:00;2022-11-09T00:00+01:00;2022-11-08;4;16281;100,0;24;24;0;578;96,45;13607;2096;640;773;468;215;211;4
68234V443152;Taraldrud;EV6 S14D1 m7727;2022-11-08T00:00+01:00;2022-11-09T00:00+01:00;2022-11-08;5;614;100,0;24;24;0;0;100,00;610;4;1;1;1;1;1;0
68234V443152;Taraldrud;EV6 S14D1 m7727;2022-11-08T00:00+01:00;2022-11-09T00:00+01:00;2022-11-08;Totalt i retning Oslo;26575;100,0;24;24;0;156;99,41;21963;4456;1017;1132;664;1643;1527;116
68234V443152;Taraldrud;EV6 S14D1 m7727;2022-11-08T00:00+01:00;2022-11-09T00:00+01:00;2022-11-08;Totalt i retning Vinterbru;26940;100,0;24;24;0;585;97,83;24139;2216;696;809;486;225;221;4
68234V443152;Taraldrud;EV6 S14D1 m7727;2022-11-08T00:00+01:00;2022-11-09T00:00+01:00;2022-11-08;Totalt;53515;100,0;24;24;0;741;98,62;46102;6672;1713;1941;1150;1868;1748;120
68234V443152;Taraldrud;EV6 S14D1 m7727;2022-11-09T00:00+01:00;2022-11-10T00:00+01:00;2022-11-09;1;11301;100,0;24;24;0;0;100,00;10861;440;286;70;34;50;48;2
68234V443152;Taraldrud;EV6 S14D1 m7727;2022-11-09T00:00+01:00;2022-11-10T00:00+01:00;2022-11-09;2;11019;100,0;24;24;0;2;99,98;10911;106;58;21;23;4;4;0
68234V443152;Taraldrud;EV6 S14D1 m7727;2022-11-09T00:00+01:00;2022-11-10T00:00+01:00;2022-11-09;3;15733;100,0;24;24;0;19;99,88;11772;3942;690;1080;600;1572;1454;118
68234V443152;Taraldrud;EV6 S14D1 m7727;2022-11-09T00:00+01:00;2022-11-10T00:00+01:00;2022-11-09;4;16779;100,0;24;24;0;586;96,51;14111;2082;635;780;490;177;173;4
68234V443152;Taraldrud;EV6 S14D1 m7727;2022-11-09T00:00+01:00;2022-11-10T00:00+01:00;2022-11-09;5;587;100,0;24;24;0;0;100,00;583;4;2;0;1;1;1;0
68234V443152;Taraldrud;EV6 S14D1 m7727;2022-11-09T00:00+01:00;2022-11-10T00:00+01:00;2022-11-09;Totalt i retning Oslo;27616;100,0;24;24;0;17;99,94;23215;4384;976;1150;635;1623;1503;120
68234V443152;Taraldrud;EV6 S14D1 m7727;2022-11-09T00:00+01:00;2022-11-10T00:00+01:00;2022-11-09;Totalt i retning Vinterbru;27803;100,0;24;24;0;590;97,88;25023;2190;695;801;513;181;177;4
68234V443152;Taraldrud;EV6 S14D1 m7727;2022-11-09T00:00+01:00;2022-11-10T00:00+01:00;2022-11-09;Totalt;55419;100,0;24;24;0;607;98,90;48238;6574;1671;1951;1148;1804;1680;124
68234V443152;Taraldrud;EV6 S14D1 m7727;2022-11-10T00:00+01:00;2022-11-11T00:00+01:00;2022-11-10;1;12033;100,0;24;24;0;1;99,99;11449;583;388;91;31;73;69;4
68234V443152;Taraldrud;EV6 S14D1 m7727;2022-11-10T00:00+01:00;2022-11-11T00:00+01:00;2022-11-10;2;11769;100,0;24;24;0;5;99,96;11644;120;57;30;27;6;5;1
68234V443152;Taraldrud;EV6 S14D1 m7727;2022-11-10T00:00+01:00;2022-11-11T00:00+01:00;2022-11-10;3;15609;100,0;24;24;0;19;99,88;11766;3824;662;1076;625;1461;1352;109
68234V443152;Taraldrud;EV6 S14D1 m7727;2022-11-10T00:00+01:00;2022-11-11T00:00+01:00;2022-11-10;4;16773;100,0;24;24;0;581;96,54;14064;2128;664;812;479;173;170;3
68234V443152;Taraldrud;EV6 S14D1 m7727;2022-11-10T00:00+01:00;2022-11-11T00:00+01:00;2022-11-10;5;734;100,0;24;24;0;0;100,00;730;4;1;2;1;0;0;0
68234V443152;Taraldrud;EV6 S14D1 m7727;2022-11-10T00:00+01:00;2022-11-11T00:00+01:00;2022-11-10;Totalt i retning Oslo;28375;100,0;24;24;0;20;99,93;23945;4410;1049;1170;657;1534;1421;113
68234V443152;Taraldrud;EV6 S14D1 m7727;2022-11-10T00:00+01:00;2022-11-11T00:00+01:00;2022-11-10;Totalt i retning Vinterbru;28543;100,0;24;24;0;586;97,95;25708;2249;723;841;506;179;175;4
68234V443152;Taraldrud;EV6 S14D1 m7727;2022-11-10T00:00+01:00;2022-11-11T00:00+01:00;2022-11-10;Totalt;56918;100,0;24;24;0;606;98,94;49653;6659;1772;2011;1163;1713;1596;117
68234V443152;Taraldrud;EV6 S14D1 m7727;2022-11-11T00:00+01:00;2022-11-12T00:00+01:00;2022-11-11;1;12308;100,0;24;24;0;1;99,99;11796;511;338;102;25;46;45;1
68234V443152;Taraldrud;EV6 S14D1 m7727;2022-11-11T00:00+01:00;2022-11-12T00:00+01:00;2022-11-11;2;11681;100,0;24;24;0;3;99,97;11572;106;64;19;19;4;4;0
68234V443152;Taraldrud;EV6 S14D1 m7727;2022-11-11T00:00+01:00;2022-11-12T00:00+01:00;2022-11-11;3;16293;100,0;24;24;0;14;99,91;12822;3457;689;1023;478;1267;1172;95
68234V443152;Taraldrud;EV6 S14D1 m7727;2022-11-11T00:00+01:00;2022-11-12T00:00+01:00;2022-11-11;4;16778;100,0;24;24;0;576;96,57;14269;1933;647;720;418;148;145;3
68234V443152;Taraldrud;EV6 S14D1 m7727;2022-11-11T00:00+01:00;2022-11-12T00:00+01:00;2022-11-11;5;545;100,0;24;24;0;0;100,00;544;1;0;1;0;0;0;0
68234V443152;Taraldrud;EV6 S14D1 m7727;2022-11-11T00:00+01:00;2022-11-12T00:00+01:00;2022-11-11;Totalt i retning Oslo;29140;100,0;24;24;0;13;99,96;25161;3966;1024;1126;503;1313;1217;96
68234V443152;Taraldrud;EV6 S14D1 m7727;2022-11-11T00:00+01:00;2022-11-12T00:00+01:00;2022-11-11;Totalt i retning Vinterbru;28465;100,0;24;24;0;581;97,96;25842;2042;714;739;437;152;149;3
68234V443152;Taraldrud;EV6 S14D1 m7727;2022-11-11T00:00+01:00;2022-11-12T00:00+01:00;2022-11-11;Totalt;57605;100,0;24;24;0;594;98,97;51003;6008;1738;1865;940;1465;1366;99
68234V443152;Taraldrud;EV6 S14D1 m7727;2022-11-12T00:00+01:00;2022-11-13T00:00+01:00;2022-11-12;1;8084;100,0;24;24;0;0;100,00;7977;107;76;19;8;4;4;0
68234V443152;Taraldrud;EV6 S14D1 m7727;2022-11-12T00:00+01:00;2022-11-13T00:00+01:00;2022-11-12;2;7672;100,0;24;24;0;2;99,97;7639;31;12;13;5;1;1;0
68234V443152;Taraldrud;EV6 S14D1 m7727;2022-11-12T00:00+01:00;2022-11-13T00:00+01:00;2022-11-12;3;14465;100,0;24;24;0;3;99,98;13435;1027;323;366;121;217;205;12
68234V443152;Taraldrud;EV6 S14D1 m7727;2022-11-12T00:00+01:00;2022-11-13T00:00+01:00;2022-11-12;4;14582;100,0;24;24;0;174;98,81;13821;587;167;193;199;28;27;1
68234V443152;Taraldrud;EV6 S14D1 m7727;2022-11-12T00:00+01:00;2022-11-13T00:00+01:00;2022-11-12;5;195;100,0;24;24;0;0;100,00;194;1;0;1;0;0;0;0
68234V443152;Taraldrud;EV6 S14D1 m7727;2022-11-12T00:00+01:00;2022-11-13T00:00+01:00;2022-11-12;Totalt i retning Oslo;22743;100,0;24;24;0;4;99,98;21605;1134;398;386;129;221;209;12
68234V443152;Taraldrud;EV6 S14D1 m7727;2022-11-12T00:00+01:00;2022-11-13T00:00+01:00;2022-11-12;Totalt i retning Vinterbru;22255;100,0;24;24;0;175;99,21;21461;619;180;206;204;29;28;1
68234V443152;Taraldrud;EV6 S14D1 m7727;2022-11-12T00:00+01:00;2022-11-13T00:00+01:00;2022-11-12;Totalt;44998;100,0;24;24;0;179;99,60;43066;1753;578;592;333;250;237;13
68234V443152;Taraldrud;EV6 S14D1 m7727;2022-11-13T00:00+01:00;2022-11-14T00:00+01:00;2022-11-13;1;8873;100,0;24;24;0;0;100,00;8750;123;78;23;12;10;10;0
68234V443152;Taraldrud;EV6 S14D1 m7727;2022-11-13T00:00+01:00;2022-11-14T00:00+01:00;2022-11-13;2;7436;100,0;24;24;0;0;100,00;7398;38;12;15;10;1;1;0
68234V443152;Taraldrud;EV6 S14D1 m7727;2022-11-13T00:00+01:00;2022-11-14T00:00+01:00;2022-11-13;3;14501;100,0;24;24;0;5;99,97;13395;1101;232;248;210;411;380;31
68234V443152;Taraldrud;EV6 S14D1 m7727;2022-11-13T00:00+01:00;2022-11-14T00:00+01:00;2022-11-13;4;14299;100,0;24;24;0;146;98,98;13663;490;121;194;154;21;21;0
68234V443152;Taraldrud;EV6 S14D1 m7727;2022-11-13T00:00+01:00;2022-11-14T00:00+01:00;2022-11-13;5;432;100,0;24;24;0;0;100,00;432;0;0;0;0;0;0;0
68234V443152;Taraldrud;EV6 S14D1 m7727;2022-11-13T00:00+01:00;2022-11-14T00:00+01:00;2022-11-13;Totalt i retning Oslo;23805;100,0;24;24;0;5;99,98;22576;1224;310;271;222;421;390;31
68234V443152;Taraldrud;EV6 S14D1 m7727;2022-11-13T00:00+01:00;2022-11-14T00:00+01:00;2022-11-13;Totalt i retning Vinterbru;21736;100,0;24;24;0;146;99,33;21062;528;133;209;164;22;22;0
68234V443152;Taraldrud;EV6 S14D1 m7727;2022-11-13T00:00+01:00;2022-11-14T00:00+01:00;2022-11-13;Totalt;45541;100,0;24;24;0;151;99,67;43638;1752;443;480;386;443;412;31
68234V443152;Taraldrud;EV6 S14D1 m7727;2022-11-14T00:00+01:00;2022-11-15T00:00+01:00;2022-11-14;1;11253;100,0;24;24;0;0;100,00;10718;535;348;95;25;67;66;1
68234V443152;Taraldrud;EV6 S14D1 m7727;2022-11-14T00:00+01:00;2022-11-15T00:00+01:00;2022-11-14;2;10467;100,0;24;24;0;8;99,92;10367;92;47;26;16;3;3;0
68234V443152;Taraldrud;EV6 S14D1 m7727;2022-11-14T00:00+01:00;2022-11-15T00:00+01:00;2022-11-14;3;15379;100,0;24;24;0;20;99,87;11419;3940;741;1069;655;1475;1384;91
68234V443152;Taraldrud;EV6 S14D1 m7727;2022-11-14T00:00+01:00;2022-11-15T00:00+01:00;2022-11-14;4;16203;100,0;24;24;0;604;96,27;13660;1939;627;736;413;163;162;1
68234V443152;Taraldrud;EV6 S14D1 m7727;2022-11-14T00:00+01:00;2022-11-15T00:00+01:00;2022-11-14;5;829;100,0;24;24;0;1;99,88;825;3;0;2;0;1;1;0
68234V443152;Taraldrud;EV6 S14D1 m7727;2022-11-14T00:00+01:00;2022-11-15T00:00+01:00;2022-11-14;Totalt i retning Oslo;27460;100,0;24;24;0;24;99,91;22958;4478;1087;1168;680;1543;1451;92
68234V443152;Taraldrud;EV6 S14D1 m7727;2022-11-14T00:00+01:00;2022-11-15T00:00+01:00;2022-11-14;Totalt i retning Vinterbru;26671;100,0;24;24;0;609;97,72;24031;2031;676;760;429;166;165;1
68234V443152;Taraldrud;EV6 S14D1 m7727;2022-11-14T00:00+01:00;2022-11-15T00:00+01:00;2022-11-14;Totalt;54131;100,0;24;24;0;633;98,83;46989;6509;1763;1928;1109;1709;1616;93
68234V443152;Taraldrud;EV6 S14D1 m7727;2022-11-15T00:00+01:00;2022-11-16T00:00+01:00;2022-11-15;1;11987;100,0;24;24;0;0;100,00;11461;526;351;83;26;66;62;4
68234V443152;Taraldrud;EV6 S14D1 m7727;2022-11-15T00:00+01:00;2022-11-16T00:00+01:00;2022-11-15;2;11028;100,0;24;24;0;7;99,94;10913;108;49;35;20;4;4;0
68234V443152;Taraldrud;EV6 S14D1 m7727;2022-11-15T00:00+01:00;2022-11-16T00:00+01:00;2022-11-15;3;15773;100,0;24;24;0;27;99,83;11710;4036;688;1089;711;1548;1432;116
68234V443152;Taraldrud;EV6 S14D1 m7727;2022-11-15T00:00+01:00;2022-11-16T00:00+01:00;2022-11-15;4;16706;100,0;24;24;0;578;96,54;13994;2134;654;788;528;164;160;4
68234V443152;Taraldrud;EV6 S14D1 m7727;2022-11-15T00:00+01:00;2022-11-16T00:00+01:00;2022-11-15;5;810;100,0;24;24;0;0;100,00;806;4;0;1;3;0;0;0
68234V443152;Taraldrud;EV6 S14D1 m7727;2022-11-15T00:00+01:00;2022-11-16T00:00+01:00;2022-11-15;Totalt i retning Oslo;28563;100,0;24;24;0;25;99,91;23973;4565;1038;1172;741;1614;1494;120
68234V443152;Taraldrud;EV6 S14D1 m7727;2022-11-15T00:00+01:00;2022-11-16T00:00+01:00;2022-11-15;Totalt i retning Vinterbru;27741;100,0;24;24;0;587;97,88;24911;2243;704;824;547;168;164;4
68234V443152;Taraldrud;EV6 S14D1 m7727;2022-11-15T00:00+01:00;2022-11-16T00:00+01:00;2022-11-15;Totalt;56304;100,0;24;24;0;612;98,91;48884;6808;1742;1996;1288;1782;1658;124
68234V443152;Taraldrud;EV6 S14D1 m7727;2022-11-16T00:00+01:00;2022-11-17T00:00+01:00;2022-11-16;1;12291;100,0;24;24;0;2;99,98;11758;531;332;103;35;61;58;3
68234V443152;Taraldrud;EV6 S14D1 m7727;2022-11-16T00:00+01:00;2022-11-17T00:00+01:00;2022-11-16;2;11282;100,0;24;24;0;3;99,97;11157;122;59;38;23;2;2;0
68234V443152;Taraldrud;EV6 S14D1 m7727;2022-11-16T00:00+01:00;2022-11-17T00:00+01:00;2022-11-16;3;15894;100,0;24;24;0;15;99,91;11979;3900;704;1101;587;1508;1407;101
68234V443152;Taraldrud;EV6 S14D1 m7727;2022-11-16T00:00+01:00;2022-11-17T00:00+01:00;2022-11-16;4;17029;100,0;24;24;0;587;96,55;14325;2117;666;809;478;164;160;4
68234V443152;Taraldrud;EV6 S14D1 m7727;2022-11-16T00:00+01:00;2022-11-17T00:00+01:00;2022-11-16;5;611;100,0;24;24;0;0;100,00;609;2;1;0;1;0;0;0
68234V443152;Taraldrud;EV6 S14D1 m7727;2022-11-16T00:00+01:00;2022-11-17T00:00+01:00;2022-11-16;Totalt i retning Oslo;28798;100,0;24;24;0;18;99,94;24346;4434;1035;1206;624;1569;1465;104
68234V443152;Taraldrud;EV6 S14D1 m7727;2022-11-16T00:00+01:00;2022-11-17T00:00+01:00;2022-11-16;Totalt i retning Vinterbru;28309;100,0;24;24;0;589;97,92;25482;2238;727;845;500;166;162;4
68234V443152;Taraldrud;EV6 S14D1 m7727;2022-11-16T00:00+01:00;2022-11-17T00:00+01:00;2022-11-16;Totalt;57107;100,0;24;24;0;607;98,94;49828;6672;1762;2051;1124;1735;1627;108
68234V443152;Taraldrud;EV6 S14D1 m7727;2022-11-17T00:00+01:00;2022-11-18T00:00+01:00;2022-11-17;1;12109;100,0;24;24;0;1;99,99;11579;529;347;88;34;60;57;3
68234V443152;Taraldrud;EV6 S14D1 m7727;2022-11-17T00:00+01:00;2022-11-18T00:00+01:00;2022-11-17;2;11540;100,0;24;24;0;5;99,96;11421;114;54;35;23;2;2;0
68234V443152;Taraldrud;EV6 S14D1 m7727;2022-11-17T00:00+01:00;2022-11-18T00:00+01:00;2022-11-17;3;16291;100,0;24;24;0;15;99,91;12303;3973;683;1173;639;1478;1359;119
68234V443152;Taraldrud;EV6 S14D1 m7727;2022-11-17T00:00+01:00;2022-11-18T00:00+01:00;2022-11-17;4;17170;100,0;24;24;0;609;96,45;14469;2092;643;789;497;163;158;5
68234V443152;Taraldrud;EV6 S14D1 m7727;2022-11-17T00:00+01:00;2022-11-18T00:00+01:00;2022-11-17;5;621;100,0;24;24;0;1;99,84;616;4;1;2;1;0;0;0
68234V443152;Taraldrud;EV6 S14D1 m7727;2022-11-17T00:00+01:00;2022-11-18T00:00+01:00;2022-11-17;Totalt i retning Oslo;29021;100,0;24;24;0;17;99,94;24498;4506;1031;1264;673;1538;1416;122
68234V443152;Taraldrud;EV6 S14D1 m7727;2022-11-17T00:00+01:00;2022-11-18T00:00+01:00;2022-11-17;Totalt i retning Vinterbru;28710;100,0;24;24;0;614;97,86;25890;2206;697;823;521;165;160;5
68234V443152;Taraldrud;EV6 S14D1 m7727;2022-11-17T00:00+01:00;2022-11-18T00:00+01:00;2022-11-17;Totalt;57731;100,0;24;24;0;631;98,91;50388;6712;1728;2087;1194;1703;1576;127
68234V443152;Taraldrud;EV6 S14D1 m7727;2022-11-18T00:00+01:00;2022-11-19T00:00+01:00;2022-11-18;1;12236;100,0;24;24;0;1;99,99;11734;501;342;93;30;36;32;4
68234V443152;Taraldrud;EV6 S14D1 m7727;2022-11-18T00:00+01:00;2022-11-19T00:00+01:00;2022-11-18;2;11397;100,0;24;24;0;2;99,98;11297;98;49;21;26;2;2;0
68234V443152;Taraldrud;EV6 S14D1 m7727;2022-11-18T00:00+01:00;2022-11-19T00:00+01:00;2022-11-18;3;16235;100,0;24;24;0;9;99,94;12740;3486;662;1070;491;1263;1169;94
68234V443152;Taraldrud;EV6 S14D1 m7727;2022-11-18T00:00+01:00;2022-11-19T00:00+01:00;2022-11-18;4;16488;100,0;24;24;0;587;96,44;14077;1824;566;731;386;141;136;5
68234V443152;Taraldrud;EV6 S14D1 m7727;2022-11-18T00:00+01:00;2022-11-19T00:00+01:00;2022-11-18;5;622;100,0;24;24;0;0;100,00;620;2;2;0;0;0;0;0
68234V443152;Taraldrud;EV6 S14D1 m7727;2022-11-18T00:00+01:00;2022-11-19T00:00+01:00;2022-11-18;Totalt i retning Oslo;29091;100,0;24;24;0;10;99,97;25093;3988;1004;1164;521;1299;1201;98
68234V443152;Taraldrud;EV6 S14D1 m7727;2022-11-18T00:00+01:00;2022-11-19T00:00+01:00;2022-11-18;Totalt i retning Vinterbru;27887;100,0;24;24;0;589;97,89;25375;1923;617;751;412;143;138;5
68234V443152;Taraldrud;EV6 S14D1 m7727;2022-11-18T00:00+01:00;2022-11-19T00:00+01:00;2022-11-18;Totalt;56978;100,0;24;24;0;599;98,95;50468;5911;1621;1915;933;1442;1339;103
68234V443152;Taraldrud;EV6 S14D1 m7727;2022-11-19T00:00+01:00;2022-11-20T00:00+01:00;2022-11-19;1;7955;100,0;24;24;0;0;100,00;7834;121;84;25;7;5;5;0
68234V443152;Taraldrud;EV6 S14D1 m7727;2022-11-19T00:00+01:00;2022-11-20T00:00+01:00;2022-11-19;2;7361;100,0;24;24;0;1;99,99;7324;36;18;9;7;2;2;0
68234V443152;Taraldrud;EV6 S14D1 m7727;2022-11-19T00:00+01:00;2022-11-20T00:00+01:00;2022-11-19;3;14482;100,0;24;24;0;3;99,98;13522;957;299;286;142;230;217;13
68234V443152;Taraldrud;EV6 S14D1 m7727;2022-11-19T00:00+01:00;2022-11-20T00:00+01:00;2022-11-19;4;14353;100,0;24;24;0;180;98,75;13636;537;153;178;186;20;20;0
68234V443152;Taraldrud;EV6 S14D1 m7727;2022-11-19T00:00+01:00;2022-11-20T00:00+01:00;2022-11-19;5;278;100,0;24;24;0;0;100,00;278;0;0;0;0;0;0;0
68234V443152;Taraldrud;EV6 S14D1 m7727;2022-11-19T00:00+01:00;2022-11-20T00:00+01:00;2022-11-19;Totalt i retning Oslo;22715;100,0;24;24;0;2;99,99;21634;1079;384;311;149;235;222;13
68234V443152;Taraldrud;EV6 S14D1 m7727;2022-11-19T00:00+01:00;2022-11-20T00:00+01:00;2022-11-19;Totalt i retning Vinterbru;21714;100,0;24;24;0;182;99,16;20960;572;170;187;193;22;22;0
68234V443152;Taraldrud;EV6 S14D1 m7727;2022-11-19T00:00+01:00;2022-11-20T00:00+01:00;2022-11-19;Totalt;44429;100,0;24;24;0;184;99,59;42594;1651;554;498;342;257;244;13
68234V443152;Taraldrud;EV6 S14D1 m7727;2022-11-20T00:00+01:00;2022-11-21T00:00+01:00;2022-11-20;1;7903;100,0;24;24;0;0;100,00;7782;121;73;25;13;10;10;0
68234V443152;Taraldrud;EV6 S14D1 m7727;2022-11-20T00:00+01:00;2022-11-21T00:00+01:00;2022-11-20;2;6795;100,0;24;24;0;1;99,99;6753;41;18;11;11;1;1;0
68234V443152;Taraldrud;EV6 S14D1 m7727;2022-11-20T00:00+01:00;2022-11-21T00:00+01:00;2022-11-20;3;13916;100,0;24;24;0;2;99,99;12897;1017;222;242;186;367;331;36
68234V443152;Taraldrud;EV6 S14D1 m7727;2022-11-20T00:00+01:00;2022-11-21T00:00+01:00;2022-11-20;4;13815;100,0;24;24;0;149;98,92;13196;470;129;175;137;29;29;0
68234V443152;Taraldrud;EV6 S14D1 m7727;2022-11-20T00:00+01:00;2022-11-21T00:00+01:00;2022-11-20;5;243;100,0;24;24;0;0;100,00;243;0;0;0;0;0;0;0
68234V443152;Taraldrud;EV6 S14D1 m7727;2022-11-20T00:00+01:00;2022-11-21T00:00+01:00;2022-11-20;Totalt i retning Oslo;22061;100,0;24;24;0;2;99,99;20922;1137;294;267;199;377;341;36
68234V443152;Taraldrud;EV6 S14D1 m7727;2022-11-20T00:00+01:00;2022-11-21T00:00+01:00;2022-11-20;Totalt i retning Vinterbru;20611;100,0;24;24;0;150;99,27;19949;512;148;186;148;30;30;0
68234V443152;Taraldrud;EV6 S14D1 m7727;2022-11-20T00:00+01:00;2022-11-21T00:00+01:00;2022-11-20;Totalt;42672;100,0;24;24;0;152;99,64;40871;1649;442;453;347;407;371;36
68234V443152;Taraldrud;EV6 S14D1 m7727;2022-11-21T00:00+01:00;2022-11-22T00:00+01:00;2022-11-21;1;10690;100,0;24;24;0;0;100,00;10210;480;322;70;26;62;62;0
68234V443152;Taraldrud;EV6 S14D1 m7727;2022-11-21T00:00+01:00;2022-11-22T00:00+01:00;2022-11-21;2;10103;100,0;24;24;0;6;99,94;9987;110;51;34;19;6;6;0
68234V443152;Taraldrud;EV6 S14D1 m7727;2022-11-21T00:00+01:00;2022-11-22T00:00+01:00;2022-11-21;3;15251;100,0;24;24;0;11;99,93;11634;3606;694;1003;588;1321;1239;82
68234V443152;Taraldrud;EV6 S14D1 m7727;2022-11-21T00:00+01:00;2022-11-22T00:00+01:00;2022-11-21;4;16210;100,0;24;24;0;564;96,52;13750;1896;633;731;357;175;173;2
68234V443152;Taraldrud;EV6 S14D1 m7727;2022-11-21T00:00+01:00;2022-11-22T00:00+01:00;2022-11-21;5;913;100,0;24;24;0;0;100,00;906;7;3;3;1;0;0;0
68234V443152;Taraldrud;EV6 S14D1 m7727;2022-11-21T00:00+01:00;2022-11-22T00:00+01:00;2022-11-21;Totalt i retning Oslo;26846;100,0;24;24;0;9;99,97;22744;4093;1015;1078;617;1383;1301;82
68234V443152;Taraldrud;EV6 S14D1 m7727;2022-11-21T00:00+01:00;2022-11-22T00:00+01:00;2022-11-21;Totalt i retning Vinterbru;26321;100,0;24;24;0;572;97,83;23743;2006;688;763;374;181;179;2
68234V443152;Taraldrud;EV6 S14D1 m7727;2022-11-21T00:00+01:00;2022-11-22T00:00+01:00;2022-11-21;Totalt;53167;100,0;24;24;0;581;98,91;46487;6099;1703;1841;991;1564;1480;84
68234V443152;Taraldrud;EV6 S14D1 m7727;2022-11-22T00:00+01:00;2022-11-23T00:00+01:00;2022-11-22;1;11274;100,0;24;24;0;10;99,91;10706;558;361;97;29;71;66;5
68234V443152;Taraldrud;EV6 S14D1 m7727;2022-11-22T00:00+01:00;2022-11-23T00:00+01:00;2022-11-22;2;10626;100,0;24;24;0;4;99,96;10502;120;56;39;22;3;3;0
68234V443152;Taraldrud;EV6 S14D1 m7727;2022-11-22T00:00+01:00;2022-11-23T00:00+01:00;2022-11-22;3;15607;100,0;24;24;0;25;99,84;11590;3992;679;1062;667;1584;1481;103
68234V443152;Taraldrud;EV6 S14D1 m7727;2022-11-22T00:00+01:00;2022-11-23T00:00+01:00;2022-11-22;4;16388;100,0;24;24;0;561;96,58;13787;2040;623;790;453;174;174;0
68234V443152;Taraldrud;EV6 S14D1 m7727;2022-11-22T00:00+01:00;2022-11-23T00:00+01:00;2022-11-22;5;776;100,0;24;24;0;1;99,87;773;2;2;0;0;0;0;0
68234V443152;Taraldrud;EV6 S14D1 m7727;2022-11-22T00:00+01:00;2022-11-23T00:00+01:00;2022-11-22;Totalt i retning Oslo;27660;100,0;24;24;0;40;99,86;23069;4551;1040;1160;696;1655;1547;108
68234V443152;Taraldrud;EV6 S14D1 m7727;2022-11-22T00:00+01:00;2022-11-23T00:00+01:00;2022-11-22;Totalt i retning Vinterbru;27011;100,0;24;24;0;561;97,92;24289;2161;681;828;475;177;177;0
68234V443152;Taraldrud;EV6 S14D1 m7727;2022-11-22T00:00+01:00;2022-11-23T00:00+01:00;2022-11-22;Totalt;54671;100,0;24;24;0;601;98,90;47358;6712;1721;1988;1171;1832;1724;108
68234V443152;Taraldrud;EV6 S14D1 m7727;2022-11-23T00:00+01:00;2022-11-24T00:00+01:00;2022-11-23;1;11095;100,0;24;24;0;1;99,99;10560;534;318;82;49;85;78;7
68234V443152;Taraldrud;EV6 S14D1 m7727;2022-11-23T00:00+01:00;2022-11-24T00:00+01:00;2022-11-23;2;10473;100,0;24;24;0;5;99,95;10338;130;67;31;29;3;3;0
68234V443152;Taraldrud;EV6 S14D1 m7727;2022-11-23T00:00+01:00;2022-11-24T00:00+01:00;2022-11-23;3;15406;100,0;24;24;0;17;99,89;11607;3782;719;985;638;1440;1336;104
68234V443152;Taraldrud;EV6 S14D1 m7727;2022-11-23T00:00+01:00;2022-11-24T00:00+01:00;2022-11-23;4;16381;100,0;24;24;0;596;96,36;13729;2056;665;695;510;186;181;5
68234V443152;Taraldrud;EV6 S14D1 m7727;2022-11-23T00:00+01:00;2022-11-24T00:00+01:00;2022-11-23;5;715;100,0;24;24;0;1;99,86;707;7;2;4;1;0;0;0
68234V443152;Taraldrud;EV6 S14D1 m7727;2022-11-23T00:00+01:00;2022-11-24T00:00+01:00;2022-11-23;Totalt i retning Oslo;27208;100,0;24;24;0;20;99,93;22868;4320;1036;1071;688;1525;1414;111
68234V443152;Taraldrud;EV6 S14D1 m7727;2022-11-23T00:00+01:00;2022-11-24T00:00+01:00;2022-11-23;Totalt i retning Vinterbru;26862;100,0;24;24;0;600;97,77;24073;2189;735;726;539;189;184;5
68234V443152;Taraldrud;EV6 S14D1 m7727;2022-11-23T00:00+01:00;2022-11-24T00:00+01:00;2022-11-23;Totalt;54070;100,0;24;24;0;620;98,85;46941;6509;1771;1797;1227;1714;1598;116
68234V443152;Taraldrud;EV6 S14D1 m7727;2022-11-24T00:00+01:00;2022-11-25T00:00+01:00;2022-11-24;1;12442;100,0;24;24;0;0;100,00;11771;671;348;130;50;143;134;9
68234V443152;Taraldrud;EV6 S14D1 m7727;2022-11-24T00:00+01:00;2022-11-25T00:00+01:00;2022-11-24;2;11673;100,0;24;24;0;5;99,96;11528;140;62;37;36;5;5;0
68234V443152;Taraldrud;EV6 S14D1 m7727;2022-11-24T00:00+01:00;2022-11-25T00:00+01:00;2022-11-24;3;15506;100,0;24;24;0;9;99,94;11607;3890;719;1109;606;1456;1358;98
68234V443152;Taraldrud;EV6 S14D1 m7727;2022-11-24T00:00+01:00;2022-11-25T00:00+01:00;2022-11-24;4;16742;100,0;24;24;0;578;96,55;14008;2156;692;794;503;167;161;6
68234V443152;Taraldrud;EV6 S14D1 m7727;2022-11-24T00:00+01:00;2022-11-25T00:00+01:00;2022-11-24;5;680;100,0;24;24;0;0;100,00;674;6;1;3;2;0;0;0
68234V443152;Taraldrud;EV6 S14D1 m7727;2022-11-24T00:00+01:00;2022-11-25T00:00+01:00;2022-11-24;Totalt i retning Oslo;28621;100,0;24;24;0;9;99,97;24048;4564;1066;1241;658;1599;1492;107
68234V443152;Taraldrud;EV6 S14D1 m7727;2022-11-24T00:00+01:00;2022-11-25T00:00+01:00;2022-11-24;Totalt i retning Vinterbru;28422;100,0;24;24;0;583;97,95;25540;2299;756;832;539;172;166;6
68234V443152;Taraldrud;EV6 S14D1 m7727;2022-11-24T00:00+01:00;2022-11-25T00:00+01:00;2022-11-24;Totalt;57043;100,0;24;24;0;592;98,96;49588;6863;1822;2073;1197;1771;1658;113
68234V443152;Taraldrud;EV6 S14D1 m7727;2022-11-25T00:00+01:00;2022-11-26T00:00+01:00;2022-11-25;1;12550;100,0;24;24;0;0;100,00;12065;485;315;75;31;64;61;3
68234V443152;Taraldrud;EV6 S14D1 m7727;2022-11-25T00:00+01:00;2022-11-26T00:00+01:00;2022-11-25;2;11469;100,0;24;24;0;8;99,93;11360;101;46;34;17;4;4;0
68234V443152;Taraldrud;EV6 S14D1 m7727;2022-11-25T00:00+01:00;2022-11-26T00:00+01:00;2022-11-25;3;16260;100,0;24;24;0;14;99,91;12869;3377;689;1002;503;1183;1091;92
68234V443152;Taraldrud;EV6 S14D1 m7727;2022-11-25T00:00+01:00;2022-11-26T00:00+01:00;2022-11-25;4;16904;100,0;24;24;0;596;96,47;14360;1948;627;748;414;159;154;5
68234V443152;Taraldrud;EV6 S14D1 m7727;2022-11-25T00:00+01:00;2022-11-26T00:00+01:00;2022-11-25;5;714;100,0;24;24;0;0;100,00;710;4;1;1;1;1;1;0
68234V443152;Taraldrud;EV6 S14D1 m7727;2022-11-25T00:00+01:00;2022-11-26T00:00+01:00;2022-11-25;Totalt i retning Oslo;29518;100,0;24;24;0;10;99,97;25642;3866;1005;1078;535;1248;1153;95
68234V443152;Taraldrud;EV6 S14D1 m7727;2022-11-25T00:00+01:00;2022-11-26T00:00+01:00;2022-11-25;Totalt i retning Vinterbru;28379;100,0;24;24;0;608;97,86;25722;2049;673;782;431;163;158;5
68234V443152;Taraldrud;EV6 S14D1 m7727;2022-11-25T00:00+01:00;2022-11-26T00:00+01:00;2022-11-25;Totalt;57897;100,0;24;24;0;618;98,93;51364;5915;1678;1860;966;1411;1311;100
68234V443152;Taraldrud;EV6 S14D1 m7727;2022-11-26T00:00+01:00;2022-11-27T00:00+01:00;2022-11-26;1;7642;100,0;24;24;0;0;100,00;7522;120;86;21;8;5;4;1
68234V443152;Taraldrud;EV6 S14D1 m7727;2022-11-26T00:00+01:00;2022-11-27T00:00+01:00;2022-11-26;2;7137;100,0;24;24;0;3;99,96;7103;31;10;12;8;1;1;0
68234V443152;Taraldrud;EV6 S14D1 m7727;2022-11-26T00:00+01:00;2022-11-27T00:00+01:00;2022-11-26;3;13806;100,0;24;24;0;6;99,96;12824;976;280;299;115;282;264;18
68234V443152;Taraldrud;EV6 S14D1 m7727;2022-11-26T00:00+01:00;2022-11-27T00:00+01:00;2022-11-26;4;13841;100,0;24;24;0;189;98,63;13043;609;182;212;193;22;21;1
68234V443152;Taraldrud;EV6 S14D1 m7727;2022-11-26T00:00+01:00;2022-11-27T00:00+01:00;2022-11-26;5;240;100,0;24;24;0;0;100,00;240;0;0;0;0;0;0;0
68234V443152;Taraldrud;EV6 S14D1 m7727;2022-11-26T00:00+01:00;2022-11-27T00:00+01:00;2022-11-26;Totalt i retning Oslo;21685;100,0;24;24;0;5;99,98;20585;1095;365;320;123;287;268;19
68234V443152;Taraldrud;EV6 S14D1 m7727;2022-11-26T00:00+01:00;2022-11-27T00:00+01:00;2022-11-26;Totalt i retning Vinterbru;20981;100,0;24;24;0;193;99,08;20147;641;193;224;201;23;22;1
68234V443152;Taraldrud;EV6 S14D1 m7727;2022-11-26T00:00+01:00;2022-11-27T00:00+01:00;2022-11-26;Totalt;42666;100,0;24;24;0;198;99,54;40732;1736;558;544;324;310;290;20
68234V443152;Taraldrud;EV6 S14D1 m7727;2022-11-27T00:00+01:00;2022-11-28T00:00+01:00;2022-11-27;1;7709;100,0;24;24;0;0;100,00;7577;132;76;26;17;13;12;1
68234V443152;Taraldrud;EV6 S14D1 m7727;2022-11-27T00:00+01:00;2022-11-28T00:00+01:00;2022-11-27;2;6831;100,0;24;24;0;3;99,96;6783;45;22;13;10;0;0;0
68234V443152;Taraldrud;EV6 S14D1 m7727;2022-11-27T00:00+01:00;2022-11-28T00:00+01:00;2022-11-27;3;13532;100,0;24;24;0;0;100,00;12368;1164;243;249;183;489;458;31
68234V443152;Taraldrud;EV6 S14D1 m7727;2022-11-27T00:00+01:00;2022-11-28T00:00+01:00;2022-11-27;4;13682;100,0;24;24;0;132;99,04;13064;486;125;194;137;30;30;0
68234V443152;Taraldrud;EV6 S14D1 m7727;2022-11-27T00:00+01:00;2022-11-28T00:00+01:00;2022-11-27;5;220;100,0;24;24;0;0;100,00;219;1;0;0;1;0;0;0
68234V443152;Taraldrud;EV6 S14D1 m7727;2022-11-27T00:00+01:00;2022-11-28T00:00+01:00;2022-11-27;Totalt i retning Oslo;21464;100,0;24;24;0;3;99,99;20164;1297;319;275;201;502;470;32
68234V443152;Taraldrud;EV6 S14D1 m7727;2022-11-27T00:00+01:00;2022-11-28T00:00+01:00;2022-11-27;Totalt i retning Vinterbru;20510;100,0;24;24;0;132;99,36;19847;531;147;207;147;30;30;0
68234V443152;Taraldrud;EV6 S14D1 m7727;2022-11-27T00:00+01:00;2022-11-28T00:00+01:00;2022-11-27;Totalt;41974;100,0;24;24;0;135;99,68;40011;1828;466;482;348;532;500;32
68234V443152;Taraldrud;EV6 S14D1 m7727;2022-11-28T00:00+01:00;2022-11-29T00:00+01:00;2022-11-28;1;11279;100,0;24;24;0;2;99,98;10740;537;348;85;30;74;71;3
68234V443152;Taraldrud;EV6 S14D1 m7727;2022-11-28T00:00+01:00;2022-11-29T00:00+01:00;2022-11-28;2;10315;100,0;24;24;0;8;99,92;10216;91;49;19;23;0;0;0
68234V443152;Taraldrud;EV6 S14D1 m7727;2022-11-28T00:00+01:00;2022-11-29T00:00+01:00;2022-11-28;3;15260;100,0;24;24;0;12;99,92;11327;3921;743;1032;596;1550;1450;100
68234V443152;Taraldrud;EV6 S14D1 m7727;2022-11-28T00:00+01:00;2022-11-29T00:00+01:00;2022-11-28;4;16048;100,0;24;24;0;564;96,49;13553;1931;634;726;395;176;171;5
68234V443152;Taraldrud;EV6 S14D1 m7727;2022-11-28T00:00+01:00;2022-11-29T00:00+01:00;2022-11-28;5;691;100,0;24;24;0;3;99,57;683;5;3;2;0;0;0;0
68234V443152;Taraldrud;EV6 S14D1 m7727;2022-11-28T00:00+01:00;2022-11-29T00:00+01:00;2022-11-28;Totalt i retning Oslo;27232;100,0;24;24;0;17;99,94;22751;4464;1095;1119;626;1624;1521;103
68234V443152;Taraldrud;EV6 S14D1 m7727;2022-11-28T00:00+01:00;2022-11-29T00:00+01:00;2022-11-28;Totalt i retning Vinterbru;26361;100,0;24;24;0;572;97,83;23768;2021;682;745;418;176;171;5
68234V443152;Taraldrud;EV6 S14D1 m7727;2022-11-28T00:00+01:00;2022-11-29T00:00+01:00;2022-11-28;Totalt;53593;100,0;24;24;0;589;98,90;46519;6485;1777;1864;1044;1800;1692;108
68234V443152;Taraldrud;EV6 S14D1 m7727;2022-11-29T00:00+01:00;2022-11-30T00:00+01:00;2022-11-29;1;11937;100,0;24;24;0;0;100,00;11370;567;352;85;28;102;100;2
68234V443152;Taraldrud;EV6 S14D1 m7727;2022-11-29T00:00+01:00;2022-11-30T00:00+01:00;2022-11-29;2;10957;100,0;24;24;0;9;99,92;10822;126;61;41;20;4;4;0
68234V443152;Taraldrud;EV6 S14D1 m7727;2022-11-29T00:00+01:00;2022-11-30T00:00+01:00;2022-11-29;3;15678;100,0;24;24;0;19;99,88;11510;4149;722;1146;677;1604;1485;119
68234V443152;Taraldrud;EV6 S14D1 m7727;2022-11-29T00:00+01:00;2022-11-30T00:00+01:00;2022-11-29;4;16737;100,0;24;24;0;602;96,40;14061;2074;621;816;473;164;162;2
68234V443152;Taraldrud;EV6 S14D1 m7727;2022-11-29T00:00+01:00;2022-11-30T00:00+01:00;2022-11-29;5;691;100,0;24;24;0;1;99,86;685;5;2;3;0;0;0;0
68234V443152;Taraldrud;EV6 S14D1 m7727;2022-11-29T00:00+01:00;2022-11-30T00:00+01:00;2022-11-29;Totalt i retning Oslo;28303;100,0;24;24;0;20;99,93;23565;4718;1073;1233;707;1705;1584;121
68234V443152;Taraldrud;EV6 S14D1 m7727;2022-11-29T00:00+01:00;2022-11-30T00:00+01:00;2022-11-29;Totalt i retning Vinterbru;27697;100,0;24;24;0;611;97,79;24883;2203;685;858;491;169;167;2
68234V443152;Taraldrud;EV6 S14D1 m7727;2022-11-29T00:00+01:00;2022-11-30T00:00+01:00;2022-11-29;Totalt;56000;100,0;24;24;0;631;98,87;48448;6921;1758;2091;1198;1874;1751;123
68234V443152;Taraldrud;EV6 S14D1 m7727;2022-11-30T00:00+01:00;2022-12-01T00:00+01:00;2022-11-30;1;11977;100,0;24;24;0;0;100,00;11353;624;381;102;41;100;98;2
68234V443152;Taraldrud;EV6 S14D1 m7727;2022-11-30T00:00+01:00;2022-12-01T00:00+01:00;2022-11-30;2;11188;100,0;24;24;0;5;99,96;11073;110;64;30;16;0;0;0
68234V443152;Taraldrud;EV6 S14D1 m7727;2022-11-30T00:00+01:00;2022-12-01T00:00+01:00;2022-11-30;3;15726;100,0;24;24;0;18;99,89;11741;3967;704;1106;615;1542;1432;110
68234V443152;Taraldrud;EV6 S14D1 m7727;2022-11-30T00:00+01:00;2022-12-01T00:00+01:00;2022-11-30;4;17052;100,0;24;24;0;608;96,43;14273;2171;693;828;471;179;177;2
68234V443152;Taraldrud;EV6 S14D1 m7727;2022-11-30T00:00+01:00;2022-12-01T00:00+01:00;2022-11-30;5;799;100,0;24;24;0;0;100,00;794;5;3;0;2;0;0;0
68234V443152;Taraldrud;EV6 S14D1 m7727;2022-11-30T00:00+01:00;2022-12-01T00:00+01:00;2022-11-30;Totalt i retning Oslo;28501;100,0;24;24;0;17;99,94;23887;4597;1087;1210;658;1642;1530;112
68234V443152;Taraldrud;EV6 S14D1 m7727;2022-11-30T00:00+01:00;2022-12-01T00:00+01:00;2022-11-30;Totalt i retning Vinterbru;28241;100,0;24;24;0;614;97,83;25347;2280;758;856;487;179;177;2
68234V443152;Taraldrud;EV6 S14D1 m7727;2022-11-30T00:00+01:00;2022-12-01T00:00+01:00;2022-11-30;Totalt;56742;100,0;24;24;0;631;98,89;49234;6877;1845;2066;1145;1821;1707;114
68234V443152;Taraldrud;EV6 S14D1 m7727;2022-12-01T00:00+01:00;2022-12-02T00:00+01:00;2022-12-01;1;12404;100,0;24;24;0;0;100,00;11824;580;368;85;45;82;79;3
68234V443152;Taraldrud;EV6 S14D1 m7727;2022-12-01T00:00+01:00;2022-12-02T00:00+01:00;2022-12-01;2;11676;100,0;24;24;0;7;99,94;11538;131;77;25;25;4;4;0
68234V443152;Taraldrud;EV6 S14D1 m7727;2022-12-01T00:00+01:00;2022-12-02T00:00+01:00;2022-12-01;3;16168;100,0;24;24;0;14;99,91;11902;4252;758;1155;754;1585;1464;121
68234V443152;Taraldrud;EV6 S14D1 m7727;2022-12-01T00:00+01:00;2022-12-02T00:00+01:00;2022-12-01;4;17079;100,0;24;24;0;613;96,41;14305;2161;640;806;528;187;183;4
68234V443152;Taraldrud;EV6 S14D1 m7727;2022-12-01T00:00+01:00;2022-12-02T00:00+01:00;2022-12-01;5;721;100,0;24;24;0;1;99,86;717;3;1;1;0;1;1;0
68234V443152;Taraldrud;EV6 S14D1 m7727;2022-12-01T00:00+01:00;2022-12-02T00:00+01:00;2022-12-01;Totalt i retning Oslo;29291;100,0;24;24;0;18;99,94;24443;4830;1123;1241;799;1667;1543;124
68234V443152;Taraldrud;EV6 S14D1 m7727;2022-12-01T00:00+01:00;2022-12-02T00:00+01:00;2022-12-01;Totalt i retning Vinterbru;28757;100,0;24;24;0;617;97,85;25843;2297;721;831;553;192;188;4
68234V443152;Taraldrud;EV6 S14D1 m7727;2022-12-01T00:00+01:00;2022-12-02T00:00+01:00;2022-12-01;Totalt;58048;100,0;24;24;0;635;98,91;50286;7127;1844;2072;1352;1859;1731;128
68234V443152;Taraldrud;EV6 S14D1 m7727;2022-12-02T00:00+01:00;2022-12-03T00:00+01:00;2022-12-02;1;11836;100,0;24;24;0;0;100,00;11369;467;290;85;32;60;56;4
68234V443152;Taraldrud;EV6 S14D1 m7727;2022-12-02T00:00+01:00;2022-12-03T00:00+01:00;2022-12-02;2;11174;100,0;24;24;0;6;99,95;11062;106;56;28;22;0;0;0
68234V443152;Taraldrud;EV6 S14D1 m7727;2022-12-02T00:00+01:00;2022-12-03T00:00+01:00;2022-12-02;3;15814;100,0;24;24;0;8;99,95;12265;3541;671;1043;536;1291;1200;91
68234V443152;Taraldrud;EV6 S14D1 m7727;2022-12-02T00:00+01:00;2022-12-03T00:00+01:00;2022-12-02;4;16681;100,0;24;24;0;579;96,53;14167;1935;617;727;439;152;149;3
68234V443152;Taraldrud;EV6 S14D1 m7727;2022-12-02T00:00+01:00;2022-12-03T00:00+01:00;2022-12-02;5;657;100,0;24;24;0;0;100,00;655;2;1;0;1;0;0;0
68234V443152;Taraldrud;EV6 S14D1 m7727;2022-12-02T00:00+01:00;2022-12-03T00:00+01:00;2022-12-02;Totalt i retning Oslo;28310;100,0;24;24;0;10;99,96;24289;4011;962;1129;569;1351;1256;95
68234V443152;Taraldrud;EV6 S14D1 m7727;2022-12-02T00:00+01:00;2022-12-03T00:00+01:00;2022-12-02;Totalt i retning Vinterbru;27852;100,0;24;24;0;583;97,91;25229;2040;673;754;461;152;149;3
68234V443152;Taraldrud;EV6 S14D1 m7727;2022-12-02T00:00+01:00;2022-12-03T00:00+01:00;2022-12-02;Totalt;56162;100,0;24;24;0;593;98,94;49518;6051;1635;1883;1030;1503;1405;98
68234V443152;Taraldrud;EV6 S14D1 m7727;2022-12-03T00:00+01:00;2022-12-04T00:00+01:00;2022-12-03;1;7275;100,0;24;24;0;0;100,00;7176;99;75;14;7;3;3;0
68234V443152;Taraldrud;EV6 S14D1 m7727;2022-12-03T00:00+01:00;2022-12-04T00:00+01:00;2022-12-03;2;6646;100,0;24;24;0;2;99,97;6604;40;12;16;11;1;1;0
68234V443152;Taraldrud;EV6 S14D1 m7727;2022-12-03T00:00+01:00;2022-12-04T00:00+01:00;2022-12-03;3;13615;100,0;24;24;0;3;99,98;12611;1001;308;269;141;283;269;14
68234V443152;Taraldrud;EV6 S14D1 m7727;2022-12-03T00:00+01:00;2022-12-04T00:00+01:00;2022-12-03;4;13754;100,0;24;24;0;159;98,84;13028;567;153;204;181;29;27;2
68234V443152;Taraldrud;EV6 S14D1 m7727;2022-12-03T00:00+01:00;2022-12-04T00:00+01:00;2022-12-03;5;265;100,0;24;24;0;0;100,00;264;1;0;0;0;1;1;0
68234V443152;Taraldrud;EV6 S14D1 m7727;2022-12-03T00:00+01:00;2022-12-04T00:00+01:00;2022-12-03;Totalt i retning Oslo;21153;100,0;24;24;0;2;99,99;20050;1101;383;283;148;287;273;14
68234V443152;Taraldrud;EV6 S14D1 m7727;2022-12-03T00:00+01:00;2022-12-04T00:00+01:00;2022-12-03;Totalt i retning Vinterbru;20402;100,0;24;24;0;162;99,21;19633;607;165;220;192;30;28;2
68234V443152;Taraldrud;EV6 S14D1 m7727;2022-12-03T00:00+01:00;2022-12-04T00:00+01:00;2022-12-03;Totalt;41555;100,0;24;24;0;164;99,61;39683;1708;548;503;340;317;301;16
68234V443152;Taraldrud;EV6 S14D1 m7727;2022-12-04T00:00+01:00;2022-12-05T00:00+01:00;2022-12-04;1;7824;100,0;24;24;0;0;100,00;7705;119;77;17;9;16;16;0
68234V443152;Taraldrud;EV6 S14D1 m7727;2022-12-04T00:00+01:00;2022-12-05T00:00+01:00;2022-12-04;2;7328;100,0;24;24;0;0;100,00;7290;38;17;9;11;1;1;0
68234V443152;Taraldrud;EV6 S14D1 m7727;2022-12-04T00:00+01:00;2022-12-05T00:00+01:00;2022-12-04;3;13599;100,0;24;24;0;1;99,99;12541;1057;210;197;225;425;397;28
68234V443152;Taraldrud;EV6 S14D1 m7727;2022-12-04T00:00+01:00;2022-12-05T00:00+01:00;2022-12-04;4;14189;100,0;24;24;0;159;98,88;13507;523;122;225;149;27;27;0
68234V443152;Taraldrud;EV6 S14D1 m7727;2022-12-04T00:00+01:00;2022-12-05T00:00+01:00;2022-12-04;5;309;100,0;24;24;0;0;100,00;308;1;0;0;1;0;0;0
68234V443152;Taraldrud;EV6 S14D1 m7727;2022-12-04T00:00+01:00;2022-12-05T00:00+01:00;2022-12-04;Totalt i retning Oslo;21735;100,0;24;24;0;4;99,98;20554;1177;287;214;235;441;413;28
68234V443152;Taraldrud;EV6 S14D1 m7727;2022-12-04T00:00+01:00;2022-12-05T00:00+01:00;2022-12-04;Totalt i retning Vinterbru;21514;100,0;24;24;0;156;99,27;20797;561;139;234;160;28;28;0
68234V443152;Taraldrud;EV6 S14D1 m7727;2022-12-04T00:00+01:00;2022-12-05T00:00+01:00;2022-12-04;Totalt;43249;100,0;24;24;0;160;99,63;41351;1738;426;448;395;469;441;28
68234V443152;Taraldrud;EV6 S14D1 m7727;2022-12-05T00:00+01:00;2022-12-06T00:00+01:00;2022-12-05;1;11246;100,0;24;24;0;1;99,99;10714;531;355;75;33;68;64;4
68234V443152;Taraldrud;EV6 S14D1 m7727;2022-12-05T00:00+01:00;2022-12-06T00:00+01:00;2022-12-05;2;10385;100,0;24;24;0;3;99,97;10288;94;49;27;13;5;5;0
68234V443152;Taraldrud;EV6 S14D1 m7727;2022-12-05T00:00+01:00;2022-12-06T00:00+01:00;2022-12-05;3;15440;100,0;24;24;0;20;99,87;11557;3863;717;1024;658;1464;1378;86
68234V443152;Taraldrud;EV6 S14D1 m7727;2022-12-05T00:00+01:00;2022-12-06T00:00+01:00;2022-12-05;4;16704;100,0;24;24;0;564;96,62;14102;2038;662;773;436;167;164;3
68234V443152;Taraldrud;EV6 S14D1 m7727;2022-12-05T00:00+01:00;2022-12-06T00:00+01:00;2022-12-05;5;838;100,0;24;24;0;1;99,88;833;4;1;3;0;0;0;0
68234V443152;Taraldrud;EV6 S14D1 m7727;2022-12-05T00:00+01:00;2022-12-06T00:00+01:00;2022-12-05;Totalt i retning Oslo;27525;100,0;24;24;0;22;99,92;23103;4400;1073;1104;691;1532;1442;90
68234V443152;Taraldrud;EV6 S14D1 m7727;2022-12-05T00:00+01:00;2022-12-06T00:00+01:00;2022-12-05;Totalt i retning Vinterbru;27088;100,0;24;24;0;567;97,91;24391;2130;711;798;449;172;169;3
68234V443152;Taraldrud;EV6 S14D1 m7727;2022-12-05T00:00+01:00;2022-12-06T00:00+01:00;2022-12-05;Totalt;54613;100,0;24;24;0;589;98,92;47494;6530;1784;1902;1140;1704;1611;93
68234V443152;Taraldrud;EV6 S14D1 m7727;2022-12-06T00:00+01:00;2022-12-07T00:00+01:00;2022-12-06;1;11431;100,0;24;24;0;0;100,00;10867;564;337;99;44;84;81;3
68234V443152;Taraldrud;EV6 S14D1 m7727;2022-12-06T00:00+01:00;2022-12-07T00:00+01:00;2022-12-06;2;10866;100,0;24;24;0;1;99,99;10738;127;66;31;26;4;4;0
68234V443152;Taraldrud;EV6 S14D1 m7727;2022-12-06T00:00+01:00;2022-12-07T00:00+01:00;2022-12-06;3;15532;100,0;24;24;0;21;99,86;11620;3891;705;1031;677;1478;1384;94
68234V443152;Taraldrud;EV6 S14D1 m7727;2022-12-06T00:00+01:00;2022-12-07T00:00+01:00;2022-12-06;4;16493;100,0;24;24;0;623;96,22;13874;1996;669;722;438;167;164;3
68234V443152;Taraldrud;EV6 S14D1 m7727;2022-12-06T00:00+01:00;2022-12-07T00:00+01:00;2022-12-06;5;723;100,0;24;24;0;1;99,86;719;3;0;3;0;0;0;0
68234V443152;Taraldrud;EV6 S14D1 m7727;2022-12-06T00:00+01:00;2022-12-07T00:00+01:00;2022-12-06;Totalt i retning Oslo;27685;100,0;24;24;0;22;99,92;23205;4458;1042;1133;721;1562;1465;97
68234V443152;Taraldrud;EV6 S14D1 m7727;2022-12-06T00:00+01:00;2022-12-07T00:00+01:00;2022-12-06;Totalt i retning Vinterbru;27360;100,0;24;24;0;624;97,72;24613;2123;735;753;464;171;168;3
68234V443152;Taraldrud;EV6 S14D1 m7727;2022-12-06T00:00+01:00;2022-12-07T00:00+01:00;2022-12-06;Totalt;55045;100,0;24;24;0;646;98,83;47818;6581;1777;1886;1185;1733;1633;100
68234V443152;Taraldrud;EV6 S14D1 m7727;2022-12-07T00:00+01:00;2022-12-08T00:00+01:00;2022-12-07;1;11659;100,0;24;24;0;0;100,00;10977;682;396;128;62;96;91;5
68234V443152;Taraldrud;EV6 S14D1 m7727;2022-12-07T00:00+01:00;2022-12-08T00:00+01:00;2022-12-07;2;10647;100,0;24;24;0;2;99,98;10518;127;62;39;25;1;1;0
68234V443152;Taraldrud;EV6 S14D1 m7727;2022-12-07T00:00+01:00;2022-12-08T00:00+01:00;2022-12-07;3;15455;100,0;24;24;0;18;99,88;11517;3920;670;1043;598;1609;1499;110
68234V443152;Taraldrud;EV6 S14D1 m7727;2022-12-07T00:00+01:00;2022-12-08T00:00+01:00;2022-12-07;4;16706;100,0;24;24;0;579;96,53;14147;1980;647;719;459;155;150;5
68234V443152;Taraldrud;EV6 S14D1 m7727;2022-12-07T00:00+01:00;2022-12-08T00:00+01:00;2022-12-07;5;516;100,0;24;24;0;1;99,81;514;1;0;1;0;0;0;0
68234V443152;Taraldrud;EV6 S14D1 m7727;2022-12-07T00:00+01:00;2022-12-08T00:00+01:00;2022-12-07;Totalt i retning Oslo;27625;100,0;24;24;0;17;99,94;23008;4600;1063;1172;660;1705;1590;115
68234V443152;Taraldrud;EV6 S14D1 m7727;2022-12-07T00:00+01:00;2022-12-08T00:00+01:00;2022-12-07;Totalt i retning Vinterbru;27358;100,0;24;24;0;583;97,87;24665;2110;712;758;484;156;151;5
68234V443152;Taraldrud;EV6 S14D1 m7727;2022-12-07T00:00+01:00;2022-12-08T00:00+01:00;2022-12-07;Totalt;54983;100,0;24;24;0;600;98,91;47673;6710;1775;1930;1144;1861;1741;120
68234V443152;Taraldrud;EV6 S14D1 m7727;2022-12-08T00:00+01:00;2022-12-09T00:00+01:00;2022-12-08;1;12927;100,0;24;24;0;2;99,98;12259;666;390;131;44;101;90;11
68234V443152;Taraldrud;EV6 S14D1 m7727;2022-12-08T00:00+01:00;2022-12-09T00:00+01:00;2022-12-08;2;11966;100,0;24;24;0;6;99,95;11817;143;73;37;27;6;6;0
68234V443152;Taraldrud;EV6 S14D1 m7727;2022-12-08T00:00+01:00;2022-12-09T00:00+01:00;2022-12-08;3;15961;100,0;24;24;0;20;99,87;12139;3802;643;1074;559;1526;1414;112
68234V443152;Taraldrud;EV6 S14D1 m7727;2022-12-08T00:00+01:00;2022-12-09T00:00+01:00;2022-12-08;4;16857;100,0;24;24;0;553;96,72;14338;1966;630;694;478;164;160;4
68234V443152;Taraldrud;EV6 S14D1 m7727;2022-12-08T00:00+01:00;2022-12-09T00:00+01:00;2022-12-08;5;515;100,0;24;24;0;0;100,00;514;1;0;1;0;0;0;0
68234V443152;Taraldrud;EV6 S14D1 m7727;2022-12-08T00:00+01:00;2022-12-09T00:00+01:00;2022-12-08;Totalt i retning Oslo;29403;100,0;24;24;0;22;99,93;24912;4469;1034;1205;603;1627;1504;123
68234V443152;Taraldrud;EV6 S14D1 m7727;2022-12-08T00:00+01:00;2022-12-09T00:00+01:00;2022-12-08;Totalt i retning Vinterbru;28823;100,0;24;24;0;559;98,06;26155;2109;702;732;505;170;166;4
68234V443152;Taraldrud;EV6 S14D1 m7727;2022-12-08T00:00+01:00;2022-12-09T00:00+01:00;2022-12-08;Totalt;58226;100,0;24;24;0;581;99,00;51067;6578;1736;1937;1108;1797;1670;127
68234V443152;Taraldrud;EV6 S14D1 m7727;2022-12-09T00:00+01:00;2022-12-10T00:00+01:00;2022-12-09;1;11655;100,0;24;24;0;1;99,99;11210;444;293;80;24;47;46;1
68234V443152;Taraldrud;EV6 S14D1 m7727;2022-12-09T00:00+01:00;2022-12-10T00:00+01:00;2022-12-09;2;10143;100,0;24;24;0;4;99,96;10057;82;44;21;15;2;2;0
68234V443152;Taraldrud;EV6 S14D1 m7727;2022-12-09T00:00+01:00;2022-12-10T00:00+01:00;2022-12-09;3;15698;100,0;24;24;0;25;99,84;12316;3357;629;964;509;1255;1180;75
68234V443152;Taraldrud;EV6 S14D1 m7727;2022-12-09T00:00+01:00;2022-12-10T00:00+01:00;2022-12-09;4;16369;100,0;24;24;0;549;96,65;14025;1795;596;661;398;140;139;1
68234V443152;Taraldrud;EV6 S14D1 m7727;2022-12-09T00:00+01:00;2022-12-10T00:00+01:00;2022-12-09;5;657;100,0;24;24;0;0;100,00;654;3;1;1;1;0;0;0
68234V443152;Taraldrud;EV6 S14D1 m7727;2022-12-09T00:00+01:00;2022-12-10T00:00+01:00;2022-12-09;Totalt i retning Oslo;28004;100,0;24;24;0;22;99,92;24180;3802;922;1044;534;1302;1226;76
68234V443152;Taraldrud;EV6 S14D1 m7727;2022-12-09T00:00+01:00;2022-12-10T00:00+01:00;2022-12-09;Totalt i retning Vinterbru;26518;100,0;24;24;0;557;97,90;24082;1879;641;683;413;142;141;1
68234V443152;Taraldrud;EV6 S14D1 m7727;2022-12-09T00:00+01:00;2022-12-10T00:00+01:00;2022-12-09;Totalt;54522;100,0;24;24;0;579;98,94;48262;5681;1563;1727;947;1444;1367;77
68234V443152;Taraldrud;EV6 S14D1 m7727;2022-12-10T00:00+01:00;2022-12-11T00:00+01:00;2022-12-10;1;7682;100,0;24;24;0;0;100,00;7568;114;74;25;8;7;7;0
68234V443152;Taraldrud;EV6 S14D1 m7727;2022-12-10T00:00+01:00;2022-12-11T00:00+01:00;2022-12-10;2;6919;100,0;24;24;0;1;99,99;6873;45;15;15;14;1;1;0
68234V443152;Taraldrud;EV6 S14D1 m7727;2022-12-10T00:00+01:00;2022-12-11T00:00+01:00;2022-12-10;3;13942;100,0;24;24;0;0;100,00;13017;925;263;257;147;258;245;13
68234V443152;Taraldrud;EV6 S14D1 m7727;2022-12-10T00:00+01:00;2022-12-11T00:00+01:00;2022-12-10;4;14265;100,0;24;24;0;188;98,68;13554;523;138;174;181;30;29;1
68234V443152;Taraldrud;EV6 S14D1 m7727;2022-12-10T00:00+01:00;2022-12-11T00:00+01:00;2022-12-10;5;237;100,0;24;24;0;1;99,58;234;2;0;1;1;0;0;0
68234V443152;Taraldrud;EV6 S14D1 m7727;2022-12-10T00:00+01:00;2022-12-11T00:00+01:00;2022-12-10;Totalt i retning Oslo;21862;100,0;24;24;0;0;100,00;20819;1043;338;284;156;265;252;13
68234V443152;Taraldrud;EV6 S14D1 m7727;2022-12-10T00:00+01:00;2022-12-11T00:00+01:00;2022-12-10;Totalt i retning Vinterbru;21183;100,0;24;24;0;190;99,10;20427;566;152;188;195;31;30;1
68234V443152;Taraldrud;EV6 S14D1 m7727;2022-12-10T00:00+01:00;2022-12-11T00:00+01:00;2022-12-10;Totalt;43045;100,0;24;24;0;190;99,56;41246;1609;490;472;351;296;282;14
68234V443152;Taraldrud;EV6 S14D1 m7727;2022-12-11T00:00+01:00;2022-12-12T00:00+01:00;2022-12-11;1;7974;100,0;24;24;0;0;100,00;7862;112;69;13;19;11;11;0
68234V443152;Taraldrud;EV6 S14D1 m7727;2022-12-11T00:00+01:00;2022-12-12T00:00+01:00;2022-12-11;2;7529;100,0;24;24;0;0;100,00;7492;37;12;12;12;1;1;0
68234V443152;Taraldrud;EV6 S14D1 m7727;2022-12-11T00:00+01:00;2022-12-12T00:00+01:00;2022-12-11;3;13824;100,0;24;24;0;6;99,96;12801;1017;217;167;228;405;375;30
68234V443152;Taraldrud;EV6 S14D1 m7727;2022-12-11T00:00+01:00;2022-12-12T00:00+01:00;2022-12-11;4;14336;100,0;24;24;0;129;99,10;13768;439;100;155;165;19;19;0
68234V443152;Taraldrud;EV6 S14D1 m7727;2022-12-11T00:00+01:00;2022-12-12T00:00+01:00;2022-12-11;5;233;100,0;24;24;0;1;99,57;232;0;0;0;0;0;0;0
68234V443152;Taraldrud;EV6 S14D1 m7727;2022-12-11T00:00+01:00;2022-12-12T00:00+01:00;2022-12-11;Totalt i retning Oslo;22030;100,0;24;24;0;7;99,97;20894;1129;286;180;247;416;386;30
68234V443152;Taraldrud;EV6 S14D1 m7727;2022-12-11T00:00+01:00;2022-12-12T00:00+01:00;2022-12-11;Totalt i retning Vinterbru;21866;100,0;24;24;0;129;99,41;21261;476;112;167;177;20;20;0
68234V443152;Taraldrud;EV6 S14D1 m7727;2022-12-11T00:00+01:00;2022-12-12T00:00+01:00;2022-12-11;Totalt;43896;100,0;24;24;0;136;99,69;42155;1605;398;347;424;436;406;30
68234V443152;Taraldrud;EV6 S14D1 m7727;2022-12-12T00:00+01:00;2022-12-13T00:00+01:00;2022-12-12;1;11080;100,0;24;24;0;1;99,99;10569;510;306;91;40;73;70;3
68234V443152;Taraldrud;EV6 S14D1 m7727;2022-12-12T00:00+01:00;2022-12-13T00:00+01:00;2022-12-12;2;10633;100,0;24;24;0;5;99,95;10534;94;50;18;23;3;3;0
68234V443152;Taraldrud;EV6 S14D1 m7727;2022-12-12T00:00+01:00;2022-12-13T00:00+01:00;2022-12-12;3;15334;100,0;24;24;0;15;99,90;11616;3703;659;977;631;1436;1353;83
68234V443152;Taraldrud;EV6 S14D1 m7727;2022-12-12T00:00+01:00;2022-12-13T00:00+01:00;2022-12-12;4;16614;100,0;24;24;0;572;96,56;14167;1875;613;715;398;149;148;1
68234V443152;Taraldrud;EV6 S14D1 m7727;2022-12-12T00:00+01:00;2022-12-13T00:00+01:00;2022-12-12;5;628;100,0;24;24;0;0;100,00;624;4;3;0;1;0;0;0
68234V443152;Taraldrud;EV6 S14D1 m7727;2022-12-12T00:00+01:00;2022-12-13T00:00+01:00;2022-12-12;Totalt i retning Oslo;27039;100,0;24;24;0;19;99,93;22805;4215;966;1068;672;1509;1423;86
68234V443152;Taraldrud;EV6 S14D1 m7727;2022-12-12T00:00+01:00;2022-12-13T00:00+01:00;2022-12-12;Totalt i retning Vinterbru;27250;100,0;24;24;0;574;97,89;24705;1971;665;733;421;152;151;1
68234V443152;Taraldrud;EV6 S14D1 m7727;2022-12-12T00:00+01:00;2022-12-13T00:00+01:00;2022-12-12;Totalt;54289;100,0;24;24;0;593;98,91;47510;6186;1631;1801;1093;1661;1574;87
68234V443152;Taraldrud;EV6 S14D1 m7727;2022-12-13T00:00+01:00;2022-12-14T00:00+01:00;2022-12-13;1;10594;100,0;24;24;0;0;100,00;9975;619;317;121;42;139;133;6
68234V443152;Taraldrud;EV6 S14D1 m7727;2022-12-13T00:00+01:00;2022-12-14T00:00+01:00;2022-12-13;2;9036;100,0;24;24;0;6;99,93;8906;124;46;46;26;6;6;0
68234V443152;Taraldrud;EV6 S14D1 m7727;2022-12-13T00:00+01:00;2022-12-14T00:00+01:00;2022-12-13;3;14871;100,0;24;24;0;24;99,84;11358;3489;628;923;616;1322;1233;89
68234V443152;Taraldrud;EV6 S14D1 m7727;2022-12-13T00:00+01:00;2022-12-14T00:00+01:00;2022-12-13;4;14167;100,0;24;24;0;509;96,41;11963;1695;573;620;354;148;145;3
68234V443152;Taraldrud;EV6 S14D1 m7727;2022-12-13T00:00+01:00;2022-12-14T00:00+01:00;2022-12-13;5;911;100,0;24;24;0;0;100,00;897;14;3;5;5;1;1;0
68234V443152;Taraldrud;EV6 S14D1 m7727;2022-12-13T00:00+01:00;2022-12-14T00:00+01:00;2022-12-13;Totalt i retning Oslo;26374;100,0;24;24;0;21;99,92;22230;4123;946;1052;663;1462;1367;95
68234V443152;Taraldrud;EV6 S14D1 m7727;2022-12-13T00:00+01:00;2022-12-14T00:00+01:00;2022-12-13;Totalt i retning Vinterbru;23205;100,0;24;24;0;518;97,77;20869;1818;621;663;380;154;151;3
68234V443152;Taraldrud;EV6 S14D1 m7727;2022-12-13T00:00+01:00;2022-12-14T00:00+01:00;2022-12-13;Totalt;49579;100,0;24;24;0;539;98,91;43099;5941;1567;1715;1043;1616;1518;98
68234V443152;Taraldrud;EV6 S14D1 m7727;2022-12-14T00:00+01:00;2022-12-15T00:00+01:00;2022-12-14;1;10219;100,0;24;24;0;5;99,95;9545;669;364;131;52;122;117;5
68234V443152;Taraldrud;EV6 S14D1 m7727;2022-12-14T00:00+01:00;2022-12-15T00:00+01:00;2022-12-14;2;10010;100,0;24;24;0;8;99,92;9846;156;65;49;28;14;13;1
68234V443152;Taraldrud;EV6 S14D1 m7727;2022-12-14T00:00+01:00;2022-12-15T00:00+01:00;2022-12-14;3;14554;100,0;24;24;0;32;99,78;11186;3336;549;899;573;1315;1223;92
68234V443152;Taraldrud;EV6 S14D1 m7727;2022-12-14T00:00+01:00;2022-12-15T00:00+01:00;2022-12-14;4;15085;100,0;24;24;0;470;96,88;12945;1670;551;565;411;143;141;2
68234V443152;Taraldrud;EV6 S14D1 m7727;2022-12-14T00:00+01:00;2022-12-15T00:00+01:00;2022-12-14;5;986;100,0;24;24;0;3;99,70;975;8;2;1;2;3;3;0
68234V443152;Taraldrud;EV6 S14D1 m7727;2022-12-14T00:00+01:00;2022-12-15T00:00+01:00;2022-12-14;Totalt i retning Oslo;25757;100,0;24;24;0;41;99,84;21706;4010;911;1033;627;1439;1342;97
68234V443152;Taraldrud;EV6 S14D1 m7727;2022-12-14T00:00+01:00;2022-12-15T00:00+01:00;2022-12-14;Totalt i retning Vinterbru;25097;100,0;24;24;0;477;98,10;22791;1829;620;612;439;158;155;3
68234V443152;Taraldrud;EV6 S14D1 m7727;2022-12-14T00:00+01:00;2022-12-15T00:00+01:00;2022-12-14;Totalt;50854;100,0;24;24;0;518;98,98;44497;5839;1531;1645;1066;1597;1497;100
68234V443152;Taraldrud;EV6 S14D1 m7727;2022-12-15T00:00+01:00;2022-12-16T00:00+01:00;2022-12-15;1;12023;100,0;24;24;0;2;99,98;11358;663;390;106;50;117;111;6
68234V443152;Taraldrud;EV6 S14D1 m7727;2022-12-15T00:00+01:00;2022-12-16T00:00+01:00;2022-12-15;2;11576;100,0;24;24;0;5;99,96;11433;138;56;40;37;5;5;0
68234V443152;Taraldrud;EV6 S14D1 m7727;2022-12-15T00:00+01:00;2022-12-16T00:00+01:00;2022-12-15;3;15382;100,0;24;24;0;20;99,87;11798;3564;589;959;635;1381;1291;90
68234V443152;Taraldrud;EV6 S14D1 m7727;2022-12-15T00:00+01:00;2022-12-16T00:00+01:00;2022-12-15;4;16322;100,0;24;24;0;564;96,54;13896;1862;549;669;467;177;173;4
68234V443152;Taraldrud;EV6 S14D1 m7727;2022-12-15T00:00+01:00;2022-12-16T00:00+01:00;2022-12-15;5;710;100,0;24;24;0;1;99,86;704;5;3;1;0;1;1;0
68234V443152;Taraldrud;EV6 S14D1 m7727;2022-12-15T00:00+01:00;2022-12-16T00:00+01:00;2022-12-15;Totalt i retning Oslo;28099;100,0;24;24;0;18;99,94;23853;4228;979;1065;685;1499;1403;96
68234V443152;Taraldrud;EV6 S14D1 m7727;2022-12-15T00:00+01:00;2022-12-16T00:00+01:00;2022-12-15;Totalt i retning Vinterbru;27914;100,0;24;24;0;574;97,94;25336;2004;608;710;504;182;178;4
68234V443152;Taraldrud;EV6 S14D1 m7727;2022-12-15T00:00+01:00;2022-12-16T00:00+01:00;2022-12-15;Totalt;56013;100,0;24;24;0;592;98,94;49189;6232;1587;1775;1189;1681;1581;100
68234V443152;Taraldrud;EV6 S14D1 m7727;2022-12-16T00:00+01:00;2022-12-17T00:00+01:00;2022-12-16;1;11495;100,0;24;24;0;0;100,00;10847;648;343;132;56;117;109;8
68234V443152;Taraldrud;EV6 S14D1 m7727;2022-12-16T00:00+01:00;2022-12-17T00:00+01:00;2022-12-16;2;10832;100,0;24;24;0;4;99,96;10717;111;49;34;25;3;2;1
68234V443152;Taraldrud;EV6 S14D1 m7727;2022-12-16T00:00+01:00;2022-12-17T00:00+01:00;2022-12-16;3;15060;100,0;24;24;0;26;99,83;12053;2981;565;845;532;1039;970;69
68234V443152;Taraldrud;EV6 S14D1 m7727;2022-12-16T00:00+01:00;2022-12-17T00:00+01:00;2022-12-16;4;15830;100,0;24;24;0;517;96,73;13653;1660;547;583;390;140;137;3
68234V443152;Taraldrud;EV6 S14D1 m7727;2022-12-16T00:00+01:00;2022-12-17T00:00+01:00;2022-12-16;5;994;100,0;24;24;0;5;99,50;983;6;2;4;0;0;0;0
68234V443152;Taraldrud;EV6 S14D1 m7727;2022-12-16T00:00+01:00;2022-12-17T00:00+01:00;2022-12-16;Totalt i retning Oslo;27543;100,0;24;24;0;32;99,88;23878;3633;908;981;588;1156;1079;77
68234V443152;Taraldrud;EV6 S14D1 m7727;2022-12-16T00:00+01:00;2022-12-17T00:00+01:00;2022-12-16;Totalt i retning Vinterbru;26668;100,0;24;24;0;520;98,05;24375;1773;598;617;415;143;139;4
68234V443152;Taraldrud;EV6 S14D1 m7727;2022-12-16T00:00+01:00;2022-12-17T00:00+01:00;2022-12-16;Totalt;54211;100,0;24;24;0;552;98,98;48253;5406;1506;1598;1003;1299;1218;81
68234V443152;Taraldrud;EV6 S14D1 m7727;2022-12-17T00:00+01:00;2022-12-18T00:00+01:00;2022-12-17;1;5545;100,0;24;24;0;19;99,66;5360;166;73;52;21;20;19;1
68234V443152;Taraldrud;EV6 S14D1 m7727;2022-12-17T00:00+01:00;2022-12-18T00:00+01:00;2022-12-17;2;5326;100,0;24;24;0;2;99,96;5263;61;11;31;17;2;2;0
68234V443152;Taraldrud;EV6 S14D1 m7727;2022-12-17T00:00+01:00;2022-12-18T00:00+01:00;2022-12-17;3;10426;100,0;24;24;0;16;99,85;9734;676;190;160;115;211;201;10
68234V443152;Taraldrud;EV6 S14D1 m7727;2022-12-17T00:00+01:00;2022-12-18T00:00+01:00;2022-12-17;4;10306;100,0;24;24;0;133;98,71;9780;393;123;122;117;31;30;1
68234V443152;Taraldrud;EV6 S14D1 m7727;2022-12-17T00:00+01:00;2022-12-18T00:00+01:00;2022-12-17;5;1761;100,0;24;24;0;0;100,00;1732;29;4;16;5;4;4;0
68234V443152;Taraldrud;EV6 S14D1 m7727;2022-12-17T00:00+01:00;2022-12-18T00:00+01:00;2022-12-17;Totalt i retning Oslo;17734;100,0;24;24;0;36;99,80;16825;873;268;228;142;235;224;11
68234V443152;Taraldrud;EV6 S14D1 m7727;2022-12-17T00:00+01:00;2022-12-18T00:00+01:00;2022-12-17;Totalt i retning Vinterbru;15630;100,0;24;24;0;134;99,14;15044;452;133;153;133;33;32;1
68234V443152;Taraldrud;EV6 S14D1 m7727;2022-12-17T00:00+01:00;2022-12-18T00:00+01:00;2022-12-17;Totalt;33364;100,0;24;24;0;170;99,49;31869;1325;401;381;275;268;256;12
68234V443152;Taraldrud;EV6 S14D1 m7727;2022-12-18T00:00+01:00;2022-12-19T00:00+01:00;2022-12-18;1;7673;100,0;24;24;0;1;99,99;7557;115;52;22;20;21;19;2
68234V443152;Taraldrud;EV6 S14D1 m7727;2022-12-18T00:00+01:00;2022-12-19T00:00+01:00;2022-12-18;2;7048;100,0;24;24;0;3;99,96;6995;50;14;18;14;4;4;0
68234V443152;Taraldrud;EV6 S14D1 m7727;2022-12-18T00:00+01:00;2022-12-19T00:00+01:00;2022-12-18;3;13038;100,0;24;24;0;3;99,98;12034;1001;202;179;169;451;420;31
68234V443152;Taraldrud;EV6 S14D1 m7727;2022-12-18T00:00+01:00;2022-12-19T00:00+01:00;2022-12-18;4;13437;100,0;24;24;0;130;99,03;12841;466;131;154;151;30;30;0
68234V443152;Taraldrud;EV6 S14D1 m7727;2022-12-18T00:00+01:00;2022-12-19T00:00+01:00;2022-12-18;5;303;100,0;24;24;0;1;99,67;299;3;0;3;0;0;0;0
68234V443152;Taraldrud;EV6 S14D1 m7727;2022-12-18T00:00+01:00;2022-12-19T00:00+01:00;2022-12-18;Totalt i retning Oslo;21014;100,0;24;24;0;5;99,98;19890;1119;254;204;189;472;439;33
68234V443152;Taraldrud;EV6 S14D1 m7727;2022-12-18T00:00+01:00;2022-12-19T00:00+01:00;2022-12-18;Totalt i retning Vinterbru;20485;100,0;24;24;0;133;99,35;19836;516;145;172;165;34;34;0
68234V443152;Taraldrud;EV6 S14D1 m7727;2022-12-18T00:00+01:00;2022-12-19T00:00+01:00;2022-12-18;Totalt;41499;100,0;24;24;0;138;99,67;39726;1635;399;376;354;506;473;33
68234V443152;Taraldrud;EV6 S14D1 m7727;2022-12-19T00:00+01:00;2022-12-20T00:00+01:00;2022-12-19;1;10606;100,0;24;24;0;0;100,00;9946;660;357;132;52;119;112;7
68234V443152;Taraldrud;EV6 S14D1 m7727;2022-12-19T00:00+01:00;2022-12-20T00:00+01:00;2022-12-19;2;9959;100,0;24;24;0;6;99,94;9831;122;67;37;13;5;5;0
68234V443152;Taraldrud;EV6 S14D1 m7727;2022-12-19T00:00+01:00;2022-12-20T00:00+01:00;2022-12-19;3;14817;100,0;24;24;0;8;99,95;11434;3375;630;909;538;1298;1240;58
68234V443152;Taraldrud;EV6 S14D1 m7727;2022-12-19T00:00+01:00;2022-12-20T00:00+01:00;2022-12-19;4;15310;100,0;24;24;0;486;96,83;13051;1773;599;640;369;165;160;5
68234V443152;Taraldrud;EV6 S14D1 m7727;2022-12-19T00:00+01:00;2022-12-20T00:00+01:00;2022-12-19;5;732;100,0;24;24;0;2;99,73;727;3;0;1;2;0;0;0
68234V443152;Taraldrud;EV6 S14D1 m7727;2022-12-19T00:00+01:00;2022-12-20T00:00+01:00;2022-12-19;Totalt i retning Oslo;26153;100,0;24;24;0;11;99,96;22103;4039;987;1043;592;1417;1352;65
68234V443152;Taraldrud;EV6 S14D1 m7727;2022-12-19T00:00+01:00;2022-12-20T00:00+01:00;2022-12-19;Totalt i retning Vinterbru;25271;100,0;24;24;0;491;98,06;22886;1894;666;676;382;170;165;5
68234V443152;Taraldrud;EV6 S14D1 m7727;2022-12-19T00:00+01:00;2022-12-20T00:00+01:00;2022-12-19;Totalt;51424;100,0;24;24;0;502;99,02;44989;5933;1653;1719;974;1587;1517;70
68234V443152;Taraldrud;EV6 S14D1 m7727;2022-12-20T00:00+01:00;2022-12-21T00:00+01:00;2022-12-20;1;10977;100,0;24;24;0;3;99,97;10333;641;352;129;35;125;120;5
68234V443152;Taraldrud;EV6 S14D1 m7727;2022-12-20T00:00+01:00;2022-12-21T00:00+01:00;2022-12-20;2;10369;100,0;24;24;0;10;99,90;10234;125;62;25;34;4;4;0
68234V443152;Taraldrud;EV6 S14D1 m7727;2022-12-20T00:00+01:00;2022-12-21T00:00+01:00;2022-12-20;3;15478;100,0;24;24;0;14;99,91;11826;3638;583;942;526;1587;1488;99
68234V443152;Taraldrud;EV6 S14D1 m7727;2022-12-20T00:00+01:00;2022-12-21T00:00+01:00;2022-12-20;4;15957;100,0;24;24;0;547;96,57;13518;1892;582;681;454;175;173;2
68234V443152;Taraldrud;EV6 S14D1 m7727;2022-12-20T00:00+01:00;2022-12-21T00:00+01:00;2022-12-20;5;610;100,0;24;24;0;2;99,67;603;5;2;2;1;0;0;0
68234V443152;Taraldrud;EV6 S14D1 m7727;2022-12-20T00:00+01:00;2022-12-21T00:00+01:00;2022-12-20;Totalt i retning Oslo;27066;100,0;24;24;0;20;99,93;22762;4284;936;1074;562;1712;1608;104
68234V443152;Taraldrud;EV6 S14D1 m7727;2022-12-20T00:00+01:00;2022-12-21T00:00+01:00;2022-12-20;Totalt i retning Vinterbru;26325;100,0;24;24;0;556;97,89;23752;2017;645;705;488;179;177;2
68234V443152;Taraldrud;EV6 S14D1 m7727;2022-12-20T00:00+01:00;2022-12-21T00:00+01:00;2022-12-20;Totalt;53391;100,0;24;24;0;576;98,92;46514;6301;1581;1779;1050;1891;1785;106
68234V443152;Taraldrud;EV6 S14D1 m7727;2022-12-21T00:00+01:00;2022-12-22T00:00+01:00;2022-12-21;1;12786;100,0;24;24;0;1;99,99;12189;596;353;99;50;94;88;6
68234V443152;Taraldrud;EV6 S14D1 m7727;2022-12-21T00:00+01:00;2022-12-22T00:00+01:00;2022-12-21;2;12028;100,0;24;24;0;7;99,94;11895;126;49;37;31;9;9;0
68234V443152;Taraldrud;EV6 S14D1 m7727;2022-12-21T00:00+01:00;2022-12-22T00:00+01:00;2022-12-21;3;16364;100,0;24;24;0;13;99,92;12837;3514;612;964;516;1422;1319;103
68234V443152;Taraldrud;EV6 S14D1 m7727;2022-12-21T00:00+01:00;2022-12-22T00:00+01:00;2022-12-21;4;16716;100,0;24;24;0;572;96,58;14296;1848;611;640;440;157;150;7
68234V443152;Taraldrud;EV6 S14D1 m7727;2022-12-21T00:00+01:00;2022-12-22T00:00+01:00;2022-12-21;5;539;100,0;24;24;0;1;99,81;534;4;1;1;0;2;2;0
68234V443152;Taraldrud;EV6 S14D1 m7727;2022-12-21T00:00+01:00;2022-12-22T00:00+01:00;2022-12-21;Totalt i retning Oslo;29691;100,0;24;24;0;17;99,94;25560;4114;966;1064;566;1518;1409;109
68234V443152;Taraldrud;EV6 S14D1 m7727;2022-12-21T00:00+01:00;2022-12-22T00:00+01:00;2022-12-21;Totalt i retning Vinterbru;28742;100,0;24;24;0;577;97,99;26191;1974;660;677;471;166;159;7
68234V443152;Taraldrud;EV6 S14D1 m7727;2022-12-21T00:00+01:00;2022-12-22T00:00+01:00;2022-12-21;Totalt;58433;100,0;24;24;0;594;98,98;51751;6088;1626;1741;1037;1684;1568;116
68234V443152;Taraldrud;EV6 S14D1 m7727;2022-12-22T00:00+01:00;2022-12-23T00:00+01:00;2022-12-22;1;12329;100,0;24;24;0;32;99,74;11791;506;294;104;33;75;73;2
68234V443152;Taraldrud;EV6 S14D1 m7727;2022-12-22T00:00+01:00;2022-12-23T00:00+01:00;2022-12-22;2;11420;100,0;24;24;0;7;99,94;11295;118;56;34;23;5;5;0
68234V443152;Taraldrud;EV6 S14D1 m7727;2022-12-22T00:00+01:00;2022-12-23T00:00+01:00;2022-12-22;3;16158;100,0;24;24;0;24;99,85;13070;3064;514;927;440;1183;1100;83
68234V443152;Taraldrud;EV6 S14D1 m7727;2022-12-22T00:00+01:00;2022-12-23T00:00+01:00;2022-12-22;4;16661;100,0;24;24;0;490;97,06;14491;1680;523;624;390;143;139;4
68234V443152;Taraldrud;EV6 S14D1 m7727;2022-12-22T00:00+01:00;2022-12-23T00:00+01:00;2022-12-22;5;555;100,0;24;24;0;4;99,28;547;4;2;2;0;0;0;0
68234V443152;Taraldrud;EV6 S14D1 m7727;2022-12-22T00:00+01:00;2022-12-23T00:00+01:00;2022-12-22;Totalt i retning Oslo;29039;100,0;24;24;0;60;99,79;25406;3573;809;1033;473;1258;1173;85
68234V443152;Taraldrud;EV6 S14D1 m7727;2022-12-22T00:00+01:00;2022-12-23T00:00+01:00;2022-12-22;Totalt i retning Vinterbru;28084;100,0;24;24;0;497;98,23;25788;1799;580;658;413;148;144;4
68234V443152;Taraldrud;EV6 S14D1 m7727;2022-12-22T00:00+01:00;2022-12-23T00:00+01:00;2022-12-22;Totalt;57123;100,0;24;24;0;557;99,02;51194;5372;1389;1691;886;1406;1317;89
68234V443152;Taraldrud;EV6 S14D1 m7727;2022-12-23T00:00+01:00;2022-12-24T00:00+01:00;2022-12-23;1;9762;100,0;24;24;0;1;99,99;9417;344;214;62;15;53;52;1
68234V443152;Taraldrud;EV6 S14D1 m7727;2022-12-23T00:00+01:00;2022-12-24T00:00+01:00;2022-12-23;2;9840;100,0;24;24;0;10;99,90;9755;75;37;20;17;1;1;0
68234V443152;Taraldrud;EV6 S14D1 m7727;2022-12-23T00:00+01:00;2022-12-24T00:00+01:00;2022-12-23;3;15367;100,0;24;24;0;8;99,95;13125;2234;494;650;293;797;738;59
68234V443152;Taraldrud;EV6 S14D1 m7727;2022-12-23T00:00+01:00;2022-12-24T00:00+01:00;2022-12-23;4;15299;100,0;24;24;0;360;97,65;13633;1306;408;484;308;106;104;2
68234V443152;Taraldrud;EV6 S14D1 m7727;2022-12-23T00:00+01:00;2022-12-24T00:00+01:00;2022-12-23;5;497;100,0;24;24;0;0;100,00;497;0;0;0;0;0;0;0
68234V443152;Taraldrud;EV6 S14D1 m7727;2022-12-23T00:00+01:00;2022-12-24T00:00+01:00;2022-12-23;Totalt i retning Oslo;25625;100,0;24;24;0;10;99,96;23039;2576;706;712;308;850;790;60
68234V443152;Taraldrud;EV6 S14D1 m7727;2022-12-23T00:00+01:00;2022-12-24T00:00+01:00;2022-12-23;Totalt i retning Vinterbru;25140;100,0;24;24;0;369;98,53;23388;1383;447;504;325;107;105;2
68234V443152;Taraldrud;EV6 S14D1 m7727;2022-12-23T00:00+01:00;2022-12-24T00:00+01:00;2022-12-23;Totalt;50765;100,0;24;24;0;379;99,25;46427;3959;1153;1216;633;957;895;62
68234V443152;Taraldrud;EV6 S14D1 m7727;2022-12-24T00:00+01:00;2022-12-25T00:00+01:00;2022-12-24;1;4927;100,0;24;24;0;0;100,00;4883;44;28;11;3;2;2;0
68234V443152;Taraldrud;EV6 S14D1 m7727;2022-12-24T00:00+01:00;2022-12-25T00:00+01:00;2022-12-24;2;5099;100,0;24;24;0;1;99,98;5083;15;3;5;7;0;0;0
68234V443152;Taraldrud;EV6 S14D1 m7727;2022-12-24T00:00+01:00;2022-12-25T00:00+01:00;2022-12-24;3;11049;100,0;24;24;0;0;100,00;10745;304;79;57;72;96;89;7
68234V443152;Taraldrud;EV6 S14D1 m7727;2022-12-24T00:00+01:00;2022-12-25T00:00+01:00;2022-12-24;4;11393;100,0;24;24;0;76;99,33;11087;230;60;41;119;10;10;0
68234V443152;Taraldrud;EV6 S14D1 m7727;2022-12-24T00:00+01:00;2022-12-25T00:00+01:00;2022-12-24;5;175;100,0;24;24;0;0;100,00;175;0;0;0;0;0;0;0
68234V443152;Taraldrud;EV6 S14D1 m7727;2022-12-24T00:00+01:00;2022-12-25T00:00+01:00;2022-12-24;Totalt i retning Oslo;16151;100,0;24;24;0;0;100,00;15803;348;107;68;75;98;91;7
68234V443152;Taraldrud;EV6 S14D1 m7727;2022-12-24T00:00+01:00;2022-12-25T00:00+01:00;2022-12-24;Totalt i retning Vinterbru;16492;100,0;24;24;0;77;99,53;16170;245;63;46;126;10;10;0
68234V443152;Taraldrud;EV6 S14D1 m7727;2022-12-24T00:00+01:00;2022-12-25T00:00+01:00;2022-12-24;Totalt;32643;100,0;24;24;0;77;99,76;31973;593;170;114;201;108;101;7
68234V443152;Taraldrud;EV6 S14D1 m7727;2022-12-25T00:00+01:00;2022-12-26T00:00+01:00;2022-12-25;1;4494;100,0;24;24;0;0;100,00;4449;45;19;14;8;4;4;0
68234V443152;Taraldrud;EV6 S14D1 m7727;2022-12-25T00:00+01:00;2022-12-26T00:00+01:00;2022-12-25;2;3525;100,0;24;24;0;1;99,97;3510;14;5;5;3;1;1;0
68234V443152;Taraldrud;EV6 S14D1 m7727;2022-12-25T00:00+01:00;2022-12-26T00:00+01:00;2022-12-25;3;10633;100,0;24;24;0;1;99,99;10369;263;53;58;41;111;108;3
68234V443152;Taraldrud;EV6 S14D1 m7727;2022-12-25T00:00+01:00;2022-12-26T00:00+01:00;2022-12-25;4;9579;100,0;24;24;0;42;99,56;9423;114;29;25;54;6;6;0
68234V443152;Taraldrud;EV6 S14D1 m7727;2022-12-25T00:00+01:00;2022-12-26T00:00+01:00;2022-12-25;5;85;100,0;24;24;0;0;100,00;80;5;0;3;2;0;0;0
68234V443152;Taraldrud;EV6 S14D1 m7727;2022-12-25T00:00+01:00;2022-12-26T00:00+01:00;2022-12-25;Totalt i retning Oslo;15211;100,0;24;24;0;1;99,99;14898;312;72;74;51;115;112;3
68234V443152;Taraldrud;EV6 S14D1 m7727;2022-12-25T00:00+01:00;2022-12-26T00:00+01:00;2022-12-25;Totalt i retning Vinterbru;13105;100,0;24;24;0;43;99,67;12933;129;34;31;57;7;7;0
68234V443152;Taraldrud;EV6 S14D1 m7727;2022-12-25T00:00+01:00;2022-12-26T00:00+01:00;2022-12-25;Totalt;28316;100,0;24;24;0;44;99,84;27831;441;106;105;108;122;119;3
68234V443152;Taraldrud;EV6 S14D1 m7727;2022-12-26T00:00+01:00;2022-12-27T00:00+01:00;2022-12-26;1;4761;100,0;24;24;0;0;100,00;4693;68;33;14;7;14;13;1
68234V443152;Taraldrud;EV6 S14D1 m7727;2022-12-26T00:00+01:00;2022-12-27T00:00+01:00;2022-12-26;2;3828;100,0;24;24;0;0;100,00;3814;14;6;2;6;0;0;0
68234V443152;Taraldrud;EV6 S14D1 m7727;2022-12-26T00:00+01:00;2022-12-27T00:00+01:00;2022-12-26;3;12037;100,0;24;24;0;0;100,00;11407;630;139;115;96;280;253;27
68234V443152;Taraldrud;EV6 S14D1 m7727;2022-12-26T00:00+01:00;2022-12-27T00:00+01:00;2022-12-26;4;10628;100,0;24;24;0;77;99,28;10328;223;79;66;61;17;17;0
68234V443152;Taraldrud;EV6 S14D1 m7727;2022-12-26T00:00+01:00;2022-12-27T00:00+01:00;2022-12-26;5;149;100,0;24;24;0;0;100,00;148;1;0;1;0;0;0;0
68234V443152;Taraldrud;EV6 S14D1 m7727;2022-12-26T00:00+01:00;2022-12-27T00:00+01:00;2022-12-26;Totalt i retning Oslo;16946;100,0;24;24;0;0;100,00;16247;699;172;130;103;294;266;28
68234V443152;Taraldrud;EV6 S14D1 m7727;2022-12-26T00:00+01:00;2022-12-27T00:00+01:00;2022-12-26;Totalt i retning Vinterbru;14457;100,0;24;24;0;77;99,47;14143;237;85;68;67;17;17;0
68234V443152;Taraldrud;EV6 S14D1 m7727;2022-12-26T00:00+01:00;2022-12-27T00:00+01:00;2022-12-26;Totalt;31403;100,0;24;24;0;77;99,75;30390;936;257;198;170;311;283;28
68234V443152;Taraldrud;EV6 S14D1 m7727;2022-12-27T00:00+01:00;2022-12-28T00:00+01:00;2022-12-27;1;5911;100,0;24;24;0;0;100,00;5587;324;136;91;22;75;70;5
68234V443152;Taraldrud;EV6 S14D1 m7727;2022-12-27T00:00+01:00;2022-12-28T00:00+01:00;2022-12-27;2;4846;100,0;24;24;0;4;99,92;4786;56;21;21;14;0;0;0
68234V443152;Taraldrud;EV6 S14D1 m7727;2022-12-27T00:00+01:00;2022-12-28T00:00+01:00;2022-12-27;3;16285;100,0;24;24;0;10;99,94;14097;2178;407;617;319;835;796;39
68234V443152;Taraldrud;EV6 S14D1 m7727;2022-12-27T00:00+01:00;2022-12-28T00:00+01:00;2022-12-27;4;15188;100,0;24;24;0;323;97,87;13957;908;334;344;153;77;75;2
68234V443152;Taraldrud;EV6 S14D1 m7727;2022-12-27T00:00+01:00;2022-12-28T00:00+01:00;2022-12-27;5;722;100,0;24;24;0;0;100,00;715;7;2;5;0;0;0;0
68234V443152;Taraldrud;EV6 S14D1 m7727;2022-12-27T00:00+01:00;2022-12-28T00:00+01:00;2022-12-27;Totalt i retning Oslo;22919;100,0;24;24;0;12;99,95;20397;2510;545;713;342;910;866;44
68234V443152;Taraldrud;EV6 S14D1 m7727;2022-12-27T00:00+01:00;2022-12-28T00:00+01:00;2022-12-27;Totalt i retning Vinterbru;20033;100,0;24;24;0;325;98,38;18745;963;355;365;166;77;75;2
68234V443152;Taraldrud;EV6 S14D1 m7727;2022-12-27T00:00+01:00;2022-12-28T00:00+01:00;2022-12-27;Totalt;42952;100,0;24;24;0;337;99,22;39142;3473;900;1078;508;987;941;46
68234V443152;Taraldrud;EV6 S14D1 m7727;2022-12-28T00:00+01:00;2022-12-29T00:00+01:00;2022-12-28;1;6699;100,0;24;24;0;0;100,00;6466;233;117;46;26;44;42;2
68234V443152;Taraldrud;EV6 S14D1 m7727;2022-12-28T00:00+01:00;2022-12-29T00:00+01:00;2022-12-28;2;6221;100,0;24;24;0;0;100,00;6181;40;7;20;13;0;0;0
68234V443152;Taraldrud;EV6 S14D1 m7727;2022-12-28T00:00+01:00;2022-12-29T00:00+01:00;2022-12-28;3;15508;100,0;24;24;0;17;99,89;13241;2250;406;609;396;839;782;57
68234V443152;Taraldrud;EV6 S14D1 m7727;2022-12-28T00:00+01:00;2022-12-29T00:00+01:00;2022-12-28;4;14666;100,0;24;24;0;394;97,31;13047;1225;375;506;251;93;92;1
68234V443152;Taraldrud;EV6 S14D1 m7727;2022-12-28T00:00+01:00;2022-12-29T00:00+01:00;2022-12-28;5;919;100,0;24;24;0;1;99,89;913;5;0;1;3;1;1;0
68234V443152;Taraldrud;EV6 S14D1 m7727;2022-12-28T00:00+01:00;2022-12-29T00:00+01:00;2022-12-28;Totalt i retning Oslo;23124;100,0;24;24;0;18;99,92;20620;2486;521;656;425;884;825;59
68234V443152;Taraldrud;EV6 S14D1 m7727;2022-12-28T00:00+01:00;2022-12-29T00:00+01:00;2022-12-28;Totalt i retning Vinterbru;20889;100,0;24;24;0;394;98,11;19228;1267;384;526;264;93;92;1
68234V443152;Taraldrud;EV6 S14D1 m7727;2022-12-28T00:00+01:00;2022-12-29T00:00+01:00;2022-12-28;Totalt;44013;100,0;24;24;0;412;99,06;39848;3753;905;1182;689;977;917;60
68234V443152;Taraldrud;EV6 S14D1 m7727;2022-12-29T00:00+01:00;2022-12-30T00:00+01:00;2022-12-29;1;6359;100,0;24;24;0;1;99,98;6054;304;157;66;23;58;56;2
68234V443152;Taraldrud;EV6 S14D1 m7727;2022-12-29T00:00+01:00;2022-12-30T00:00+01:00;2022-12-29;2;6192;100,0;24;24;0;6;99,90;6122;64;25;17;20;2;2;0
68234V443152;Taraldrud;EV6 S14D1 m7727;2022-12-29T00:00+01:00;2022-12-30T00:00+01:00;2022-12-29;3;13284;100,0;24;24;0;9;99,93;11071;2204;392;624;285;903;840;63
68234V443152;Taraldrud;EV6 S14D1 m7727;2022-12-29T00:00+01:00;2022-12-30T00:00+01:00;2022-12-29;4;12997;100,0;24;24;0;385;97,04;11403;1209;379;451;282;97;97;0
68234V443152;Taraldrud;EV6 S14D1 m7727;2022-12-29T00:00+01:00;2022-12-30T00:00+01:00;2022-12-29;5;589;100,0;24;24;0;1;99,83;583;5;0;1;3;1;1;0
68234V443152;Taraldrud;EV6 S14D1 m7727;2022-12-29T00:00+01:00;2022-12-30T00:00+01:00;2022-12-29;Totalt i retning Oslo;20233;100,0;24;24;0;11;99,95;17708;2514;551;690;311;962;897;65
68234V443152;Taraldrud;EV6 S14D1 m7727;2022-12-29T00:00+01:00;2022-12-30T00:00+01:00;2022-12-29;Totalt i retning Vinterbru;19188;100,0;24;24;0;391;97,96;17525;1272;402;469;302;99;99;0
68234V443152;Taraldrud;EV6 S14D1 m7727;2022-12-29T00:00+01:00;2022-12-30T00:00+01:00;2022-12-29;Totalt;39421;100,0;24;24;0;402;98,98;35233;3786;953;1159;613;1061;996;65
68234V443152;Taraldrud;EV6 S14D1 m7727;2022-12-30T00:00+01:00;2022-12-31T00:00+01:00;2022-12-30;1;7016;100,0;24;24;0;0;100,00;6801;215;144;33;12;26;25;1
68234V443152;Taraldrud;EV6 S14D1 m7727;2022-12-30T00:00+01:00;2022-12-31T00:00+01:00;2022-12-30;2;7066;100,0;24;24;0;2;99,97;7012;52;26;8;18;0;0;0
68234V443152;Taraldrud;EV6 S14D1 m7727;2022-12-30T00:00+01:00;2022-12-31T00:00+01:00;2022-12-30;3;13322;100,0;24;24;0;3;99,98;11372;1947;384;590;203;770;716;54
68234V443152;Taraldrud;EV6 S14D1 m7727;2022-12-30T00:00+01:00;2022-12-31T00:00+01:00;2022-12-30;4;13413;100,0;24;24;0;333;97,52;11979;1101;341;457;212;91;90;1
68234V443152;Taraldrud;EV6 S14D1 m7727;2022-12-30T00:00+01:00;2022-12-31T00:00+01:00;2022-12-30;5;322;100,0;24;24;0;0;100,00;319;3;2;0;0;1;1;0
68234V443152;Taraldrud;EV6 S14D1 m7727;2022-12-30T00:00+01:00;2022-12-31T00:00+01:00;2022-12-30;Totalt i retning Oslo;20660;100,0;24;24;0;3;99,99;18494;2163;528;623;215;797;742;55
68234V443152;Taraldrud;EV6 S14D1 m7727;2022-12-30T00:00+01:00;2022-12-31T00:00+01:00;2022-12-30;Totalt i retning Vinterbru;20479;100,0;24;24;0;335;98,36;18989;1155;369;465;230;91;90;1
68234V443152;Taraldrud;EV6 S14D1 m7727;2022-12-30T00:00+01:00;2022-12-31T00:00+01:00;2022-12-30;Totalt;41139;100,0;24;24;0;338;99,18;37483;3318;897;1088;445;888;832;56
68234V443152;Taraldrud;EV6 S14D1 m7727;2022-12-31T00:00+01:00;2023-01-01T00:00+01:00;2022-12-31;1;2887;100,0;24;24;0;0;100,00;2845;42;24;11;4;3;3;0
68234V443152;Taraldrud;EV6 S14D1 m7727;2022-12-31T00:00+01:00;2023-01-01T00:00+01:00;2022-12-31;2;2795;100,0;24;24;0;0;100,00;2777;18;7;5;6;0;0;0
68234V443152;Taraldrud;EV6 S14D1 m7727;2022-12-31T00:00+01:00;2023-01-01T00:00+01:00;2022-12-31;3;8422;100,0;24;24;0;0;100,00;8027;395;113;92;60;130;118;12
68234V443152;Taraldrud;EV6 S14D1 m7727;2022-12-31T00:00+01:00;2023-01-01T00:00+01:00;2022-12-31;4;8685;100,0;24;24;0;84;99,03;8336;265;54;67;136;8;8;0
68234V443152;Taraldrud;EV6 S14D1 m7727;2022-12-31T00:00+01:00;2023-01-01T00:00+01:00;2022-12-31;5;85;100,0;24;24;0;0;100,00;85;0;0;0;0;0;0;0
68234V443152;Taraldrud;EV6 S14D1 m7727;2022-12-31T00:00+01:00;2023-01-01T00:00+01:00;2022-12-31;Totalt i retning Oslo;11394;100,0;24;24;0;0;100,00;10957;437;137;103;64;133;121;12
68234V443152;Taraldrud;EV6 S14D1 m7727;2022-12-31T00:00+01:00;2023-01-01T00:00+01:00;2022-12-31;Totalt i retning Vinterbru;11480;100,0;24;24;0;84;99,27;11113;283;61;72;142;8;8;0
68234V443152;Taraldrud;EV6 S14D1 m7727;2022-12-31T00:00+01:00;2023-01-01T00:00+01:00;2022-12-31;Totalt;22874;100,0;24;24;0;84;99,63;22070;720;198;175;206;141;129;12
68234V443152;Taraldrud;EV6 S14D1 m7727;2023-01-01T00:00+01:00;2023-01-02T00:00+01:00;2023-01-01;1;4012;100,0;24;24;0;0;100,00;3967;45;30;5;9;1;1;0
68234V443152;Taraldrud;EV6 S14D1 m7727;2023-01-01T00:00+01:00;2023-01-02T00:00+01:00;2023-01-01;2;5134;100,0;24;24;0;0;100,00;5113;21;4;8;8;1;1;0
68234V443152;Taraldrud;EV6 S14D1 m7727;2023-01-01T00:00+01:00;2023-01-02T00:00+01:00;2023-01-01;3;10476;100,0;24;24;0;1;99,99;9960;515;103;99;81;232;220;12
68234V443152;Taraldrud;EV6 S14D1 m7727;2023-01-01T00:00+01:00;2023-01-02T00:00+01:00;2023-01-01;4;11456;100,0;24;24;0;84;99,27;11138;234;52;75;96;11;11;0
68234V443152;Taraldrud;EV6 S14D1 m7727;2023-01-01T00:00+01:00;2023-01-02T00:00+01:00;2023-01-01;5;118;100,0;24;24;0;0;100,00;117;1;0;1;0;0;0;0
68234V443152;Taraldrud;EV6 S14D1 m7727;2023-01-01T00:00+01:00;2023-01-02T00:00+01:00;2023-01-01;Totalt i retning Oslo;14605;100,0;24;24;0;1;99,99;14043;561;133;105;90;233;221;12
68234V443152;Taraldrud;EV6 S14D1 m7727;2023-01-01T00:00+01:00;2023-01-02T00:00+01:00;2023-01-01;Totalt i retning Vinterbru;16591;100,0;24;24;0;84;99,49;16252;255;56;83;104;12;12;0
68234V443152;Taraldrud;EV6 S14D1 m7727;2023-01-01T00:00+01:00;2023-01-02T00:00+01:00;2023-01-01;Totalt;31196;100,0;24;24;0;85;99,73;30295;816;189;188;194;245;233;12
68234V443152;Taraldrud;EV6 S14D1 m7727;2023-01-02T00:00+01:00;2023-01-03T00:00+01:00;2023-01-02;1;8569;100,0;24;24;0;1;99,99;8245;323;201;51;22;49;48;1
68234V443152;Taraldrud;EV6 S14D1 m7727;2023-01-02T00:00+01:00;2023-01-03T00:00+01:00;2023-01-02;2;8413;100,0;24;24;0;2;99,98;8347;64;34;15;13;2;2;0
68234V443152;Taraldrud;EV6 S14D1 m7727;2023-01-02T00:00+01:00;2023-01-03T00:00+01:00;2023-01-02;3;14149;100,0;24;24;0;9;99,94;11484;2656;497;754;385;1020;952;68
68234V443152;Taraldrud;EV6 S14D1 m7727;2023-01-02T00:00+01:00;2023-01-03T00:00+01:00;2023-01-02;4;14947;100,0;24;24;0;371;97,52;13169;1407;506;515;272;114;114;0
68234V443152;Taraldrud;EV6 S14D1 m7727;2023-01-02T00:00+01:00;2023-01-03T00:00+01:00;2023-01-02;5;552;100,0;24;24;0;1;99,82;545;6;3;3;0;0;0;0
68234V443152;Taraldrud;EV6 S14D1 m7727;2023-01-02T00:00+01:00;2023-01-03T00:00+01:00;2023-01-02;Totalt i retning Oslo;23269;100,0;24;24;0;11;99,95;20273;2985;701;808;407;1069;1000;69
68234V443152;Taraldrud;EV6 S14D1 m7727;2023-01-02T00:00+01:00;2023-01-03T00:00+01:00;2023-01-02;Totalt i retning Vinterbru;23361;100,0;24;24;0;373;98,40;21517;1471;540;530;285;116;116;0
68234V443152;Taraldrud;EV6 S14D1 m7727;2023-01-02T00:00+01:00;2023-01-03T00:00+01:00;2023-01-02;Totalt;46630;100,0;24;24;0;384;99,18;41790;4456;1241;1338;692;1185;1116;69
68234V443152;Taraldrud;EV6 S14D1 m7727;2023-01-03T00:00+01:00;2023-01-04T00:00+01:00;2023-01-03;1;9665;100,0;24;24;0;1;99,99;9242;422;257;77;35;53;50;3
68234V443152;Taraldrud;EV6 S14D1 m7727;2023-01-03T00:00+01:00;2023-01-04T00:00+01:00;2023-01-03;2;9150;100,0;24;24;0;0;100,00;9064;86;34;28;22;2;2;0
68234V443152;Taraldrud;EV6 S14D1 m7727;2023-01-03T00:00+01:00;2023-01-04T00:00+01:00;2023-01-03;3;14932;100,0;24;24;0;9;99,94;11714;3209;603;843;548;1215;1142;73
68234V443152;Taraldrud;EV6 S14D1 m7727;2023-01-03T00:00+01:00;2023-01-04T00:00+01:00;2023-01-03;4;15314;100,0;24;24;0;483;96,85;13174;1657;514;612;375;156;151;5
68234V443152;Taraldrud;EV6 S14D1 m7727;2023-01-03T00:00+01:00;2023-01-04T00:00+01:00;2023-01-03;5;544;100,0;24;24;0;4;99,26;536;4;0;1;3;0;0;0
68234V443152;Taraldrud;EV6 S14D1 m7727;2023-01-03T00:00+01:00;2023-01-04T00:00+01:00;2023-01-03;Totalt i retning Oslo;25137;100,0;24;24;0;13;99,95;21492;3632;857;921;586;1268;1192;76
68234V443152;Taraldrud;EV6 S14D1 m7727;2023-01-03T00:00+01:00;2023-01-04T00:00+01:00;2023-01-03;Totalt i retning Vinterbru;24468;100,0;24;24;0;484;98,02;22238;1746;551;640;397;158;153;5
68234V443152;Taraldrud;EV6 S14D1 m7727;2023-01-03T00:00+01:00;2023-01-04T00:00+01:00;2023-01-03;Totalt;49605;100,0;24;24;0;497;99,00;43730;5378;1408;1561;983;1426;1345;81
68234V443152;Taraldrud;EV6 S14D1 m7727;2023-01-04T00:00+01:00;2023-01-05T00:00+01:00;2023-01-04;1;5029;100,0;24;24;0;0;100,00;4640;389;177;79;28;105;101;4
68234V443152;Taraldrud;EV6 S14D1 m7727;2023-01-04T00:00+01:00;2023-01-05T00:00+01:00;2023-01-04;2;4082;100,0;24;24;0;3;99,93;4001;78;32;32;10;4;4;0
68234V443152;Taraldrud;EV6 S14D1 m7727;2023-01-04T00:00+01:00;2023-01-05T00:00+01:00;2023-01-04;3;11112;100,0;24;24;0;8;99,93;8873;2231;390;539;470;832;774;58
68234V443152;Taraldrud;EV6 S14D1 m7727;2023-01-04T00:00+01:00;2023-01-05T00:00+01:00;2023-01-04;4;8910;100,0;24;24;0;268;96,99;7683;959;351;341;182;85;84;1
68234V443152;Taraldrud;EV6 S14D1 m7727;2023-01-04T00:00+01:00;2023-01-05T00:00+01:00;2023-01-04;5;2377;100,0;24;24;0;2;99,92;2337;38;7;17;12;2;2;0
68234V443152;Taraldrud;EV6 S14D1 m7727;2023-01-04T00:00+01:00;2023-01-05T00:00+01:00;2023-01-04;Totalt i retning Oslo;18515;100,0;24;24;0;9;99,95;15851;2655;571;635;510;939;877;62
68234V443152;Taraldrud;EV6 S14D1 m7727;2023-01-04T00:00+01:00;2023-01-05T00:00+01:00;2023-01-04;Totalt i retning Vinterbru;12995;100,0;24;24;0;272;97,91;11683;1040;386;373;192;89;88;1
68234V443152;Taraldrud;EV6 S14D1 m7727;2023-01-04T00:00+01:00;2023-01-05T00:00+01:00;2023-01-04;Totalt;31510;100,0;24;24;0;281;99,11;27534;3695;957;1008;702;1028;965;63
68234V443152;Taraldrud;EV6 S14D1 m7727;2023-01-05T00:00+01:00;2023-01-06T00:00+01:00;2023-01-05;1;7571;100,0;24;24;0;1;99,99;7113;457;222;106;54;75;71;4
68234V443152;Taraldrud;EV6 S14D1 m7727;2023-01-05T00:00+01:00;2023-01-06T00:00+01:00;2023-01-05;2;7750;100,0;24;24;0;2;99,97;7643;105;47;30;24;4;4;0
68234V443152;Taraldrud;EV6 S14D1 m7727;2023-01-05T00:00+01:00;2023-01-06T00:00+01:00;2023-01-05;3;12871;100,0;24;24;0;14;99,89;10027;2830;493;706;563;1068;985;83
68234V443152;Taraldrud;EV6 S14D1 m7727;2023-01-05T00:00+01:00;2023-01-06T00:00+01:00;2023-01-05;4;13229;100,0;24;24;0;440;96,67;11261;1528;494;559;336;139;137;2
68234V443152;Taraldrud;EV6 S14D1 m7727;2023-01-05T00:00+01:00;2023-01-06T00:00+01:00;2023-01-05;5;1190;100,0;24;24;0;6;99,50;1167;17;2;11;3;1;1;0
68234V443152;Taraldrud;EV6 S14D1 m7727;2023-01-05T00:00+01:00;2023-01-06T00:00+01:00;2023-01-05;Totalt i retning Oslo;21629;100,0;24;24;0;20;99,91;18305;3304;717;823;620;1144;1057;87
68234V443152;Taraldrud;EV6 S14D1 m7727;2023-01-05T00:00+01:00;2023-01-06T00:00+01:00;2023-01-05;Totalt i retning Vinterbru;20982;100,0;24;24;0;443;97,89;18906;1633;541;589;360;143;141;2
68234V443152;Taraldrud;EV6 S14D1 m7727;2023-01-05T00:00+01:00;2023-01-06T00:00+01:00;2023-01-05;Totalt;42611;100,0;24;24;0;463;98,91;37211;4937;1258;1412;980;1287;1198;89
68234V443152;Taraldrud;EV6 S14D1 m7727;2023-01-06T00:00+01:00;2023-01-07T00:00+01:00;2023-01-06;1;6204;100,0;24;24;0;0;100,00;5725;479;211;115;55;98;95;3
68234V443152;Taraldrud;EV6 S14D1 m7727;2023-01-06T00:00+01:00;2023-01-07T00:00+01:00;2023-01-06;2;6200;100,0;24;24;0;5;99,92;6097;98;48;32;14;4;4;0
68234V443152;Taraldrud;EV6 S14D1 m7727;2023-01-06T00:00+01:00;2023-01-07T00:00+01:00;2023-01-06;3;10849;100,0;24;24;0;20;99,82;8793;2036;423;551;425;637;587;50
68234V443152;Taraldrud;EV6 S14D1 m7727;2023-01-06T00:00+01:00;2023-01-07T00:00+01:00;2023-01-06;4;10851;100,0;24;24;0;333;96,93;9416;1102;411;356;240;95;93;2
68234V443152;Taraldrud;EV6 S14D1 m7727;2023-01-06T00:00+01:00;2023-01-07T00:00+01:00;2023-01-06;5;2186;100,0;24;24;0;7;99,68;2142;37;7;14;16;0;0;0
68234V443152;Taraldrud;EV6 S14D1 m7727;2023-01-06T00:00+01:00;2023-01-07T00:00+01:00;2023-01-06;Totalt i retning Oslo;19235;100,0;24;24;0;28;99,85;16654;2553;642;679;497;735;682;53
68234V443152;Taraldrud;EV6 S14D1 m7727;2023-01-06T00:00+01:00;2023-01-07T00:00+01:00;2023-01-06;Totalt i retning Vinterbru;17055;100,0;24;24;0;337;98,02;15519;1199;458;389;253;99;97;2
68234V443152;Taraldrud;EV6 S14D1 m7727;2023-01-06T00:00+01:00;2023-01-07T00:00+01:00;2023-01-06;Totalt;36290;100,0;24;24;0;365;98,99;32173;3752;1100;1068;750;834;779;55
68234V443152;Taraldrud;EV6 S14D1 m7727;2023-01-07T00:00+01:00;2023-01-08T00:00+01:00;2023-01-07;1;3892;100,0;24;24;0;0;100,00;3818;74;43;7;13;11;11;0
68234V443152;Taraldrud;EV6 S14D1 m7727;2023-01-07T00:00+01:00;2023-01-08T00:00+01:00;2023-01-07;2;4037;100,0;24;24;0;4;99,90;3999;34;11;11;10;2;2;0
68234V443152;Taraldrud;EV6 S14D1 m7727;2023-01-07T00:00+01:00;2023-01-08T00:00+01:00;2023-01-07;3;10587;100,0;24;24;0;3;99,97;9908;676;212;162;114;188;186;2
68234V443152;Taraldrud;EV6 S14D1 m7727;2023-01-07T00:00+01:00;2023-01-08T00:00+01:00;2023-01-07;4;10600;100,0;24;24;0;92;99,13;10077;431;128;144;144;15;15;0
68234V443152;Taraldrud;EV6 S14D1 m7727;2023-01-07T00:00+01:00;2023-01-08T00:00+01:00;2023-01-07;5;117;100,0;24;24;0;0;100,00;117;0;0;0;0;0;0;0
68234V443152;Taraldrud;EV6 S14D1 m7727;2023-01-07T00:00+01:00;2023-01-08T00:00+01:00;2023-01-07;Totalt i retning Oslo;14596;100,0;24;24;0;3;99,98;13843;750;255;169;127;199;197;2
68234V443152;Taraldrud;EV6 S14D1 m7727;2023-01-07T00:00+01:00;2023-01-08T00:00+01:00;2023-01-07;Totalt i retning Vinterbru;14637;100,0;24;24;0;96;99,34;14076;465;139;155;154;17;17;0
68234V443152;Taraldrud;EV6 S14D1 m7727;2023-01-07T00:00+01:00;2023-01-08T00:00+01:00;2023-01-07;Totalt;29233;100,0;24;24;0;99;99,66;27919;1215;394;324;281;216;214;2
68234V443152;Taraldrud;EV6 S14D1 m7727;2023-01-08T00:00+01:00;2023-01-09T00:00+01:00;2023-01-08;1;4581;100,0;24;24;0;0;100,00;4500;81;44;12;13;12;10;2
68234V443152;Taraldrud;EV6 S14D1 m7727;2023-01-08T00:00+01:00;2023-01-09T00:00+01:00;2023-01-08;2;4779;100,0;24;24;0;2;99,96;4744;33;7;12;14;0;0;0
68234V443152;Taraldrud;EV6 S14D1 m7727;2023-01-08T00:00+01:00;2023-01-09T00:00+01:00;2023-01-08;3;10922;100,0;24;24;0;2;99,98;10095;825;178;159;154;334;310;24
68234V443152;Taraldrud;EV6 S14D1 m7727;2023-01-08T00:00+01:00;2023-01-09T00:00+01:00;2023-01-08;4;11072;100,0;24;24;0;107;99,03;10602;363;81;126;131;25;25;0
68234V443152;Taraldrud;EV6 S14D1 m7727;2023-01-08T00:00+01:00;2023-01-09T00:00+01:00;2023-01-08;5;70;100,0;24;24;0;3;95,71;67;0;0;0;0;0;0;0
68234V443152;Taraldrud;EV6 S14D1 m7727;2023-01-08T00:00+01:00;2023-01-09T00:00+01:00;2023-01-08;Totalt i retning Oslo;15574;100,0;24;24;0;5;99,97;14662;907;222;171;168;346;320;26
68234V443152;Taraldrud;EV6 S14D1 m7727;2023-01-08T00:00+01:00;2023-01-09T00:00+01:00;2023-01-08;Totalt i retning Vinterbru;15850;100,0;24;24;0;109;99,31;15346;395;88;138;144;25;25;0
68234V443152;Taraldrud;EV6 S14D1 m7727;2023-01-08T00:00+01:00;2023-01-09T00:00+01:00;2023-01-08;Totalt;31424;100,0;24;24;0;114;99,64;30008;1302;310;309;312;371;345;26
68234V443152;Taraldrud;EV6 S14D1 m7727;2023-01-09T00:00+01:00;2023-01-10T00:00+01:00;2023-01-09;1;10194;100,0;24;24;0;0;100,00;9719;475;288;66;49;72;70;2
68234V443152;Taraldrud;EV6 S14D1 m7727;2023-01-09T00:00+01:00;2023-01-10T00:00+01:00;2023-01-09;2;9614;100,0;24;24;0;2;99,98;9512;100;54;23;21;2;2;0
68234V443152;Taraldrud;EV6 S14D1 m7727;2023-01-09T00:00+01:00;2023-01-10T00:00+01:00;2023-01-09;3;14168;100,0;24;24;0;22;99,84;10687;3459;625;929;608;1297;1218;79
68234V443152;Taraldrud;EV6 S14D1 m7727;2023-01-09T00:00+01:00;2023-01-10T00:00+01:00;2023-01-09;4;14790;100,0;24;24;0;502;96,61;12528;1760;585;627;385;163;161;2
68234V443152;Taraldrud;EV6 S14D1 m7727;2023-01-09T00:00+01:00;2023-01-10T00:00+01:00;2023-01-09;5;163;50,0;24;24;0;119;26,99;43;1;1;0;0;0;0;0
68234V443152;Taraldrud;EV6 S14D1 m7727;2023-01-09T00:00+01:00;2023-01-10T00:00+01:00;2023-01-09;Totalt i retning Oslo;24524;83,3;24;24;0;141;99,43;20449;3934;914;994;657;1369;1288;81
68234V443152;Taraldrud;EV6 S14D1 m7727;2023-01-09T00:00+01:00;2023-01-10T00:00+01:00;2023-01-09;Totalt i retning Vinterbru;24405;100,0;24;24;0;504;97,93;22040;1861;639;651;406;165;163;2
68234V443152;Taraldrud;EV6 S14D1 m7727;2023-01-09T00:00+01:00;2023-01-10T00:00+01:00;2023-01-09;Totalt;48929;90,0;24;24;0;645;98,68;42489;5795;1553;1645;1063;1534;1451;83
68234V443152;Taraldrud;EV6 S14D1 m7727;2023-01-10T00:00+01:00;2023-01-11T00:00+01:00;2023-01-10;1;10892;100,0;24;24;0;0;100,00;10357;535;309;89;53;84;75;9
68234V443152;Taraldrud;EV6 S14D1 m7727;2023-01-10T00:00+01:00;2023-01-11T00:00+01:00;2023-01-10;2;9672;100,0;24;24;0;8;99,92;9573;91;39;24;24;4;4;0
68234V443152;Taraldrud;EV6 S14D1 m7727;2023-01-10T00:00+01:00;2023-01-11T00:00+01:00;2023-01-10;3;14526;100,0;24;24;0;16;99,89;10783;3727;637;967;674;1449;1354;95
68234V443152;Taraldrud;EV6 S14D1 m7727;2023-01-10T00:00+01:00;2023-01-11T00:00+01:00;2023-01-10;4;15032;100,0;24;24;0;500;96,67;12674;1858;573;683;447;155;152;3
68234V443152;Taraldrud;EV6 S14D1 m7727;2023-01-10T00:00+01:00;2023-01-11T00:00+01:00;2023-01-10;5;-;0,0;24;24;0;-;-;-;-;-;-;-;-;-;-
68234V443152;Taraldrud;EV6 S14D1 m7727;2023-01-10T00:00+01:00;2023-01-11T00:00+01:00;2023-01-10;Totalt i retning Oslo;25697;66,7;24;24;0;201;99,22;21233;4263;947;1056;727;1533;1429;104
68234V443152;Taraldrud;EV6 S14D1 m7727;2023-01-10T00:00+01:00;2023-01-11T00:00+01:00;2023-01-10;Totalt i retning Vinterbru;24705;100,0;24;24;0;510;97,94;22246;1949;612;707;471;159;156;3
68234V443152;Taraldrud;EV6 S14D1 m7727;2023-01-10T00:00+01:00;2023-01-11T00:00+01:00;2023-01-10;Totalt;50402;80,0;24;24;0;711;98,59;43479;6212;1559;1763;1198;1692;1585;107
68234V443152;Taraldrud;EV6 S14D1 m7727;2023-01-11T00:00+01:00;2023-01-12T00:00+01:00;2023-01-11;1;10899;100,0;24;24;0;0;100,00;10391;508;312;87;38;71;68;3
68234V443152;Taraldrud;EV6 S14D1 m7727;2023-01-11T00:00+01:00;2023-01-12T00:00+01:00;2023-01-11;2;10532;100,0;24;24;0;7;99,93;10406;119;58;30;28;3;3;0
68234V443152;Taraldrud;EV6 S14D1 m7727;2023-01-11T00:00+01:00;2023-01-12T00:00+01:00;2023-01-11;3;14747;100,0;24;24;0;22;99,85;10943;3782;663;985;636;1498;1394;104
68234V443152;Taraldrud;EV6 S14D1 m7727;2023-01-11T00:00+01:00;2023-01-12T00:00+01:00;2023-01-11;4;15601;100,0;24;24;0;540;96,54;13175;1886;615;684;443;144;140;4
68234V443152;Taraldrud;EV6 S14D1 m7727;2023-01-11T00:00+01:00;2023-01-12T00:00+01:00;2023-01-11;5;-;0,0;24;24;0;-;-;-;-;-;-;-;-;-;-
68234V443152;Taraldrud;EV6 S14D1 m7727;2023-01-11T00:00+01:00;2023-01-12T00:00+01:00;2023-01-11;Totalt i retning Oslo;25877;66,7;24;24;0;167;99,35;21419;4291;974;1074;674;1569;1462;107
68234V443152;Taraldrud;EV6 S14D1 m7727;2023-01-11T00:00+01:00;2023-01-12T00:00+01:00;2023-01-11;Totalt i retning Vinterbru;26137;100,0;24;24;0;550;97,90;23582;2005;674;712;471;148;144;4
68234V443152;Taraldrud;EV6 S14D1 m7727;2023-01-11T00:00+01:00;2023-01-12T00:00+01:00;2023-01-11;Totalt;52014;80,0;24;24;0;717;98,62;45001;6296;1648;1786;1145;1717;1606;111
68234V443152;Taraldrud;EV6 S14D1 m7727;2023-01-12T00:00+01:00;2023-01-13T00:00+01:00;2023-01-12;1;11920;100,0;24;24;0;0;100,00;11334;586;316;106;63;101;96;5
68234V443152;Taraldrud;EV6 S14D1 m7727;2023-01-12T00:00+01:00;2023-01-13T00:00+01:00;2023-01-12;2;11240;100,0;24;24;0;8;99,93;11099;133;53;44;31;5;5;0
68234V443152;Taraldrud;EV6 S14D1 m7727;2023-01-12T00:00+01:00;2023-01-13T00:00+01:00;2023-01-12;3;15024;100,0;24;24;0;18;99,88;11186;3820;653;997;698;1472;1367;105
68234V443152;Taraldrud;EV6 S14D1 m7727;2023-01-12T00:00+01:00;2023-01-13T00:00+01:00;2023-01-12;4;15777;100,0;24;24;0;548;96,53;13160;2069;642;734;504;189;187;2
68234V443152;Taraldrud;EV6 S14D1 m7727;2023-01-12T00:00+01:00;2023-01-13T00:00+01:00;2023-01-12;5;-;0,0;24;24;0;-;-;-;-;-;-;-;-;-;-
68234V443152;Taraldrud;EV6 S14D1 m7727;2023-01-12T00:00+01:00;2023-01-13T00:00+01:00;2023-01-12;Totalt i retning Oslo;27169;66,7;24;24;0;176;99,35;22589;4404;967;1103;761;1573;1463;110
68234V443152;Taraldrud;EV6 S14D1 m7727;2023-01-12T00:00+01:00;2023-01-13T00:00+01:00;2023-01-12;Totalt i retning Vinterbru;27021;100,0;24;24;0;558;97,93;24259;2204;697;778;535;194;192;2
68234V443152;Taraldrud;EV6 S14D1 m7727;2023-01-12T00:00+01:00;2023-01-13T00:00+01:00;2023-01-12;Totalt;54190;80,0;24;24;0;734;98,65;46848;6608;1664;1881;1296;1767;1655;112
68234V443152;Taraldrud;EV6 S14D1 m7727;2023-01-13T00:00+01:00;2023-01-14T00:00+01:00;2023-01-13;1;11590;100,0;24;24;0;1;99,99;11027;562;330;95;42;95;89;6
68234V443152;Taraldrud;EV6 S14D1 m7727;2023-01-13T00:00+01:00;2023-01-14T00:00+01:00;2023-01-13;2;10273;100,0;24;24;0;8;99,92;10152;113;57;34;21;1;1;0
68234V443152;Taraldrud;EV6 S14D1 m7727;2023-01-13T00:00+01:00;2023-01-14T00:00+01:00;2023-01-13;3;15070;100,0;24;24;0;19;99,87;11727;3324;654;916;522;1232;1149;83
68234V443152;Taraldrud;EV6 S14D1 m7727;2023-01-13T00:00+01:00;2023-01-14T00:00+01:00;2023-01-13;4;15479;100,0;24;24;0;493;96,82;13160;1826;598;670;407;151;149;2
68234V443152;Taraldrud;EV6 S14D1 m7727;2023-01-13T00:00+01:00;2023-01-14T00:00+01:00;2023-01-13;5;-;0,0;24;24;0;-;-;-;-;-;-;-;-;-;-
68234V443152;Taraldrud;EV6 S14D1 m7727;2023-01-13T00:00+01:00;2023-01-14T00:00+01:00;2023-01-13;Totalt i retning Oslo;26760;66,7;24;24;0;85;99,68;22791;3884;983;1011;563;1327;1238;89
68234V443152;Taraldrud;EV6 S14D1 m7727;2023-01-13T00:00+01:00;2023-01-14T00:00+01:00;2023-01-13;Totalt i retning Vinterbru;25753;100,0;24;24;0;501;98,05;23311;1941;656;704;429;152;150;2
68234V443152;Taraldrud;EV6 S14D1 m7727;2023-01-13T00:00+01:00;2023-01-14T00:00+01:00;2023-01-13;Totalt;52513;80,0;24;24;0;586;98,88;46102;5825;1639;1715;992;1479;1388;91
68234V443152;Taraldrud;EV6 S14D1 m7727;2023-01-14T00:00+01:00;2023-01-15T00:00+01:00;2023-01-14;1;6812;100,0;24;24;0;0;100,00;6704;108;68;24;13;3;3;0
68234V443152;Taraldrud;EV6 S14D1 m7727;2023-01-14T00:00+01:00;2023-01-15T00:00+01:00;2023-01-14;2;6437;100,0;24;24;0;2;99,97;6402;33;11;15;7;0;0;0
68234V443152;Taraldrud;EV6 S14D1 m7727;2023-01-14T00:00+01:00;2023-01-15T00:00+01:00;2023-01-14;3;13531;100,0;24;24;0;3;99,98;12671;857;260;240;117;240;230;10
68234V443152;Taraldrud;EV6 S14D1 m7727;2023-01-14T00:00+01:00;2023-01-15T00:00+01:00;2023-01-14;4;13467;100,0;24;24;0;142;98,95;12791;534;155;166;182;31;31;0
68234V443152;Taraldrud;EV6 S14D1 m7727;2023-01-14T00:00+01:00;2023-01-15T00:00+01:00;2023-01-14;5;-;0,0;24;24;0;-;-;-;-;-;-;-;-;-;-
68234V443152;Taraldrud;EV6 S14D1 m7727;2023-01-14T00:00+01:00;2023-01-15T00:00+01:00;2023-01-14;Totalt i retning Oslo;20380;66,7;24;24;0;28;99,86;19387;965;328;264;130;243;233;10
68234V443152;Taraldrud;EV6 S14D1 m7727;2023-01-14T00:00+01:00;2023-01-15T00:00+01:00;2023-01-14;Totalt i retning Vinterbru;19903;100,0;24;24;0;144;99,28;19192;567;166;181;189;31;31;0
68234V443152;Taraldrud;EV6 S14D1 m7727;2023-01-14T00:00+01:00;2023-01-15T00:00+01:00;2023-01-14;Totalt;40283;80,0;24;24;0;172;99,57;38579;1532;494;445;319;274;264;10
68234V443152;Taraldrud;EV6 S14D1 m7727;2023-01-15T00:00+01:00;2023-01-16T00:00+01:00;2023-01-15;1;5658;100,0;24;24;0;0;100,00;5546;112;53;23;14;22;21;1
68234V443152;Taraldrud;EV6 S14D1 m7727;2023-01-15T00:00+01:00;2023-01-16T00:00+01:00;2023-01-15;2;6204;100,0;24;24;0;2;99,97;6173;29;7;11;11;0;0;0
68234V443152;Taraldrud;EV6 S14D1 m7727;2023-01-15T00:00+01:00;2023-01-16T00:00+01:00;2023-01-15;3;12535;100,0;24;24;0;6;99,95;11642;887;170;167;162;388;359;29
68234V443152;Taraldrud;EV6 S14D1 m7727;2023-01-15T00:00+01:00;2023-01-16T00:00+01:00;2023-01-15;4;12914;100,0;24;24;0;128;99,01;12373;413;104;148;132;29;29;0
68234V443152;Taraldrud;EV6 S14D1 m7727;2023-01-15T00:00+01:00;2023-01-16T00:00+01:00;2023-01-15;5;-;0,0;24;24;0;-;-;-;-;-;-;-;-;-;-
68234V443152;Taraldrud;EV6 S14D1 m7727;2023-01-15T00:00+01:00;2023-01-16T00:00+01:00;2023-01-15;Totalt i retning Oslo;18299;66,7;24;24;0;76;99,58;17221;1002;223;192;176;411;381;30
68234V443152;Taraldrud;EV6 S14D1 m7727;2023-01-15T00:00+01:00;2023-01-16T00:00+01:00;2023-01-15;Totalt i retning Vinterbru;19128;100,0;24;24;0;135;99,29;18549;444;112;159;143;30;29;1
68234V443152;Taraldrud;EV6 S14D1 m7727;2023-01-15T00:00+01:00;2023-01-16T00:00+01:00;2023-01-15;Totalt;37427;80,0;24;24;0;211;99,44;35770;1446;335;351;319;441;410;31
68234V443152;Taraldrud;EV6 S14D1 m7727;2023-01-16T00:00+01:00;2023-01-17T00:00+01:00;2023-01-16;1;10081;100,0;24;24;0;1;99,99;9604;476;268;83;43;82;80;2
68234V443152;Taraldrud;EV6 S14D1 m7727;2023-01-16T00:00+01:00;2023-01-17T00:00+01:00;2023-01-16;2;9603;100,0;24;24;0;2;99,98;9492;109;54;32;17;6;5;1
68234V443152;Taraldrud;EV6 S14D1 m7727;2023-01-16T00:00+01:00;2023-01-17T00:00+01:00;2023-01-16;3;14375;100,0;24;24;0;28;99,81;10738;3609;684;911;690;1324;1245;79
68234V443152;Taraldrud;EV6 S14D1 m7727;2023-01-16T00:00+01:00;2023-01-17T00:00+01:00;2023-01-16;4;15424;100,0;24;24;0;526;96,59;13128;1770;565;671;387;147;145;2
68234V443152;Taraldrud;EV6 S14D1 m7727;2023-01-16T00:00+01:00;2023-01-17T00:00+01:00;2023-01-16;5;-;0,0;24;24;0;-;-;-;-;-;-;-;-;-;-
68234V443152;Taraldrud;EV6 S14D1 m7727;2023-01-16T00:00+01:00;2023-01-17T00:00+01:00;2023-01-16;Totalt i retning Oslo;24687;66,7;24;24;0;176;99,29;20427;4084;950;995;733;1406;1325;81
68234V443152;Taraldrud;EV6 S14D1 m7727;2023-01-16T00:00+01:00;2023-01-17T00:00+01:00;2023-01-16;Totalt i retning Vinterbru;25036;100,0;24;24;0;531;97,88;22622;1883;623;703;404;153;150;3
68234V443152;Taraldrud;EV6 S14D1 m7727;2023-01-16T00:00+01:00;2023-01-17T00:00+01:00;2023-01-16;Totalt;49723;80,0;24;24;0;707;98,58;43049;5967;1573;1698;1137;1559;1475;84
68234V443152;Taraldrud;EV6 S14D1 m7727;2023-01-17T00:00+01:00;2023-01-18T00:00+01:00;2023-01-17;1;10186;100,0;24;24;0;60;99,41;9593;533;286;97;62;88;86;2
68234V443152;Taraldrud;EV6 S14D1 m7727;2023-01-17T00:00+01:00;2023-01-18T00:00+01:00;2023-01-17;2;9813;100,0;24;24;0;3;99,97;9699;111;49;40;19;3;3;0
68234V443152;Taraldrud;EV6 S14D1 m7727;2023-01-17T00:00+01:00;2023-01-18T00:00+01:00;2023-01-17;3;14115;100,0;24;24;0;57;99,60;10408;3650;602;912;683;1453;1349;104
68234V443152;Taraldrud;EV6 S14D1 m7727;2023-01-17T00:00+01:00;2023-01-18T00:00+01:00;2023-01-17;4;15379;100,0;24;24;0;511;96,68;12934;1934;612;688;463;171;166;5
68234V443152;Taraldrud;EV6 S14D1 m7727;2023-01-17T00:00+01:00;2023-01-18T00:00+01:00;2023-01-17;5;-;0,0;24;24;0;-;-;-;-;-;-;-;-;-;-
68234V443152;Taraldrud;EV6 S14D1 m7727;2023-01-17T00:00+01:00;2023-01-18T00:00+01:00;2023-01-17;Totalt i retning Oslo;24503;66,7;24;24;0;243;99,01;20073;4187;891;1010;745;1541;1435;106
68234V443152;Taraldrud;EV6 S14D1 m7727;2023-01-17T00:00+01:00;2023-01-18T00:00+01:00;2023-01-17;Totalt i retning Vinterbru;25202;100,0;24;24;0;521;97,93;22635;2046;661;729;482;174;169;5
68234V443152;Taraldrud;EV6 S14D1 m7727;2023-01-17T00:00+01:00;2023-01-18T00:00+01:00;2023-01-17;Totalt;49705;80,0;24;24;0;764;98,46;42708;6233;1552;1739;1227;1715;1604;111
68234V443152;Taraldrud;EV6 S14D1 m7727;2023-01-18T00:00+01:00;2023-01-19T00:00+01:00;2023-01-18;1;10601;100,0;24;24;0;7;99,93;10046;548;318;99;47;84;80;4
68234V443152;Taraldrud;EV6 S14D1 m7727;2023-01-18T00:00+01:00;2023-01-19T00:00+01:00;2023-01-18;2;10278;100,0;24;24;0;6;99,94;10155;117;57;37;22;1;1;0
68234V443152;Taraldrud;EV6 S14D1 m7727;2023-01-18T00:00+01:00;2023-01-19T00:00+01:00;2023-01-18;3;14901;100,0;24;24;0;25;99,83;11234;3642;643;862;695;1442;1347;95
68234V443152;Taraldrud;EV6 S14D1 m7727;2023-01-18T00:00+01:00;2023-01-19T00:00+01:00;2023-01-18;4;15940;100,0;24;24;0;569;96,43;13420;1951;592;731;477;151;149;2
68234V443152;Taraldrud;EV6 S14D1 m7727;2023-01-18T00:00+01:00;2023-01-19T00:00+01:00;2023-01-18;5;-;0,0;24;24;0;-;-;-;-;-;-;-;-;-;-
68234V443152;Taraldrud;EV6 S14D1 m7727;2023-01-18T00:00+01:00;2023-01-19T00:00+01:00;2023-01-18;Totalt i retning Oslo;25666;66,7;24;24;0;140;99,45;21334;4192;961;962;743;1526;1427;99
68234V443152;Taraldrud;EV6 S14D1 m7727;2023-01-18T00:00+01:00;2023-01-19T00:00+01:00;2023-01-18;Totalt i retning Vinterbru;26224;100,0;24;24;0;579;97,79;23576;2069;650;768;499;152;150;2
68234V443152;Taraldrud;EV6 S14D1 m7727;2023-01-18T00:00+01:00;2023-01-19T00:00+01:00;2023-01-18;Totalt;51890;80,0;24;24;0;719;98,61;44910;6261;1611;1730;1242;1678;1577;101
68234V443152;Taraldrud;EV6 S14D1 m7727;2023-01-19T00:00+01:00;2023-01-20T00:00+01:00;2023-01-19;1;11294;100,0;24;24;0;1;99,99;10762;531;273;114;59;85;80;5
68234V443152;Taraldrud;EV6 S14D1 m7727;2023-01-19T00:00+01:00;2023-01-20T00:00+01:00;2023-01-19;2;10469;100,0;24;24;0;3;99,97;10322;144;65;34;38;7;7;0
68234V443152;Taraldrud;EV6 S14D1 m7727;2023-01-19T00:00+01:00;2023-01-20T00:00+01:00;2023-01-19;3;15240;100,0;24;24;0;20;99,87;11686;3534;626;889;742;1277;1188;89
68234V443152;Taraldrud;EV6 S14D1 m7727;2023-01-19T00:00+01:00;2023-01-20T00:00+01:00;2023-01-19;4;15990;100,0;24;24;0;532;96,67;13605;1853;581;661;435;176;173;3
68234V443152;Taraldrud;EV6 S14D1 m7727;2023-01-19T00:00+01:00;2023-01-20T00:00+01:00;2023-01-19;5;-;0,0;24;24;0;-;-;-;-;-;-;-;-;-;-
68234V443152;Taraldrud;EV6 S14D1 m7727;2023-01-19T00:00+01:00;2023-01-20T00:00+01:00;2023-01-19;Totalt i retning Oslo;26677;66,7;24;24;0;90;99,66;22520;4067;899;1003;801;1364;1269;95
68234V443152;Taraldrud;EV6 S14D1 m7727;2023-01-19T00:00+01:00;2023-01-20T00:00+01:00;2023-01-19;Totalt i retning Vinterbru;26473;100,0;24;24;0;545;97,94;23931;1997;646;696;473;182;179;3
68234V443152;Taraldrud;EV6 S14D1 m7727;2023-01-19T00:00+01:00;2023-01-20T00:00+01:00;2023-01-19;Totalt;53150;80,0;24;24;0;635;98,81;46451;6064;1545;1699;1274;1546;1448;98
68234V443152;Taraldrud;EV6 S14D1 m7727;2023-01-20T00:00+01:00;2023-01-21T00:00+01:00;2023-01-20;1;11417;100,0;24;24;0;0;100,00;10969;448;295;71;35;47;46;1
68234V443152;Taraldrud;EV6 S14D1 m7727;2023-01-20T00:00+01:00;2023-01-21T00:00+01:00;2023-01-20;2;10209;100,0;24;24;0;8;99,92;10105;96;49;23;22;2;1;1
68234V443152;Taraldrud;EV6 S14D1 m7727;2023-01-20T00:00+01:00;2023-01-21T00:00+01:00;2023-01-20;3;15353;100,0;24;24;0;24;99,84;12188;3141;598;863;607;1073;1005;68
68234V443152;Taraldrud;EV6 S14D1 m7727;2023-01-20T00:00+01:00;2023-01-21T00:00+01:00;2023-01-20;4;15597;100,0;24;24;0;514;96,70;13331;1752;570;634;398;150;146;4
68234V443152;Taraldrud;EV6 S14D1 m7727;2023-01-20T00:00+01:00;2023-01-21T00:00+01:00;2023-01-20;5;-;0,0;24;24;0;-;-;-;-;-;-;-;-;-;-
68234V443152;Taraldrud;EV6 S14D1 m7727;2023-01-20T00:00+01:00;2023-01-21T00:00+01:00;2023-01-20;Totalt i retning Oslo;26846;66,7;24;24;0;54;99,80;23203;3589;893;934;642;1120;1051;69
68234V443152;Taraldrud;EV6 S14D1 m7727;2023-01-20T00:00+01:00;2023-01-21T00:00+01:00;2023-01-20;Totalt i retning Vinterbru;25818;100,0;24;24;0;532;97,94;23437;1849;619;657;420;153;148;5
68234V443152;Taraldrud;EV6 S14D1 m7727;2023-01-20T00:00+01:00;2023-01-21T00:00+01:00;2023-01-20;Totalt;52664;80,0;24;24;0;586;98,89;46640;5438;1512;1591;1062;1273;1199;74
68234V443152;Taraldrud;EV6 S14D1 m7727;2023-01-21T00:00+01:00;2023-01-22T00:00+01:00;2023-01-21;1;6254;100,0;24;24;0;1;99,98;6168;85;53;18;10;4;3;1
68234V443152;Taraldrud;EV6 S14D1 m7727;2023-01-21T00:00+01:00;2023-01-22T00:00+01:00;2023-01-21;2;6179;100,0;24;24;0;1;99,98;6148;30;16;7;7;0;0;0
68234V443152;Taraldrud;EV6 S14D1 m7727;2023-01-21T00:00+01:00;2023-01-22T00:00+01:00;2023-01-21;3;13295;100,0;24;24;0;3;99,98;12509;783;234;199;138;212;199;13
68234V443152;Taraldrud;EV6 S14D1 m7727;2023-01-21T00:00+01:00;2023-01-22T00:00+01:00;2023-01-21;4;13123;100,0;24;24;0;127;99,03;12506;490;133;157;179;21;21;0
68234V443152;Taraldrud;EV6 S14D1 m7727;2023-01-21T00:00+01:00;2023-01-22T00:00+01:00;2023-01-21;5;-;0,0;24;24;0;-;-;-;-;-;-;-;-;-;-
68234V443152;Taraldrud;EV6 S14D1 m7727;2023-01-21T00:00+01:00;2023-01-22T00:00+01:00;2023-01-21;Totalt i retning Oslo;19585;66,7;24;24;0;27;99,86;18691;867;286;217;148;216;202;14
68234V443152;Taraldrud;EV6 S14D1 m7727;2023-01-21T00:00+01:00;2023-01-22T00:00+01:00;2023-01-21;Totalt i retning Vinterbru;19302;100,0;24;24;0;127;99,34;18654;521;150;164;186;21;21;0
68234V443152;Taraldrud;EV6 S14D1 m7727;2023-01-21T00:00+01:00;2023-01-22T00:00+01:00;2023-01-21;Totalt;38887;80,0;24;24;0;154;99,60;37345;1388;436;381;334;237;223;14
68234V443152;Taraldrud;EV6 S14D1 m7727;2023-01-22T00:00+01:00;2023-01-23T00:00+01:00;2023-01-22;1;6113;100,0;24;24;0;0;100,00;6051;62;39;13;8;2;2;0
68234V443152;Taraldrud;EV6 S14D1 m7727;2023-01-22T00:00+01:00;2023-01-23T00:00+01:00;2023-01-22;2;6742;100,0;24;24;0;1;99,99;6702;39;11;15;12;1;1;0
68234V443152;Taraldrud;EV6 S14D1 m7727;2023-01-22T00:00+01:00;2023-01-23T00:00+01:00;2023-01-22;3;12876;100,0;24;24;0;6;99,95;11975;895;161;151;252;331;308;23
68234V443152;Taraldrud;EV6 S14D1 m7727;2023-01-22T00:00+01:00;2023-01-23T00:00+01:00;2023-01-22;4;13425;100,0;24;24;0;118;99,12;12893;414;104;140;148;22;22;0
68234V443152;Taraldrud;EV6 S14D1 m7727;2023-01-22T00:00+01:00;2023-01-23T00:00+01:00;2023-01-22;5;-;0,0;24;24;0;-;-;-;-;-;-;-;-;-;-
68234V443152;Taraldrud;EV6 S14D1 m7727;2023-01-22T00:00+01:00;2023-01-23T00:00+01:00;2023-01-22;Totalt i retning Oslo;19102;66,7;24;24;0;90;99,53;18055;957;199;164;260;334;311;23
68234V443152;Taraldrud;EV6 S14D1 m7727;2023-01-22T00:00+01:00;2023-01-23T00:00+01:00;2023-01-22;Totalt i retning Vinterbru;20172;100,0;24;24;0;123;99,39;19595;454;116;155;160;23;23;0
68234V443152;Taraldrud;EV6 S14D1 m7727;2023-01-22T00:00+01:00;2023-01-23T00:00+01:00;2023-01-22;Totalt;39274;80,0;24;24;0;213;99,46;37650;1411;315;319;420;357;334;23
68234V443152;Taraldrud;EV6 S14D1 m7727;2023-01-23T00:00+01:00;2023-01-24T00:00+01:00;2023-01-23;1;10075;100,0;24;24;0;0;100,00;9608;467;289;72;40;66;65;1
68234V443152;Taraldrud;EV6 S14D1 m7727;2023-01-23T00:00+01:00;2023-01-24T00:00+01:00;2023-01-23;2;9529;100,0;24;24;0;6;99,94;9451;72;39;17;16;0;0;0
68234V443152;Taraldrud;EV6 S14D1 m7727;2023-01-23T00:00+01:00;2023-01-24T00:00+01:00;2023-01-23;3;14809;100,0;24;24;0;35;99,76;11212;3562;644;824;805;1289;1211;78
68234V443152;Taraldrud;EV6 S14D1 m7727;2023-01-23T00:00+01:00;2023-01-24T00:00+01:00;2023-01-23;4;15686;100,0;24;24;0;533;96,60;13341;1812;582;710;374;146;145;1
68234V443152;Taraldrud;EV6 S14D1 m7727;2023-01-23T00:00+01:00;2023-01-24T00:00+01:00;2023-01-23;5;-;0,0;24;24;0;-;-;-;-;-;-;-;-;-;-
68234V443152;Taraldrud;EV6 S14D1 m7727;2023-01-23T00:00+01:00;2023-01-24T00:00+01:00;2023-01-23;Totalt i retning Oslo;24885;66,7;24;24;0;34;99,86;20820;4031;934;897;845;1355;1276;79
68234V443152;Taraldrud;EV6 S14D1 m7727;2023-01-23T00:00+01:00;2023-01-24T00:00+01:00;2023-01-23;Totalt i retning Vinterbru;25214;100,0;24;24;0;540;97,86;22792;1882;620;726;390;146;145;1
68234V443152;Taraldrud;EV6 S14D1 m7727;2023-01-23T00:00+01:00;2023-01-24T00:00+01:00;2023-01-23;Totalt;50099;80,0;24;24;0;574;98,85;43612;5913;1554;1623;1235;1501;1421;80
68234V443152;Taraldrud;EV6 S14D1 m7727;2023-01-24T00:00+01:00;2023-01-25T00:00+01:00;2023-01-24;1;10939;100,0;24;24;0;1;99,99;10423;515;286;93;53;83;82;1
68234V443152;Taraldrud;EV6 S14D1 m7727;2023-01-24T00:00+01:00;2023-01-25T00:00+01:00;2023-01-24;2;10563;100,0;24;24;0;1;99,99;10446;116;59;28;24;5;5;0
68234V443152;Taraldrud;EV6 S14D1 m7727;2023-01-24T00:00+01:00;2023-01-25T00:00+01:00;2023-01-24;3;15088;100,0;24;24;0;19;99,87;11091;3978;630;999;810;1539;1438;101
68234V443152;Taraldrud;EV6 S14D1 m7727;2023-01-24T00:00+01:00;2023-01-25T00:00+01:00;2023-01-24;4;15691;100,0;24;24;0;549;96,50;13198;1944;582;721;483;158;156;2
68234V443152;Taraldrud;EV6 S14D1 m7727;2023-01-24T00:00+01:00;2023-01-25T00:00+01:00;2023-01-24;5;-;0,0;24;24;0;-;-;-;-;-;-;-;-;-;-
68234V443152;Taraldrud;EV6 S14D1 m7727;2023-01-24T00:00+01:00;2023-01-25T00:00+01:00;2023-01-24;Totalt i retning Oslo;26029;66,7;24;24;0;22;99,92;21514;4493;916;1092;863;1622;1520;102
68234V443152;Taraldrud;EV6 S14D1 m7727;2023-01-24T00:00+01:00;2023-01-25T00:00+01:00;2023-01-24;Totalt i retning Vinterbru;26252;100,0;24;24;0;548;97,91;23644;2060;641;749;507;163;161;2
68234V443152;Taraldrud;EV6 S14D1 m7727;2023-01-24T00:00+01:00;2023-01-25T00:00+01:00;2023-01-24;Totalt;52281;80,0;24;24;0;570;98,91;45158;6553;1557;1841;1370;1785;1681;104
68234V443152;Taraldrud;EV6 S14D1 m7727;2023-01-25T00:00+01:00;2023-01-26T00:00+01:00;2023-01-25;1;11148;100,0;24;24;0;1;99,99;10642;505;315;83;49;58;58;0
68234V443152;Taraldrud;EV6 S14D1 m7727;2023-01-25T00:00+01:00;2023-01-26T00:00+01:00;2023-01-25;2;10672;100,0;24;24;0;6;99,94;10551;115;67;25;18;5;5;0
68234V443152;Taraldrud;EV6 S14D1 m7727;2023-01-25T00:00+01:00;2023-01-26T00:00+01:00;2023-01-25;3;15247;100,0;24;24;0;23;99,85;11550;3674;614;959;640;1461;1354;107
68234V443152;Taraldrud;EV6 S14D1 m7727;2023-01-25T00:00+01:00;2023-01-26T00:00+01:00;2023-01-25;4;16075;100,0;24;24;0;527;96,72;13606;1942;601;708;449;184;182;2
68234V443152;Taraldrud;EV6 S14D1 m7727;2023-01-25T00:00+01:00;2023-01-26T00:00+01:00;2023-01-25;5;-;0,0;24;24;0;-;-;-;-;-;-;-;-;-;-
68234V443152;Taraldrud;EV6 S14D1 m7727;2023-01-25T00:00+01:00;2023-01-26T00:00+01:00;2023-01-25;Totalt i retning Oslo;26397;66,7;24;24;0;24;99,91;22193;4180;929;1043;689;1519;1412;107
68234V443152;Taraldrud;EV6 S14D1 m7727;2023-01-25T00:00+01:00;2023-01-26T00:00+01:00;2023-01-25;Totalt i retning Vinterbru;26745;100,0;24;24;0;533;98,01;24156;2056;668;732;467;189;187;2
68234V443152;Taraldrud;EV6 S14D1 m7727;2023-01-25T00:00+01:00;2023-01-26T00:00+01:00;2023-01-25;Totalt;53142;80,0;24;24;0;557;98,95;46349;6236;1597;1775;1156;1708;1599;109
68234V443152;Taraldrud;EV6 S14D1 m7727;2023-01-26T00:00+01:00;2023-01-27T00:00+01:00;2023-01-26;1;8496;100,0;24;24;0;11;99,87;8195;290;167;54;21;48;45;3
68234V443152;Taraldrud;EV6 S14D1 m7727;2023-01-26T00:00+01:00;2023-01-27T00:00+01:00;2023-01-26;2;11005;100,0;24;24;0;4;99,96;10882;119;49;41;28;1;1;0
68234V443152;Taraldrud;EV6 S14D1 m7727;2023-01-26T00:00+01:00;2023-01-27T00:00+01:00;2023-01-26;3;10940;100,0;24;24;0;14;99,87;8585;2341;402;605;392;942;861;81
68234V443152;Taraldrud;EV6 S14D1 m7727;2023-01-26T00:00+01:00;2023-01-27T00:00+01:00;2023-01-26;4;15695;100,0;24;24;0;513;96,73;13179;2003;658;713;446;186;179;7
68234V443152;Taraldrud;EV6 S14D1 m7727;2023-01-26T00:00+01:00;2023-01-27T00:00+01:00;2023-01-26;5;-;0,0;24;24;0;-;-;-;-;-;-;-;-;-;-
68234V443152;Taraldrud;EV6 S14D1 m7727;2023-01-26T00:00+01:00;2023-01-27T00:00+01:00;2023-01-26;Totalt i retning Oslo;19536;66,7;24;24;0;98;99,50;16806;2632;569;660;414;989;905;84
68234V443152;Taraldrud;EV6 S14D1 m7727;2023-01-26T00:00+01:00;2023-01-27T00:00+01:00;2023-01-26;Totalt i retning Vinterbru;26701;100,0;24;24;0;517;98,06;24062;2122;707;754;473;188;181;7
68234V443152;Taraldrud;EV6 S14D1 m7727;2023-01-26T00:00+01:00;2023-01-27T00:00+01:00;2023-01-26;Totalt;46237;80,0;24;24;0;615;98,67;40868;4754;1276;1414;887;1177;1086;91
68234V443152;Taraldrud;EV6 S14D1 m7727;2023-01-27T00:00+01:00;2023-01-28T00:00+01:00;2023-01-27;1;11528;100,0;24;24;0;1;99,99;11122;405;244;77;37;47;46;1
68234V443152;Taraldrud;EV6 S14D1 m7727;2023-01-27T00:00+01:00;2023-01-28T00:00+01:00;2023-01-27;2;10343;100,0;24;24;0;9;99,91;10228;106;49;30;23;4;4;0
68234V443152;Taraldrud;EV6 S14D1 m7727;2023-01-27T00:00+01:00;2023-01-28T00:00+01:00;2023-01-27;3;15455;100,0;24;24;0;16;99,90;12319;3120;606;904;475;1135;1053;82
68234V443152;Taraldrud;EV6 S14D1 m7727;2023-01-27T00:00+01:00;2023-01-28T00:00+01:00;2023-01-27;4;15672;100,0;24;24;0;504;96,78;13400;1768;561;696;372;139;137;2
68234V443152;Taraldrud;EV6 S14D1 m7727;2023-01-27T00:00+01:00;2023-01-28T00:00+01:00;2023-01-27;5;-;0,0;24;24;0;-;-;-;-;-;-;-;-;-;-
68234V443152;Taraldrud;EV6 S14D1 m7727;2023-01-27T00:00+01:00;2023-01-28T00:00+01:00;2023-01-27;Totalt i retning Oslo;27095;66,7;24;24;0;108;99,60;23462;3525;850;981;512;1182;1099;83
68234V443152;Taraldrud;EV6 S14D1 m7727;2023-01-27T00:00+01:00;2023-01-28T00:00+01:00;2023-01-27;Totalt i retning Vinterbru;26018;100,0;24;24;0;513;98,03;23631;1874;610;726;395;143;141;2
68234V443152;Taraldrud;EV6 S14D1 m7727;2023-01-27T00:00+01:00;2023-01-28T00:00+01:00;2023-01-27;Totalt;53113;80,0;24;24;0;621;98,83;47093;5399;1460;1707;907;1325;1240;85
68234V443152;Taraldrud;EV6 S14D1 m7727;2023-01-28T00:00+01:00;2023-01-29T00:00+01:00;2023-01-28;1;6462;100,0;24;24;0;0;100,00;6379;83;44;19;13;7;7;0
68234V443152;Taraldrud;EV6 S14D1 m7727;2023-01-28T00:00+01:00;2023-01-29T00:00+01:00;2023-01-28;2;6478;100,0;24;24;0;2;99,97;6450;26;10;11;5;0;0;0
68234V443152;Taraldrud;EV6 S14D1 m7727;2023-01-28T00:00+01:00;2023-01-29T00:00+01:00;2023-01-28;3;13475;100,0;24;24;0;1;99,99;12678;796;216;231;132;217;204;13
68234V443152;Taraldrud;EV6 S14D1 m7727;2023-01-28T00:00+01:00;2023-01-29T00:00+01:00;2023-01-28;4;13493;100,0;24;24;0;159;98,82;12804;530;143;184;177;26;25;1
68234V443152;Taraldrud;EV6 S14D1 m7727;2023-01-28T00:00+01:00;2023-01-29T00:00+01:00;2023-01-28;5;-;0,0;24;24;0;-;-;-;-;-;-;-;-;-;-
68234V443152;Taraldrud;EV6 S14D1 m7727;2023-01-28T00:00+01:00;2023-01-29T00:00+01:00;2023-01-28;Totalt i retning Oslo;20024;66,7;24;24;0;77;99,62;19067;880;260;251;145;224;211;13
68234V443152;Taraldrud;EV6 S14D1 m7727;2023-01-28T00:00+01:00;2023-01-29T00:00+01:00;2023-01-28;Totalt i retning Vinterbru;19971;100,0;24;24;0;161;99,19;19254;556;153;195;182;26;25;1
68234V443152;Taraldrud;EV6 S14D1 m7727;2023-01-28T00:00+01:00;2023-01-29T00:00+01:00;2023-01-28;Totalt;39995;80,0;24;24;0;238;99,40;38321;1436;413;446;327;250;236;14
68234V443152;Taraldrud;EV6 S14D1 m7727;2023-01-29T00:00+01:00;2023-01-30T00:00+01:00;2023-01-29;1;7310;100,0;24;24;0;0;100,00;7199;111;65;22;16;8;8;0
68234V443152;Taraldrud;EV6 S14D1 m7727;2023-01-29T00:00+01:00;2023-01-30T00:00+01:00;2023-01-29;2;7489;100,0;24;24;0;7;99,91;7445;37;11;18;8;0;0;0
68234V443152;Taraldrud;EV6 S14D1 m7727;2023-01-29T00:00+01:00;2023-01-30T00:00+01:00;2023-01-29;3;13460;100,0;24;24;0;1;99,99;12435;1024;205;193;196;430;398;32
68234V443152;Taraldrud;EV6 S14D1 m7727;2023-01-29T00:00+01:00;2023-01-30T00:00+01:00;2023-01-29;4;13718;100,0;24;24;0;127;99,07;13167;424;117;146;137;24;24;0
68234V443152;Taraldrud;EV6 S14D1 m7727;2023-01-29T00:00+01:00;2023-01-30T00:00+01:00;2023-01-29;5;-;0,0;24;24;0;-;-;-;-;-;-;-;-;-;-
68234V443152;Taraldrud;EV6 S14D1 m7727;2023-01-29T00:00+01:00;2023-01-30T00:00+01:00;2023-01-29;Totalt i retning Oslo;20817;66,7;24;24;0;41;99,80;19641;1135;270;215;212;438;406;32
68234V443152;Taraldrud;EV6 S14D1 m7727;2023-01-29T00:00+01:00;2023-01-30T00:00+01:00;2023-01-29;Totalt i retning Vinterbru;21210;100,0;24;24;0;137;99,35;20612;461;128;164;145;24;24;0
68234V443152;Taraldrud;EV6 S14D1 m7727;2023-01-29T00:00+01:00;2023-01-30T00:00+01:00;2023-01-29;Totalt;42027;80,0;24;24;0;178;99,58;40253;1596;398;379;357;462;430;32
68234V443152;Taraldrud;EV6 S14D1 m7727;2023-01-30T00:00+01:00;2023-01-31T00:00+01:00;2023-01-30;1;10208;100,0;24;24;0;0;100,00;9773;435;272;66;38;59;59;0
68234V443152;Taraldrud;EV6 S14D1 m7727;2023-01-30T00:00+01:00;2023-01-31T00:00+01:00;2023-01-30;2;9945;100,0;24;24;0;3;99,97;9847;95;47;24;21;3;3;0
68234V443152;Taraldrud;EV6 S14D1 m7727;2023-01-30T00:00+01:00;2023-01-31T00:00+01:00;2023-01-30;3;14936;100,0;24;24;0;25;99,83;11365;3546;628;939;665;1314;1225;89
68234V443152;Taraldrud;EV6 S14D1 m7727;2023-01-30T00:00+01:00;2023-01-31T00:00+01:00;2023-01-30;4;15974;100,0;24;24;0;558;96,51;13602;1814;603;692;367;152;149;3
68234V443152;Taraldrud;EV6 S14D1 m7727;2023-01-30T00:00+01:00;2023-01-31T00:00+01:00;2023-01-30;5;-;0,0;24;24;0;-;-;-;-;-;-;-;-;-;-
68234V443152;Taraldrud;EV6 S14D1 m7727;2023-01-30T00:00+01:00;2023-01-31T00:00+01:00;2023-01-30;Totalt i retning Oslo;25309;66,7;24;24;0;136;99,46;21192;3981;900;1005;703;1373;1284;89
68234V443152;Taraldrud;EV6 S14D1 m7727;2023-01-30T00:00+01:00;2023-01-31T00:00+01:00;2023-01-30;Totalt i retning Vinterbru;25928;100,0;24;24;0;568;97,81;23449;1911;651;717;388;155;152;3
68234V443152;Taraldrud;EV6 S14D1 m7727;2023-01-30T00:00+01:00;2023-01-31T00:00+01:00;2023-01-30;Totalt;51237;80,0;24;24;0;704;98,63;44641;5892;1551;1722;1091;1528;1436;92
68234V443152;Taraldrud;EV6 S14D1 m7727;2023-01-31T00:00+01:00;2023-02-01T00:00+01:00;2023-01-31;1;10808;100,0;24;24;0;1;99,99;10300;507;299;85;54;69;66;3
68234V443152;Taraldrud;EV6 S14D1 m7727;2023-01-31T00:00+01:00;2023-02-01T00:00+01:00;2023-01-31;2;10297;100,0;24;24;0;8;99,92;10196;93;45;33;14;1;1;0
68234V443152;Taraldrud;EV6 S14D1 m7727;2023-01-31T00:00+01:00;2023-02-01T00:00+01:00;2023-01-31;3;15058;100,0;24;24;0;26;99,83;11283;3749;650;970;719;1410;1309;101
68234V443152;Taraldrud;EV6 S14D1 m7727;2023-01-31T00:00+01:00;2023-02-01T00:00+01:00;2023-01-31;4;15972;100,0;24;24;0;592;96,29;13473;1907;562;742;429;174;171;3
68234V443152;Taraldrud;EV6 S14D1 m7727;2023-01-31T00:00+01:00;2023-02-01T00:00+01:00;2023-01-31;5;-;0,0;24;24;0;-;-;-;-;-;-;-;-;-;-
68234V443152;Taraldrud;EV6 S14D1 m7727;2023-01-31T00:00+01:00;2023-02-01T00:00+01:00;2023-01-31;Totalt i retning Oslo;26026;66,7;24;24;0;123;99,53;21645;4258;949;1056;774;1479;1375;104
68234V443152;Taraldrud;EV6 S14D1 m7727;2023-01-31T00:00+01:00;2023-02-01T00:00+01:00;2023-01-31;Totalt i retning Vinterbru;26280;100,0;24;24;0;606;97,69;23674;2000;608;774;442;176;173;3
68234V443152;Taraldrud;EV6 S14D1 m7727;2023-01-31T00:00+01:00;2023-02-01T00:00+01:00;2023-01-31;Totalt;52306;80,0;24;24;0;729;98,61;45319;6258;1557;1830;1216;1655;1548;107
68234V443152;Taraldrud;EV6 S14D1 m7727;2023-02-01T00:00+01:00;2023-02-02T00:00+01:00;2023-02-01;1;10639;100,0;24;24;0;0;100,00;10204;435;264;67;45;59;57;2
68234V443152;Taraldrud;EV6 S14D1 m7727;2023-02-01T00:00+01:00;2023-02-02T00:00+01:00;2023-02-01;2;10129;100,0;24;24;0;3;99,97;10039;87;48;24;13;2;2;0
68234V443152;Taraldrud;EV6 S14D1 m7727;2023-02-01T00:00+01:00;2023-02-02T00:00+01:00;2023-02-01;3;15157;100,0;24;24;0;16;99,89;11538;3603;586;978;634;1405;1318;87
68234V443152;Taraldrud;EV6 S14D1 m7727;2023-02-01T00:00+01:00;2023-02-02T00:00+01:00;2023-02-01;4;16560;100,0;24;24;0;579;96,50;14000;1981;617;751;440;173;170;3
68234V443152;Taraldrud;EV6 S14D1 m7727;2023-02-01T00:00+01:00;2023-02-02T00:00+01:00;2023-02-01;5;-;0,0;24;24;0;-;-;-;-;-;-;-;-;-;-
68234V443152;Taraldrud;EV6 S14D1 m7727;2023-02-01T00:00+01:00;2023-02-02T00:00+01:00;2023-02-01;Totalt i retning Oslo;25874;66,7;24;24;0;66;99,74;21769;4039;850;1045;680;1464;1375;89
68234V443152;Taraldrud;EV6 S14D1 m7727;2023-02-01T00:00+01:00;2023-02-02T00:00+01:00;2023-02-01;Totalt i retning Vinterbru;26692;100,0;24;24;0;584;97,81;24041;2067;665;775;452;175;172;3
68234V443152;Taraldrud;EV6 S14D1 m7727;2023-02-01T00:00+01:00;2023-02-02T00:00+01:00;2023-02-01;Totalt;52566;80,0;24;24;0;650;98,76;45810;6106;1515;1820;1132;1639;1547;92
68234V443152;Taraldrud;EV6 S14D1 m7727;2023-02-02T00:00+01:00;2023-02-03T00:00+01:00;2023-02-02;1;11748;100,0;24;24;0;0;100,00;11281;467;279;85;35;68;64;4
68234V443152;Taraldrud;EV6 S14D1 m7727;2023-02-02T00:00+01:00;2023-02-03T00:00+01:00;2023-02-02;2;10654;100,0;24;24;0;1;99,99;10581;72;36;17;18;1;1;0
68234V443152;Taraldrud;EV6 S14D1 m7727;2023-02-02T00:00+01:00;2023-02-03T00:00+01:00;2023-02-02;3;15666;100,0;24;24;0;24;99,85;11985;3657;620;941;688;1408;1297;111
68234V443152;Taraldrud;EV6 S14D1 m7727;2023-02-02T00:00+01:00;2023-02-03T00:00+01:00;2023-02-02;4;16422;100,0;24;24;0;520;96,83;13980;1922;576;727;444;175;173;2
68234V443152;Taraldrud;EV6 S14D1 m7727;2023-02-02T00:00+01:00;2023-02-03T00:00+01:00;2023-02-02;5;-;0,0;24;24;0;-;-;-;-;-;-;-;-;-;-
68234V443152;Taraldrud;EV6 S14D1 m7727;2023-02-02T00:00+01:00;2023-02-03T00:00+01:00;2023-02-02;Totalt i retning Oslo;27540;66,7;24;24;0;138;99,50;23282;4120;895;1026;723;1476;1361;115
68234V443152;Taraldrud;EV6 S14D1 m7727;2023-02-02T00:00+01:00;2023-02-03T00:00+01:00;2023-02-02;Totalt i retning Vinterbru;27084;100,0;24;24;0;521;98,08;24565;1998;616;744;462;176;174;2
68234V443152;Taraldrud;EV6 S14D1 m7727;2023-02-02T00:00+01:00;2023-02-03T00:00+01:00;2023-02-02;Totalt;54624;80,0;24;24;0;659;98,79;47847;6118;1511;1770;1185;1652;1535;117
68234V443152;Taraldrud;EV6 S14D1 m7727;2023-02-03T00:00+01:00;2023-02-04T00:00+01:00;2023-02-03;1;10848;100,0;24;24;0;0;100,00;10384;464;266;102;38;58;56;2
68234V443152;Taraldrud;EV6 S14D1 m7727;2023-02-03T00:00+01:00;2023-02-04T00:00+01:00;2023-02-03;2;9615;100,0;24;24;0;9;99,91;9506;100;43;26;28;3;3;0
68234V443152;Taraldrud;EV6 S14D1 m7727;2023-02-03T00:00+01:00;2023-02-04T00:00+01:00;2023-02-03;3;14812;100,0;24;24;0;15;99,90;11874;2923;559;828;471;1065;981;84
68234V443152;Taraldrud;EV6 S14D1 m7727;2023-02-03T00:00+01:00;2023-02-04T00:00+01:00;2023-02-03;4;15553;100,0;24;24;0;492;96,84;13286;1775;551;674;401;149;148;1
68234V443152;Taraldrud;EV6 S14D1 m7727;2023-02-03T00:00+01:00;2023-02-04T00:00+01:00;2023-02-03;5;-;0,0;24;24;0;-;-;-;-;-;-;-;-;-;-
68234V443152;Taraldrud;EV6 S14D1 m7727;2023-02-03T00:00+01:00;2023-02-04T00:00+01:00;2023-02-03;Totalt i retning Oslo;25718;66,7;24;24;0;65;99,75;22270;3383;821;930;509;1123;1037;86
68234V443152;Taraldrud;EV6 S14D1 m7727;2023-02-03T00:00+01:00;2023-02-04T00:00+01:00;2023-02-03;Totalt i retning Vinterbru;25170;100,0;24;24;0;499;98,02;22792;1879;598;700;429;152;151;1
68234V443152;Taraldrud;EV6 S14D1 m7727;2023-02-03T00:00+01:00;2023-02-04T00:00+01:00;2023-02-03;Totalt;50888;80,0;24;24;0;564;98,89;45062;5262;1419;1630;938;1275;1188;87
68234V443152;Taraldrud;EV6 S14D1 m7727;2023-02-04T00:00+01:00;2023-02-05T00:00+01:00;2023-02-04;1;6592;100,0;24;24;0;0;100,00;6506;86;54;22;5;5;5;0
68234V443152;Taraldrud;EV6 S14D1 m7727;2023-02-04T00:00+01:00;2023-02-05T00:00+01:00;2023-02-04;2;6573;100,0;24;24;0;1;99,98;6551;21;8;6;7;0;0;0
68234V443152;Taraldrud;EV6 S14D1 m7727;2023-02-04T00:00+01:00;2023-02-05T00:00+01:00;2023-02-04;3;13548;100,0;24;24;0;5;99,96;12741;802;217;227;146;212;201;11
68234V443152;Taraldrud;EV6 S14D1 m7727;2023-02-04T00:00+01:00;2023-02-05T00:00+01:00;2023-02-04;4;13430;100,0;24;24;0;134;99,00;12805;491;137;163;172;19;18;1
68234V443152;Taraldrud;EV6 S14D1 m7727;2023-02-04T00:00+01:00;2023-02-05T00:00+01:00;2023-02-04;5;-;0,0;24;24;0;-;-;-;-;-;-;-;-;-;-
68234V443152;Taraldrud;EV6 S14D1 m7727;2023-02-04T00:00+01:00;2023-02-05T00:00+01:00;2023-02-04;Totalt i retning Oslo;20198;66,7;24;24;0;60;99,70;19250;888;272;248;151;217;206;11
68234V443152;Taraldrud;EV6 S14D1 m7727;2023-02-04T00:00+01:00;2023-02-05T00:00+01:00;2023-02-04;Totalt i retning Vinterbru;20005;100,0;24;24;0;136;99,32;19357;512;144;170;179;19;18;1
68234V443152;Taraldrud;EV6 S14D1 m7727;2023-02-04T00:00+01:00;2023-02-05T00:00+01:00;2023-02-04;Totalt;40203;80,0;24;24;0;196;99,51;38607;1400;416;418;330;236;224;12
68234V443152;Taraldrud;EV6 S14D1 m7727;2023-02-05T00:00+01:00;2023-02-06T00:00+01:00;2023-02-05;1;6636;100,0;24;24;0;0;100,00;6544;92;50;24;12;6;5;1
68234V443152;Taraldrud;EV6 S14D1 m7727;2023-02-05T00:00+01:00;2023-02-06T00:00+01:00;2023-02-05;2;7009;100,0;24;24;0;1;99,99;6979;29;6;9;13;1;1;0
68234V443152;Taraldrud;EV6 S14D1 m7727;2023-02-05T00:00+01:00;2023-02-06T00:00+01:00;2023-02-05;3;13086;100,0;24;24;0;1;99,99;12115;970;191;189;223;367;334;33
68234V443152;Taraldrud;EV6 S14D1 m7727;2023-02-05T00:00+01:00;2023-02-06T00:00+01:00;2023-02-05;4;13570;100,0;24;24;0;131;99,03;13013;426;89;167;148;22;22;0
68234V443152;Taraldrud;EV6 S14D1 m7727;2023-02-05T00:00+01:00;2023-02-06T00:00+01:00;2023-02-05;5;-;0,0;24;24;0;-;-;-;-;-;-;-;-;-;-
68234V443152;Taraldrud;EV6 S14D1 m7727;2023-02-05T00:00+01:00;2023-02-06T00:00+01:00;2023-02-05;Totalt i retning Oslo;19791;66,7;24;24;0;67;99,66;18662;1062;241;213;235;373;339;34
68234V443152;Taraldrud;EV6 S14D1 m7727;2023-02-05T00:00+01:00;2023-02-06T00:00+01:00;2023-02-05;Totalt i retning Vinterbru;20582;100,0;24;24;0;134;99,35;19993;455;95;176;161;23;23;0
68234V443152;Taraldrud;EV6 S14D1 m7727;2023-02-05T00:00+01:00;2023-02-06T00:00+01:00;2023-02-05;Totalt;40373;80,0;24;24;0;201;99,50;38655;1517;336;389;396;396;362;34
68234V443152;Taraldrud;EV6 S14D1 m7727;2023-02-06T00:00+01:00;2023-02-07T00:00+01:00;2023-02-06;1;9841;100,0;24;24;0;1;99,99;9401;439;268;70;38;63;61;2
68234V443152;Taraldrud;EV6 S14D1 m7727;2023-02-06T00:00+01:00;2023-02-07T00:00+01:00;2023-02-06;2;9732;100,0;24;24;0;4;99,96;9643;85;44;15;25;1;1;0
68234V443152;Taraldrud;EV6 S14D1 m7727;2023-02-06T00:00+01:00;2023-02-07T00:00+01:00;2023-02-06;3;14646;100,0;24;24;0;18;99,88;11125;3503;621;890;643;1349;1273;76
68234V443152;Taraldrud;EV6 S14D1 m7727;2023-02-06T00:00+01:00;2023-02-07T00:00+01:00;2023-02-06;4;15720;100,0;24;24;0;525;96,66;13216;1979;610;758;446;165;163;2
68234V443152;Taraldrud;EV6 S14D1 m7727;2023-02-06T00:00+01:00;2023-02-07T00:00+01:00;2023-02-06;5;-;0,0;24;24;0;-;-;-;-;-;-;-;-;-;-
68234V443152;Taraldrud;EV6 S14D1 m7727;2023-02-06T00:00+01:00;2023-02-07T00:00+01:00;2023-02-06;Totalt i retning Oslo;24577;66,7;24;24;0;107;99,56;20530;3940;887;960;681;1412;1334;78
68234V443152;Taraldrud;EV6 S14D1 m7727;2023-02-06T00:00+01:00;2023-02-07T00:00+01:00;2023-02-06;Totalt i retning Vinterbru;25456;100,0;24;24;0;530;97,92;22860;2066;656;773;471;166;164;2
68234V443152;Taraldrud;EV6 S14D1 m7727;2023-02-06T00:00+01:00;2023-02-07T00:00+01:00;2023-02-06;Totalt;50033;80,0;24;24;0;637;98,73;43390;6006;1543;1733;1152;1578;1498;80
68234V443152;Taraldrud;EV6 S14D1 m7727;2023-02-07T00:00+01:00;2023-02-08T00:00+01:00;2023-02-07;1;10484;100,0;24;24;0;0;100,00;10018;466;288;79;44;55;52;3
68234V443152;Taraldrud;EV6 S14D1 m7727;2023-02-07T00:00+01:00;2023-02-08T00:00+01:00;2023-02-07;2;10117;100,0;24;24;0;3;99,97;10033;81;44;18;16;3;2;1
68234V443152;Taraldrud;EV6 S14D1 m7727;2023-02-07T00:00+01:00;2023-02-08T00:00+01:00;2023-02-07;3;14986;100,0;24;24;0;20;99,87;11188;3778;619;931;699;1529;1418;111
68234V443152;Taraldrud;EV6 S14D1 m7727;2023-02-07T00:00+01:00;2023-02-08T00:00+01:00;2023-02-07;4;16008;100,0;24;24;0;555;96,53;13489;1964;624;708;448;184;180;4
68234V443152;Taraldrud;EV6 S14D1 m7727;2023-02-07T00:00+01:00;2023-02-08T00:00+01:00;2023-02-07;5;-;0,0;24;24;0;-;-;-;-;-;-;-;-;-;-
68234V443152;Taraldrud;EV6 S14D1 m7727;2023-02-07T00:00+01:00;2023-02-08T00:00+01:00;2023-02-07;Totalt i retning Oslo;25559;66,7;24;24;0;104;99,59;21213;4242;904;1011;743;1584;1470;114
68234V443152;Taraldrud;EV6 S14D1 m7727;2023-02-07T00:00+01:00;2023-02-08T00:00+01:00;2023-02-07;Totalt i retning Vinterbru;26137;100,0;24;24;0;564;97,84;23526;2047;671;725;464;187;182;5
68234V443152;Taraldrud;EV6 S14D1 m7727;2023-02-07T00:00+01:00;2023-02-08T00:00+01:00;2023-02-07;Totalt;51696;80,0;24;24;0;668;98,71;44739;6289;1575;1736;1207;1771;1652;119
68234V443152;Taraldrud;EV6 S14D1 m7727;2023-02-08T00:00+01:00;2023-02-09T00:00+01:00;2023-02-08;1;10788;100,0;24;24;0;0;100,00;10312;476;288;85;48;55;52;3
68234V443152;Taraldrud;EV6 S14D1 m7727;2023-02-08T00:00+01:00;2023-02-09T00:00+01:00;2023-02-08;2;10437;100,0;24;24;0;3;99,97;10328;106;46;31;24;5;5;0
68234V443152;Taraldrud;EV6 S14D1 m7727;2023-02-08T00:00+01:00;2023-02-09T00:00+01:00;2023-02-08;3;15070;100,0;24;24;0;16;99,89;11301;3753;636;926;721;1470;1370;100
68234V443152;Taraldrud;EV6 S14D1 m7727;2023-02-08T00:00+01:00;2023-02-09T00:00+01:00;2023-02-08;4;16126;100,0;24;24;0;576;96,43;13497;2053;672;763;437;181;179;2
68234V443152;Taraldrud;EV6 S14D1 m7727;2023-02-08T00:00+01:00;2023-02-09T00:00+01:00;2023-02-08;5;-;0,0;24;24;0;-;-;-;-;-;-;-;-;-;-
68234V443152;Taraldrud;EV6 S14D1 m7727;2023-02-08T00:00+01:00;2023-02-09T00:00+01:00;2023-02-08;Totalt i retning Oslo;25954;66,7;24;24;0;108;99,58;21618;4228;923;1010;770;1525;1422;103
68234V443152;Taraldrud;EV6 S14D1 m7727;2023-02-08T00:00+01:00;2023-02-09T00:00+01:00;2023-02-08;Totalt i retning Vinterbru;26566;100,0;24;24;0;581;97,81;23825;2160;719;795;460;186;184;2
68234V443152;Taraldrud;EV6 S14D1 m7727;2023-02-08T00:00+01:00;2023-02-09T00:00+01:00;2023-02-08;Totalt;52520;80,0;24;24;0;689;98,69;45443;6388;1642;1805;1230;1711;1606;105
68234V443152;Taraldrud;EV6 S14D1 m7727;2023-02-09T00:00+01:00;2023-02-10T00:00+01:00;2023-02-09;1;11594;100,0;24;24;0;0;100,00;11129;465;296;68;39;62;61;1
68234V443152;Taraldrud;EV6 S14D1 m7727;2023-02-09T00:00+01:00;2023-02-10T00:00+01:00;2023-02-09;2;10902;100,0;24;24;0;3;99,97;10771;128;56;31;34;7;7;0
68234V443152;Taraldrud;EV6 S14D1 m7727;2023-02-09T00:00+01:00;2023-02-10T00:00+01:00;2023-02-09;3;15635;100,0;24;24;0;16;99,90;11881;3738;622;987;668;1461;1361;100
68234V443152;Taraldrud;EV6 S14D1 m7727;2023-02-09T00:00+01:00;2023-02-10T00:00+01:00;2023-02-09;4;16504;100,0;24;24;0;567;96,56;13929;2008;599;742;490;177;174;3
68234V443152;Taraldrud;EV6 S14D1 m7727;2023-02-09T00:00+01:00;2023-02-10T00:00+01:00;2023-02-09;5;-;0,0;24;24;0;-;-;-;-;-;-;-;-;-;-
68234V443152;Taraldrud;EV6 S14D1 m7727;2023-02-09T00:00+01:00;2023-02-10T00:00+01:00;2023-02-09;Totalt i retning Oslo;27375;66,6;24;24;0;132;99,52;23040;4203;917;1056;707;1523;1422;101
68234V443152;Taraldrud;EV6 S14D1 m7727;2023-02-09T00:00+01:00;2023-02-10T00:00+01:00;2023-02-09;Totalt i retning Vinterbru;27408;100,0;24;24;0;572;97,91;24700;2136;656;772;524;184;181;3
68234V443152;Taraldrud;EV6 S14D1 m7727;2023-02-09T00:00+01:00;2023-02-10T00:00+01:00;2023-02-09;Totalt;54783;80,0;24;24;0;704;98,71;47740;6339;1573;1828;1231;1707;1603;104
68234V443152;Taraldrud;EV6 S14D1 m7727;2023-02-10T00:00+01:00;2023-02-11T00:00+01:00;2023-02-10;1;11469;100,0;24;24;0;0;100,00;11010;459;287;75;46;51;49;2
68234V443152;Taraldrud;EV6 S14D1 m7727;2023-02-10T00:00+01:00;2023-02-11T00:00+01:00;2023-02-10;2;10213;100,0;24;24;0;4;99,96;10098;111;60;29;20;2;2;0
68234V443152;Taraldrud;EV6 S14D1 m7727;2023-02-10T00:00+01:00;2023-02-11T00:00+01:00;2023-02-10;3;15720;100,0;24;24;0;12;99,92;12617;3091;620;849;514;1108;1027;81
68234V443152;Taraldrud;EV6 S14D1 m7727;2023-02-10T00:00+01:00;2023-02-11T00:00+01:00;2023-02-10;4;16029;100,0;24;24;0;509;96,82;13780;1740;569;661;361;149;146;3
68234V443152;Taraldrud;EV6 S14D1 m7727;2023-02-10T00:00+01:00;2023-02-11T00:00+01:00;2023-02-10;5;-;0,0;24;24;0;-;-;-;-;-;-;-;-;-;-
68234V443152;Taraldrud;EV6 S14D1 m7727;2023-02-10T00:00+01:00;2023-02-11T00:00+01:00;2023-02-10;Totalt i retning Oslo;27305;66,7;24;24;0;98;99,64;23657;3550;906;925;560;1159;1076;83
68234V443152;Taraldrud;EV6 S14D1 m7727;2023-02-10T00:00+01:00;2023-02-11T00:00+01:00;2023-02-10;Totalt i retning Vinterbru;26243;100,0;24;24;0;513;98,05;23879;1851;630;689;381;151;148;3
68234V443152;Taraldrud;EV6 S14D1 m7727;2023-02-10T00:00+01:00;2023-02-11T00:00+01:00;2023-02-10;Totalt;53548;80,0;24;24;0;611;98,86;47536;5401;1536;1614;941;1310;1224;86
68234V443152;Taraldrud;EV6 S14D1 m7727;2023-02-11T00:00+01:00;2023-02-12T00:00+01:00;2023-02-11;1;8048;100,0;24;24;0;0;100,00;7937;111;82;16;10;3;3;0
68234V443152;Taraldrud;EV6 S14D1 m7727;2023-02-11T00:00+01:00;2023-02-12T00:00+01:00;2023-02-11;2;6402;100,0;24;24;0;4;99,94;6372;26;12;9;5;0;0;0
68234V443152;Taraldrud;EV6 S14D1 m7727;2023-02-11T00:00+01:00;2023-02-12T00:00+01:00;2023-02-11;3;15026;100,0;24;24;0;5;99,97;14150;871;238;267;148;218;206;12
68234V443152;Taraldrud;EV6 S14D1 m7727;2023-02-11T00:00+01:00;2023-02-12T00:00+01:00;2023-02-11;4;13904;100,0;24;24;0;131;99,06;13278;495;132;180;154;29;27;2
68234V443152;Taraldrud;EV6 S14D1 m7727;2023-02-11T00:00+01:00;2023-02-12T00:00+01:00;2023-02-11;5;-;0,0;24;24;0;-;-;-;-;-;-;-;-;-;-
68234V443152;Taraldrud;EV6 S14D1 m7727;2023-02-11T00:00+01:00;2023-02-12T00:00+01:00;2023-02-11;Totalt i retning Oslo;23116;66,7;24;24;0;35;99,85;22100;981;319;283;158;221;209;12
68234V443152;Taraldrud;EV6 S14D1 m7727;2023-02-11T00:00+01:00;2023-02-12T00:00+01:00;2023-02-11;Totalt i retning Vinterbru;20304;100,0;24;24;0;133;99,34;19649;522;145;189;159;29;27;2
68234V443152;Taraldrud;EV6 S14D1 m7727;2023-02-11T00:00+01:00;2023-02-12T00:00+01:00;2023-02-11;Totalt;43420;80,0;24;24;0;168;99,61;41749;1503;464;472;317;250;236;14
68234V443152;Taraldrud;EV6 S14D1 m7727;2023-02-12T00:00+01:00;2023-02-13T00:00+01:00;2023-02-12;1;8865;100,0;24;24;0;0;100,00;8774;91;54;7;17;13;12;1
68234V443152;Taraldrud;EV6 S14D1 m7727;2023-02-12T00:00+01:00;2023-02-13T00:00+01:00;2023-02-12;2;7820;100,0;24;24;0;2;99,97;7784;34;14;12;7;1;1;0
68234V443152;Taraldrud;EV6 S14D1 m7727;2023-02-12T00:00+01:00;2023-02-13T00:00+01:00;2023-02-12;3;15224;100,0;24;24;0;2;99,99;14277;945;164;194;195;392;360;32
68234V443152;Taraldrud;EV6 S14D1 m7727;2023-02-12T00:00+01:00;2023-02-13T00:00+01:00;2023-02-12;4;14350;100,0;24;24;0;126;99,12;13772;452;111;155;159;27;27;0
68234V443152;Taraldrud;EV6 S14D1 m7727;2023-02-12T00:00+01:00;2023-02-13T00:00+01:00;2023-02-12;5;-;0,0;24;24;0;-;-;-;-;-;-;-;-;-;-
68234V443152;Taraldrud;EV6 S14D1 m7727;2023-02-12T00:00+01:00;2023-02-13T00:00+01:00;2023-02-12;Totalt i retning Oslo;24156;66,7;24;24;0;51;99,79;23068;1037;218;202;212;405;372;33
68234V443152;Taraldrud;EV6 S14D1 m7727;2023-02-12T00:00+01:00;2023-02-13T00:00+01:00;2023-02-12;Totalt i retning Vinterbru;22170;100,0;24;24;0;128;99,42;21557;485;125;166;166;28;28;0
68234V443152;Taraldrud;EV6 S14D1 m7727;2023-02-12T00:00+01:00;2023-02-13T00:00+01:00;2023-02-12;Totalt;46326;80,0;24;24;0;179;99,61;44625;1522;343;368;378;433;400;33
68234V443152;Taraldrud;EV6 S14D1 m7727;2023-02-13T00:00+01:00;2023-02-14T00:00+01:00;2023-02-13;1;10354;100,0;24;24;0;0;100,00;9938;416;286;64;20;46;44;2
68234V443152;Taraldrud;EV6 S14D1 m7727;2023-02-13T00:00+01:00;2023-02-14T00:00+01:00;2023-02-13;2;9757;100,0;24;24;0;4;99,96;9668;85;56;16;9;4;4;0
68234V443152;Taraldrud;EV6 S14D1 m7727;2023-02-13T00:00+01:00;2023-02-14T00:00+01:00;2023-02-13;3;15158;100,0;24;24;0;18;99,88;11517;3623;684;904;657;1378;1289;89
68234V443152;Taraldrud;EV6 S14D1 m7727;2023-02-13T00:00+01:00;2023-02-14T00:00+01:00;2023-02-13;4;15997;100,0;24;24;0;516;96,77;13620;1861;612;721;367;161;157;4
68234V443152;Taraldrud;EV6 S14D1 m7727;2023-02-13T00:00+01:00;2023-02-14T00:00+01:00;2023-02-13;5;-;0,0;24;24;0;-;-;-;-;-;-;-;-;-;-
68234V443152;Taraldrud;EV6 S14D1 m7727;2023-02-13T00:00+01:00;2023-02-14T00:00+01:00;2023-02-13;Totalt i retning Oslo;25618;66,7;24;24;0;76;99,70;21502;4040;970;969;677;1424;1333;91
68234V443152;Taraldrud;EV6 S14D1 m7727;2023-02-13T00:00+01:00;2023-02-14T00:00+01:00;2023-02-13;Totalt i retning Vinterbru;25757;100,0;24;24;0;524;97,97;23288;1945;668;736;376;165;161;4
68234V443152;Taraldrud;EV6 S14D1 m7727;2023-02-13T00:00+01:00;2023-02-14T00:00+01:00;2023-02-13;Totalt;51375;80,0;24;24;0;600;98,83;44790;5985;1638;1705;1053;1589;1494;95
68234V443152;Taraldrud;EV6 S14D1 m7727;2023-02-14T00:00+01:00;2023-02-15T00:00+01:00;2023-02-14;1;10840;100,0;24;24;0;1;99,99;10376;463;274;65;48;76;72;4
68234V443152;Taraldrud;EV6 S14D1 m7727;2023-02-14T00:00+01:00;2023-02-15T00:00+01:00;2023-02-14;2;10238;100,0;24;24;0;2;99,98;10158;78;46;20;9;3;3;0
68234V443152;Taraldrud;EV6 S14D1 m7727;2023-02-14T00:00+01:00;2023-02-15T00:00+01:00;2023-02-14;3;15203;100,0;24;24;0;12;99,92;11684;3507;635;892;667;1313;1218;95
68234V443152;Taraldrud;EV6 S14D1 m7727;2023-02-14T00:00+01:00;2023-02-15T00:00+01:00;2023-02-14;4;16177;100,0;24;24;0;512;96,84;13678;1987;628;751;449;159;157;2
68234V443152;Taraldrud;EV6 S14D1 m7727;2023-02-14T00:00+01:00;2023-02-15T00:00+01:00;2023-02-14;5;-;0,0;24;24;0;-;-;-;-;-;-;-;-;-;-
68234V443152;Taraldrud;EV6 S14D1 m7727;2023-02-14T00:00+01:00;2023-02-15T00:00+01:00;2023-02-14;Totalt i retning Oslo;26119;66,7;24;24;0;36;99,86;22115;3968;906;958;715;1389;1290;99
68234V443152;Taraldrud;EV6 S14D1 m7727;2023-02-14T00:00+01:00;2023-02-15T00:00+01:00;2023-02-14;Totalt i retning Vinterbru;26424;100,0;24;24;0;520;98,03;23837;2067;677;770;458;162;160;2
68234V443152;Taraldrud;EV6 S14D1 m7727;2023-02-14T00:00+01:00;2023-02-15T00:00+01:00;2023-02-14;Totalt;52543;80,0;24;24;0;556;98,94;45952;6035;1583;1728;1173;1551;1450;101
68234V443152;Taraldrud;EV6 S14D1 m7727;2023-02-15T00:00+01:00;2023-02-16T00:00+01:00;2023-02-15;1;11391;100,0;24;24;0;1;99,99;10963;427;271;69;47;40;37;3
68234V443152;Taraldrud;EV6 S14D1 m7727;2023-02-15T00:00+01:00;2023-02-16T00:00+01:00;2023-02-15;2;11126;100,0;24;24;0;4;99,96;11009;113;58;33;19;3;3;0
68234V443152;Taraldrud;EV6 S14D1 m7727;2023-02-15T00:00+01:00;2023-02-16T00:00+01:00;2023-02-15;3;15433;100,0;24;24;0;16;99,90;11892;3525;604;912;670;1339;1241;98
68234V443152;Taraldrud;EV6 S14D1 m7727;2023-02-15T00:00+01:00;2023-02-16T00:00+01:00;2023-02-15;4;16554;100,0;24;24;0;548;96,69;14092;1914;610;687;425;192;189;3
68234V443152;Taraldrud;EV6 S14D1 m7727;2023-02-15T00:00+01:00;2023-02-16T00:00+01:00;2023-02-15;5;-;0,0;24;24;0;-;-;-;-;-;-;-;-;-;-
68234V443152;Taraldrud;EV6 S14D1 m7727;2023-02-15T00:00+01:00;2023-02-16T00:00+01:00;2023-02-15;Totalt i retning Oslo;26840;66,7;24;24;0;34;99,87;22858;3948;872;981;717;1378;1277;101
68234V443152;Taraldrud;EV6 S14D1 m7727;2023-02-15T00:00+01:00;2023-02-16T00:00+01:00;2023-02-15;Totalt i retning Vinterbru;27685;100,0;24;24;0;552;98,01;25102;2031;671;720;444;196;193;3
68234V443152;Taraldrud;EV6 S14D1 m7727;2023-02-15T00:00+01:00;2023-02-16T00:00+01:00;2023-02-15;Totalt;54525;80,0;24;24;0;586;98,93;47960;5979;1543;1701;1161;1574;1470;104
68234V443152;Taraldrud;EV6 S14D1 m7727;2023-02-16T00:00+01:00;2023-02-17T00:00+01:00;2023-02-16;1;11749;100,0;24;24;0;1;99,99;11267;481;295;79;44;63;58;5
68234V443152;Taraldrud;EV6 S14D1 m7727;2023-02-16T00:00+01:00;2023-02-17T00:00+01:00;2023-02-16;2;11437;100,0;24;24;0;6;99,95;11317;114;47;35;27;5;5;0
68234V443152;Taraldrud;EV6 S14D1 m7727;2023-02-16T00:00+01:00;2023-02-17T00:00+01:00;2023-02-16;3;15525;100,0;24;24;0;10;99,94;11903;3612;622;980;676;1334;1231;103
68234V443152;Taraldrud;EV6 S14D1 m7727;2023-02-16T00:00+01:00;2023-02-17T00:00+01:00;2023-02-16;4;16829;100,0;24;24;0;570;96,61;14244;2015;647;720;467;181;179;2
68234V443152;Taraldrud;EV6 S14D1 m7727;2023-02-16T00:00+01:00;2023-02-17T00:00+01:00;2023-02-16;5;-;0,0;24;24;0;-;-;-;-;-;-;-;-;-;-
68234V443152;Taraldrud;EV6 S14D1 m7727;2023-02-16T00:00+01:00;2023-02-17T00:00+01:00;2023-02-16;Totalt i retning Oslo;27290;66,7;24;24;0;28;99,90;23172;4090;915;1059;719;1397;1289;108
68234V443152;Taraldrud;EV6 S14D1 m7727;2023-02-16T00:00+01:00;2023-02-17T00:00+01:00;2023-02-16;Totalt i retning Vinterbru;28268;100,0;24;24;0;575;97,97;25561;2132;696;755;495;186;184;2
68234V443152;Taraldrud;EV6 S14D1 m7727;2023-02-16T00:00+01:00;2023-02-17T00:00+01:00;2023-02-16;Totalt;55558;80,0;24;24;0;603;98,91;48733;6222;1611;1814;1214;1583;1473;110
68234V443152;Taraldrud;EV6 S14D1 m7727;2023-02-17T00:00+01:00;2023-02-18T00:00+01:00;2023-02-17;1;11993;100,0;24;24;0;0;100,00;11528;465;297;81;26;61;60;1
68234V443152;Taraldrud;EV6 S14D1 m7727;2023-02-17T00:00+01:00;2023-02-18T00:00+01:00;2023-02-17;2;11484;100,0;24;24;0;5;99,96;11357;122;60;25;32;5;5;0
68234V443152;Taraldrud;EV6 S14D1 m7727;2023-02-17T00:00+01:00;2023-02-18T00:00+01:00;2023-02-17;3;15883;100,0;24;24;0;12;99,92;12611;3260;614;950;490;1206;1132;74
68234V443152;Taraldrud;EV6 S14D1 m7727;2023-02-17T00:00+01:00;2023-02-18T00:00+01:00;2023-02-17;4;16317;100,0;24;24;0;513;96,86;13930;1874;586;728;412;148;145;3
68234V443152;Taraldrud;EV6 S14D1 m7727;2023-02-17T00:00+01:00;2023-02-18T00:00+01:00;2023-02-17;5;-;0,0;24;24;0;-;-;-;-;-;-;-;-;-;-
68234V443152;Taraldrud;EV6 S14D1 m7727;2023-02-17T00:00+01:00;2023-02-18T00:00+01:00;2023-02-17;Totalt i retning Oslo;27972;66,7;24;24;0;79;99,72;24168;3725;910;1032;516;1267;1192;75
68234V443152;Taraldrud;EV6 S14D1 m7727;2023-02-17T00:00+01:00;2023-02-18T00:00+01:00;2023-02-17;Totalt i retning Vinterbru;27805;100,0;24;24;0;521;98,13;25287;1997;647;753;444;153;150;3
68234V443152;Taraldrud;EV6 S14D1 m7727;2023-02-17T00:00+01:00;2023-02-18T00:00+01:00;2023-02-17;Totalt;55777;80,0;24;24;0;600;98,92;49455;5722;1557;1785;960;1420;1342;78
68234V443152;Taraldrud;EV6 S14D1 m7727;2023-02-18T00:00+01:00;2023-02-19T00:00+01:00;2023-02-18;1;7318;100,0;24;24;0;0;100,00;7220;98;68;16;8;6;6;0
68234V443152;Taraldrud;EV6 S14D1 m7727;2023-02-18T00:00+01:00;2023-02-19T00:00+01:00;2023-02-18;2;7941;100,0;24;24;0;2;99,97;7895;44;13;17;13;1;1;0
68234V443152;Taraldrud;EV6 S14D1 m7727;2023-02-18T00:00+01:00;2023-02-19T00:00+01:00;2023-02-18;3;14241;100,0;24;24;0;2;99,99;13324;915;272;283;128;232;219;13
68234V443152;Taraldrud;EV6 S14D1 m7727;2023-02-18T00:00+01:00;2023-02-19T00:00+01:00;2023-02-18;4;14531;100,0;24;24;0;148;98,98;13871;512;141;177;167;27;26;1
68234V443152;Taraldrud;EV6 S14D1 m7727;2023-02-18T00:00+01:00;2023-02-19T00:00+01:00;2023-02-18;5;-;0,0;24;24;0;-;-;-;-;-;-;-;-;-;-
68234V443152;Taraldrud;EV6 S14D1 m7727;2023-02-18T00:00+01:00;2023-02-19T00:00+01:00;2023-02-18;Totalt i retning Oslo;21579;66,7;24;24;0;17;99,92;20548;1014;341;299;136;238;225;13
68234V443152;Taraldrud;EV6 S14D1 m7727;2023-02-18T00:00+01:00;2023-02-19T00:00+01:00;2023-02-18;Totalt i retning Vinterbru;22473;100,0;24;24;0;150;99,33;21767;556;154;194;180;28;27;1
68234V443152;Taraldrud;EV6 S14D1 m7727;2023-02-18T00:00+01:00;2023-02-19T00:00+01:00;2023-02-18;Totalt;44052;80,0;24;24;0;167;99,62;42315;1570;495;493;316;266;252;14
68234V443152;Taraldrud;EV6 S14D1 m7727;2023-02-19T00:00+01:00;2023-02-20T00:00+01:00;2023-02-19;1;6762;100,0;24;24;0;0;100,00;6677;85;49;15;11;10;9;1
68234V443152;Taraldrud;EV6 S14D1 m7727;2023-02-19T00:00+01:00;2023-02-20T00:00+01:00;2023-02-19;2;6820;100,0;24;24;0;2;99,97;6792;26;11;8;7;0;0;0
68234V443152;Taraldrud;EV6 S14D1 m7727;2023-02-19T00:00+01:00;2023-02-20T00:00+01:00;2023-02-19;3;13707;100,0;24;24;0;3;99,98;12758;946;195;186;191;374;345;29
68234V443152;Taraldrud;EV6 S14D1 m7727;2023-02-19T00:00+01:00;2023-02-20T00:00+01:00;2023-02-19;4;13764;100,0;24;24;0;109;99,21;13225;430;99;179;128;24;24;0
68234V443152;Taraldrud;EV6 S14D1 m7727;2023-02-19T00:00+01:00;2023-02-20T00:00+01:00;2023-02-19;5;-;0,0;24;24;0;-;-;-;-;-;-;-;-;-;-
68234V443152;Taraldrud;EV6 S14D1 m7727;2023-02-19T00:00+01:00;2023-02-20T00:00+01:00;2023-02-19;Totalt i retning Oslo;20553;66,7;24;24;0;69;99,66;19454;1030;243;201;202;384;354;30
68234V443152;Taraldrud;EV6 S14D1 m7727;2023-02-19T00:00+01:00;2023-02-20T00:00+01:00;2023-02-19;Totalt i retning Vinterbru;20584;100,0;24;24;0;110;99,47;20017;457;111;187;135;24;24;0
68234V443152;Taraldrud;EV6 S14D1 m7727;2023-02-19T00:00+01:00;2023-02-20T00:00+01:00;2023-02-19;Totalt;41137;80,0;24;24;0;179;99,56;39471;1487;354;388;337;408;378;30
68234V443152;Taraldrud;EV6 S14D1 m7727;2023-02-20T00:00+01:00;2023-02-21T00:00+01:00;2023-02-20;1;10539;100,0;24;24;0;0;100,00;10128;411;264;61;26;60;58;2
68234V443152;Taraldrud;EV6 S14D1 m7727;2023-02-20T00:00+01:00;2023-02-21T00:00+01:00;2023-02-20;2;9738;100,0;24;24;0;3;99,97;9626;109;60;25;22;2;2;0
68234V443152;Taraldrud;EV6 S14D1 m7727;2023-02-20T00:00+01:00;2023-02-21T00:00+01:00;2023-02-20;3;15423;100,0;24;24;0;12;99,92;11747;3664;665;982;615;1402;1315;87
68234V443152;Taraldrud;EV6 S14D1 m7727;2023-02-20T00:00+01:00;2023-02-21T00:00+01:00;2023-02-20;4;15978;100,0;24;24;0;556;96,52;13617;1805;567;711;376;151;148;3
68234V443152;Taraldrud;EV6 S14D1 m7727;2023-02-20T00:00+01:00;2023-02-21T00:00+01:00;2023-02-20;5;-;0,0;24;24;0;-;-;-;-;-;-;-;-;-;-
68234V443152;Taraldrud;EV6 S14D1 m7727;2023-02-20T00:00+01:00;2023-02-21T00:00+01:00;2023-02-20;Totalt i retning Oslo;26129;66,7;24;24;0;137;99,48;21917;4075;928;1043;641;1463;1374;89
68234V443152;Taraldrud;EV6 S14D1 m7727;2023-02-20T00:00+01:00;2023-02-21T00:00+01:00;2023-02-20;Totalt i retning Vinterbru;25720;100,0;24;24;0;561;97,82;23243;1916;628;736;399;153;150;3
68234V443152;Taraldrud;EV6 S14D1 m7727;2023-02-20T00:00+01:00;2023-02-21T00:00+01:00;2023-02-20;Totalt;51849;80,0;24;24;0;698;98,65;45160;5991;1556;1779;1040;1616;1524;92
68234V443152;Taraldrud;EV6 S14D1 m7727;2023-02-21T00:00+01:00;2023-02-22T00:00+01:00;2023-02-21;1;11325;100,0;24;24;0;1;99,99;10856;468;303;74;39;52;52;0
68234V443152;Taraldrud;EV6 S14D1 m7727;2023-02-21T00:00+01:00;2023-02-22T00:00+01:00;2023-02-21;2;10147;100,0;24;24;0;6;99,94;10049;92;37;35;19;1;1;0
68234V443152;Taraldrud;EV6 S14D1 m7727;2023-02-21T00:00+01:00;2023-02-22T00:00+01:00;2023-02-21;3;15998;100,0;24;24;0;19;99,88;12129;3850;681;983;732;1454;1350;104
68234V443152;Taraldrud;EV6 S14D1 m7727;2023-02-21T00:00+01:00;2023-02-22T00:00+01:00;2023-02-21;4;16753;100,0;24;24;0;579;96,54;14187;1987;591;770;471;155;150;5
68234V443152;Taraldrud;EV6 S14D1 m7727;2023-02-21T00:00+01:00;2023-02-22T00:00+01:00;2023-02-21;5;-;0,0;24;24;0;-;-;-;-;-;-;-;-;-;-
68234V443152;Taraldrud;EV6 S14D1 m7727;2023-02-21T00:00+01:00;2023-02-22T00:00+01:00;2023-02-21;Totalt i retning Oslo;27580;66,7;24;24;0;218;99,21;23046;4316;982;1056;772;1506;1402;104
68234V443152;Taraldrud;EV6 S14D1 m7727;2023-02-21T00:00+01:00;2023-02-22T00:00+01:00;2023-02-21;Totalt i retning Vinterbru;26913;100,0;24;24;0;594;97,79;24238;2081;630;806;489;156;151;5
68234V443152;Taraldrud;EV6 S14D1 m7727;2023-02-21T00:00+01:00;2023-02-22T00:00+01:00;2023-02-21;Totalt;54493;80,0;24;24;0;812;98,51;47284;6397;1612;1862;1261;1662;1553;109
68234V443152;Taraldrud;EV6 S14D1 m7727;2023-02-22T00:00+01:00;2023-02-23T00:00+01:00;2023-02-22;1;10961;100,0;24;24;0;72;99,34;10469;420;246;77;31;66;64;2
68234V443152;Taraldrud;EV6 S14D1 m7727;2023-02-22T00:00+01:00;2023-02-23T00:00+01:00;2023-02-22;2;10336;100,0;24;24;0;2;99,98;10223;111;57;25;23;6;6;0
68234V443152;Taraldrud;EV6 S14D1 m7727;2023-02-22T00:00+01:00;2023-02-23T00:00+01:00;2023-02-22;3;15322;100,0;24;24;0;74;99,52;11847;3401;596;890;622;1293;1191;102
68234V443152;Taraldrud;EV6 S14D1 m7727;2023-02-22T00:00+01:00;2023-02-23T00:00+01:00;2023-02-22;4;16507;100,0;24;24;0;600;96,37;13925;1982;633;755;443;151;148;3
68234V443152;Taraldrud;EV6 S14D1 m7727;2023-02-22T00:00+01:00;2023-02-23T00:00+01:00;2023-02-22;5;-;0,0;24;24;0;-;-;-;-;-;-;-;-;-;-
68234V443152;Taraldrud;EV6 S14D1 m7727;2023-02-22T00:00+01:00;2023-02-23T00:00+01:00;2023-02-22;Totalt i retning Oslo;26676;66,7;24;24;0;435;98,37;22424;3817;839;967;653;1358;1255;103
68234V443152;Taraldrud;EV6 S14D1 m7727;2023-02-22T00:00+01:00;2023-02-23T00:00+01:00;2023-02-22;Totalt i retning Vinterbru;26860;100,0;24;24;0;614;97,71;24149;2097;693;780;466;158;154;4
68234V443152;Taraldrud;EV6 S14D1 m7727;2023-02-22T00:00+01:00;2023-02-23T00:00+01:00;2023-02-22;Totalt;53536;80,0;24;24;0;1049;98,04;46573;5914;1532;1747;1119;1516;1409;107
68234V443152;Taraldrud;EV6 S14D1 m7727;2023-02-23T00:00+01:00;2023-02-24T00:00+01:00;2023-02-23;1;11166;100,0;24;24;0;2;99,98;10736;428;262;69;36;61;60;1
68234V443152;Taraldrud;EV6 S14D1 m7727;2023-02-23T00:00+01:00;2023-02-24T00:00+01:00;2023-02-23;2;10434;100,0;24;24;0;2;99,98;10329;103;51;24;25;3;3;0
68234V443152;Taraldrud;EV6 S14D1 m7727;2023-02-23T00:00+01:00;2023-02-24T00:00+01:00;2023-02-23;3;15816;100,0;24;24;0;12;99,92;12122;3682;672;1010;565;1435;1329;106
68234V443152;Taraldrud;EV6 S14D1 m7727;2023-02-23T00:00+01:00;2023-02-24T00:00+01:00;2023-02-23;4;16091;100,0;24;24;0;552;96,57;13507;2032;591;766;499;176;173;3
68234V443152;Taraldrud;EV6 S14D1 m7727;2023-02-23T00:00+01:00;2023-02-24T00:00+01:00;2023-02-23;5;-;0,0;24;24;0;-;-;-;-;-;-;-;-;-;-
68234V443152;Taraldrud;EV6 S14D1 m7727;2023-02-23T00:00+01:00;2023-02-24T00:00+01:00;2023-02-23;Totalt i retning Oslo;27188;66,7;24;24;0;157;99,42;22918;4113;934;1082;601;1496;1389;107
68234V443152;Taraldrud;EV6 S14D1 m7727;2023-02-23T00:00+01:00;2023-02-24T00:00+01:00;2023-02-23;Totalt i retning Vinterbru;26532;100,0;24;24;0;558;97,90;23839;2135;642;790;524;179;176;3
68234V443152;Taraldrud;EV6 S14D1 m7727;2023-02-23T00:00+01:00;2023-02-24T00:00+01:00;2023-02-23;Totalt;53720;80,0;24;24;0;715;98,67;46757;6248;1576;1872;1125;1675;1565;110
68234V443152;Taraldrud;EV6 S14D1 m7727;2023-02-24T00:00+01:00;2023-02-25T00:00+01:00;2023-02-24;1;9591;100,0;24;24;0;0;100,00;9194;397;245;76;30;46;45;1
68234V443152;Taraldrud;EV6 S14D1 m7727;2023-02-24T00:00+01:00;2023-02-25T00:00+01:00;2023-02-24;2;9697;100,0;24;24;0;2;99,98;9603;92;40;24;22;6;6;0
68234V443152;Taraldrud;EV6 S14D1 m7727;2023-02-24T00:00+01:00;2023-02-25T00:00+01:00;2023-02-24;3;14713;100,0;24;24;0;14;99,90;11660;3039;600;842;453;1144;1066;78
68234V443152;Taraldrud;EV6 S14D1 m7727;2023-02-24T00:00+01:00;2023-02-25T00:00+01:00;2023-02-24;4;15327;100,0;24;24;0;544;96,45;13075;1708;550;628;383;147;144;3
68234V443152;Taraldrud;EV6 S14D1 m7727;2023-02-24T00:00+01:00;2023-02-25T00:00+01:00;2023-02-24;5;-;0,0;24;24;0;-;-;-;-;-;-;-;-;-;-
68234V443152;Taraldrud;EV6 S14D1 m7727;2023-02-24T00:00+01:00;2023-02-25T00:00+01:00;2023-02-24;Totalt i retning Oslo;24428;66,7;24;24;0;73;99,70;20919;3436;844;918;483;1191;1112;79
68234V443152;Taraldrud;EV6 S14D1 m7727;2023-02-24T00:00+01:00;2023-02-25T00:00+01:00;2023-02-24;Totalt i retning Vinterbru;25031;100,0;24;24;0;549;97,81;22680;1802;593;652;405;152;149;3
68234V443152;Taraldrud;EV6 S14D1 m7727;2023-02-24T00:00+01:00;2023-02-25T00:00+01:00;2023-02-24;Totalt;49459;80,0;24;24;0;622;98,74;43599;5238;1437;1570;888;1343;1261;82
68234V443152;Taraldrud;EV6 S14D1 m7727;2023-02-25T00:00+01:00;2023-02-26T00:00+01:00;2023-02-25;1;5611;100,0;24;24;0;0;100,00;5533;78;50;13;9;6;6;0
68234V443152;Taraldrud;EV6 S14D1 m7727;2023-02-25T00:00+01:00;2023-02-26T00:00+01:00;2023-02-25;2;6627;100,0;24;24;0;0;100,00;6607;20;9;7;4;0;0;0
68234V443152;Taraldrud;EV6 S14D1 m7727;2023-02-25T00:00+01:00;2023-02-26T00:00+01:00;2023-02-25;3;12783;100,0;24;24;0;0;100,00;11964;819;239;217;129;234;223;11
68234V443152;Taraldrud;EV6 S14D1 m7727;2023-02-25T00:00+01:00;2023-02-26T00:00+01:00;2023-02-25;4;13937;100,0;24;24;0;144;98,97;13320;473;137;154;166;16;16;0
68234V443152;Taraldrud;EV6 S14D1 m7727;2023-02-25T00:00+01:00;2023-02-26T00:00+01:00;2023-02-25;5;-;0,0;24;24;0;-;-;-;-;-;-;-;-;-;-
68234V443152;Taraldrud;EV6 S14D1 m7727;2023-02-25T00:00+01:00;2023-02-26T00:00+01:00;2023-02-25;Totalt i retning Oslo;18443;66,7;24;24;0;31;99,83;17515;897;289;230;138;240;229;11
68234V443152;Taraldrud;EV6 S14D1 m7727;2023-02-25T00:00+01:00;2023-02-26T00:00+01:00;2023-02-25;Totalt i retning Vinterbru;20563;100,0;24;24;0;143;99,30;19927;493;146;161;170;16;16;0
68234V443152;Taraldrud;EV6 S14D1 m7727;2023-02-25T00:00+01:00;2023-02-26T00:00+01:00;2023-02-25;Totalt;39006;80,0;24;24;0;174;99,55;37442;1390;435;391;308;256;245;11
68234V443152;Taraldrud;EV6 S14D1 m7727;2023-02-26T00:00+01:00;2023-02-27T00:00+01:00;2023-02-26;1;6200;100,0;24;24;0;0;100,00;6109;91;58;13;9;11;9;2
68234V443152;Taraldrud;EV6 S14D1 m7727;2023-02-26T00:00+01:00;2023-02-27T00:00+01:00;2023-02-26;2;7618;100,0;24;24;0;3;99,96;7595;20;7;7;5;1;1;0
68234V443152;Taraldrud;EV6 S14D1 m7727;2023-02-26T00:00+01:00;2023-02-27T00:00+01:00;2023-02-26;3;12935;100,0;24;24;0;1;99,99;11934;1000;213;200;204;383;362;21
68234V443152;Taraldrud;EV6 S14D1 m7727;2023-02-26T00:00+01:00;2023-02-27T00:00+01:00;2023-02-26;4;14311;100,0;24;24;0;143;99,00;13751;417;129;152;122;14;14;0
68234V443152;Taraldrud;EV6 S14D1 m7727;2023-02-26T00:00+01:00;2023-02-27T00:00+01:00;2023-02-26;5;-;0,0;24;24;0;-;-;-;-;-;-;-;-;-;-
68234V443152;Taraldrud;EV6 S14D1 m7727;2023-02-26T00:00+01:00;2023-02-27T00:00+01:00;2023-02-26;Totalt i retning Oslo;19200;66,7;24;24;0;42;99,78;18065;1093;272;214;213;394;371;23
68234V443152;Taraldrud;EV6 S14D1 m7727;2023-02-26T00:00+01:00;2023-02-27T00:00+01:00;2023-02-26;Totalt i retning Vinterbru;21927;100,0;24;24;0;146;99,33;21346;435;135;158;127;15;15;0
68234V443152;Taraldrud;EV6 S14D1 m7727;2023-02-26T00:00+01:00;2023-02-27T00:00+01:00;2023-02-26;Totalt;41127;80,0;24;24;0;188;99,54;39411;1528;407;372;340;409;386;23
68234V443152;Taraldrud;EV6 S14D1 m7727;2023-02-27T00:00+01:00;2023-02-28T00:00+01:00;2023-02-27;1;10409;100,0;24;24;0;1;99,99;10012;396;271;52;24;49;46;3
68234V443152;Taraldrud;EV6 S14D1 m7727;2023-02-27T00:00+01:00;2023-02-28T00:00+01:00;2023-02-27;2;9883;100,0;24;24;0;4;99,96;9797;82;44;18;18;2;2;0
68234V443152;Taraldrud;EV6 S14D1 m7727;2023-02-27T00:00+01:00;2023-02-28T00:00+01:00;2023-02-27;3;15534;100,0;24;24;0;15;99,90;11900;3619;653;958;633;1375;1283;92
68234V443152;Taraldrud;EV6 S14D1 m7727;2023-02-27T00:00+01:00;2023-02-28T00:00+01:00;2023-02-27;4;16419;100,0;24;24;0;571;96,52;13949;1899;621;728;396;154;151;3
68234V443152;Taraldrud;EV6 S14D1 m7727;2023-02-27T00:00+01:00;2023-02-28T00:00+01:00;2023-02-27;5;-;0,0;24;24;0;-;-;-;-;-;-;-;-;-;-
68234V443152;Taraldrud;EV6 S14D1 m7727;2023-02-27T00:00+01:00;2023-02-28T00:00+01:00;2023-02-27;Totalt i retning Oslo;25954;66,7;24;24;0;26;99,90;21914;4014;924;1010;656;1424;1329;95
68234V443152;Taraldrud;EV6 S14D1 m7727;2023-02-27T00:00+01:00;2023-02-28T00:00+01:00;2023-02-27;Totalt i retning Vinterbru;26304;100,0;24;24;0;577;97,81;23745;1982;665;746;415;156;153;3
68234V443152;Taraldrud;EV6 S14D1 m7727;2023-02-27T00:00+01:00;2023-02-28T00:00+01:00;2023-02-27;Totalt;52258;80,0;24;24;0;603;98,85;45659;5996;1589;1756;1071;1580;1482;98
68234V443152;Taraldrud;EV6 S14D1 m7727;2023-02-28T00:00+01:00;2023-03-01T00:00+01:00;2023-02-28;1;11022;100,0;24;24;0;112;98,98;10395;515;337;81;33;64;60;4
68234V443152;Taraldrud;EV6 S14D1 m7727;2023-02-28T00:00+01:00;2023-03-01T00:00+01:00;2023-02-28;2;10385;100,0;24;24;0;6;99,94;10275;104;53;22;27;2;2;0
68234V443152;Taraldrud;EV6 S14D1 m7727;2023-02-28T00:00+01:00;2023-03-01T00:00+01:00;2023-02-28;3;15216;100,0;24;24;0;107;99,30;11513;3596;636;940;588;1432;1328;104
68234V443152;Taraldrud;EV6 S14D1 m7727;2023-02-28T00:00+01:00;2023-03-01T00:00+01:00;2023-02-28;4;16776;100,0;24;24;0;590;96,48;14186;2000;649;747;453;151;145;6
68234V443152;Taraldrud;EV6 S14D1 m7727;2023-02-28T00:00+01:00;2023-03-01T00:00+01:00;2023-02-28;5;-;0,0;24;24;0;-;-;-;-;-;-;-;-;-;-
68234V443152;Taraldrud;EV6 S14D1 m7727;2023-02-28T00:00+01:00;2023-03-01T00:00+01:00;2023-02-28;Totalt i retning Oslo;26236;66,7;24;24;0;218;99,17;21907;4111;973;1021;621;1496;1388;108
68234V443152;Taraldrud;EV6 S14D1 m7727;2023-02-28T00:00+01:00;2023-03-01T00:00+01:00;2023-02-28;Totalt i retning Vinterbru;27163;100,0;24;24;0;597;97,80;24462;2104;702;769;480;153;147;6
68234V443152;Taraldrud;EV6 S14D1 m7727;2023-02-28T00:00+01:00;2023-03-01T00:00+01:00;2023-02-28;Totalt;53399;80,0;24;24;0;815;98,47;46369;6215;1675;1790;1101;1649;1535;114
68539V625646;Karihaugen rampe mot Furuset;RV159 S1D1 m1206;2022-11-01T00:00+01:00;2022-11-02T00:00+01:00;2022-11-01;1;14814;100,0;24;24;0;34;99,77;13646;1134;548;322;122;142;136;6
68539V625646;Karihaugen rampe mot Furuset;RV159 S1D1 m1206;2022-11-01T00:00+01:00;2022-11-02T00:00+01:00;2022-11-01;3;14136;100,0;24;24;0;34;99,76;11530;2572;862;867;353;490;469;21
68539V625646;Karihaugen rampe mot Furuset;RV159 S1D1 m1206;2022-11-01T00:00+01:00;2022-11-02T00:00+01:00;2022-11-01;5;-;0,0;24;24;0;-;-;-;-;-;-;-;-;-;-
68539V625646;Karihaugen rampe mot Furuset;RV159 S1D1 m1206;2022-11-01T00:00+01:00;2022-11-02T00:00+01:00;2022-11-01;Totalt i retning Furuset;28949;66,7;24;24;0;67;99,77;25176;3706;1410;1189;475;632;605;27
68539V625646;Karihaugen rampe mot Furuset;RV159 S1D1 m1206;2022-11-01T00:00+01:00;2022-11-02T00:00+01:00;2022-11-01;Totalt i retning Skårer;1;66,7;24;24;0;1;0,00;-;-;-;-;-;-;-;-
68539V625646;Karihaugen rampe mot Furuset;RV159 S1D1 m1206;2022-11-01T00:00+01:00;2022-11-02T00:00+01:00;2022-11-01;Totalt;28950;66,7;24;24;0;68;99,77;25176;3706;1410;1189;475;632;605;27
68539V625646;Karihaugen rampe mot Furuset;RV159 S1D1 m1206;2022-11-02T00:00+01:00;2022-11-03T00:00+01:00;2022-11-02;1;16163;100,0;24;24;0;2;99,99;15026;1135;561;335;102;137;132;5
68539V625646;Karihaugen rampe mot Furuset;RV159 S1D1 m1206;2022-11-02T00:00+01:00;2022-11-03T00:00+01:00;2022-11-02;3;14422;100,0;24;24;0;4;99,97;11787;2631;844;925;369;493;482;11
68539V625646;Karihaugen rampe mot Furuset;RV159 S1D1 m1206;2022-11-02T00:00+01:00;2022-11-03T00:00+01:00;2022-11-02;5;-;0,0;24;24;0;-;-;-;-;-;-;-;-;-;-
68539V625646;Karihaugen rampe mot Furuset;RV159 S1D1 m1206;2022-11-02T00:00+01:00;2022-11-03T00:00+01:00;2022-11-02;Totalt i retning Furuset;30584;66,7;24;24;0;5;99,98;26813;3766;1405;1260;471;630;614;16
68539V625646;Karihaugen rampe mot Furuset;RV159 S1D1 m1206;2022-11-02T00:00+01:00;2022-11-03T00:00+01:00;2022-11-02;Totalt i retning Skårer;1;66,7;24;24;0;1;0,00;-;-;-;-;-;-;-;-
68539V625646;Karihaugen rampe mot Furuset;RV159 S1D1 m1206;2022-11-02T00:00+01:00;2022-11-03T00:00+01:00;2022-11-02;Totalt;30585;66,7;24;24;0;6;99,98;26813;3766;1405;1260;471;630;614;16
68539V625646;Karihaugen rampe mot Furuset;RV159 S1D1 m1206;2022-11-03T00:00+01:00;2022-11-04T00:00+01:00;2022-11-03;1;16465;100,0;24;24;0;3;99,98;15283;1179;579;337;120;143;138;5
68539V625646;Karihaugen rampe mot Furuset;RV159 S1D1 m1206;2022-11-03T00:00+01:00;2022-11-04T00:00+01:00;2022-11-03;3;14116;100,0;24;24;0;2;99,99;11714;2400;737;822;369;472;460;12
68539V625646;Karihaugen rampe mot Furuset;RV159 S1D1 m1206;2022-11-03T00:00+01:00;2022-11-04T00:00+01:00;2022-11-03;5;-;0,0;24;24;0;-;-;-;-;-;-;-;-;-;-
68539V625646;Karihaugen rampe mot Furuset;RV159 S1D1 m1206;2022-11-03T00:00+01:00;2022-11-04T00:00+01:00;2022-11-03;Totalt i retning Furuset;30581;66,7;24;24;0;5;99,98;26997;3579;1316;1159;489;615;598;17
68539V625646;Karihaugen rampe mot Furuset;RV159 S1D1 m1206;2022-11-03T00:00+01:00;2022-11-04T00:00+01:00;2022-11-03;Totalt i retning Skårer;0;66,7;24;24;0;0;100,00;-;-;-;-;-;-;-;-
68539V625646;Karihaugen rampe mot Furuset;RV159 S1D1 m1206;2022-11-03T00:00+01:00;2022-11-04T00:00+01:00;2022-11-03;Totalt;30581;66,7;24;24;0;5;99,98;26997;3579;1316;1159;489;615;598;17
68539V625646;Karihaugen rampe mot Furuset;RV159 S1D1 m1206;2022-11-04T00:00+01:00;2022-11-05T00:00+01:00;2022-11-04;1;15768;100,0;24;24;0;1;99,99;14742;1025;488;311;92;134;126;8
68539V625646;Karihaugen rampe mot Furuset;RV159 S1D1 m1206;2022-11-04T00:00+01:00;2022-11-05T00:00+01:00;2022-11-04;3;14036;100,0;24;24;0;2;99,99;11713;2321;750;792;347;432;420;12
68539V625646;Karihaugen rampe mot Furuset;RV159 S1D1 m1206;2022-11-04T00:00+01:00;2022-11-05T00:00+01:00;2022-11-04;5;-;0,0;24;24;0;-;-;-;-;-;-;-;-;-;-
68539V625646;Karihaugen rampe mot Furuset;RV159 S1D1 m1206;2022-11-04T00:00+01:00;2022-11-05T00:00+01:00;2022-11-04;Totalt i retning Furuset;29802;66,7;24;24;0;2;99,99;26455;3345;1238;1102;439;566;546;20
68539V625646;Karihaugen rampe mot Furuset;RV159 S1D1 m1206;2022-11-04T00:00+01:00;2022-11-05T00:00+01:00;2022-11-04;Totalt i retning Skårer;2;66,7;24;24;0;2;0,00;-;-;-;-;-;-;-;-
68539V625646;Karihaugen rampe mot Furuset;RV159 S1D1 m1206;2022-11-04T00:00+01:00;2022-11-05T00:00+01:00;2022-11-04;Totalt;29804;66,7;24;24;0;3;99,99;26455;3346;1238;1103;439;566;546;20
68539V625646;Karihaugen rampe mot Furuset;RV159 S1D1 m1206;2022-11-05T00:00+01:00;2022-11-06T00:00+01:00;2022-11-05;1;9735;100,0;24;24;0;1;99,99;9517;217;138;54;10;15;15;0
68539V625646;Karihaugen rampe mot Furuset;RV159 S1D1 m1206;2022-11-05T00:00+01:00;2022-11-06T00:00+01:00;2022-11-05;3;12031;100,0;24;24;0;0;100,00;11258;773;334;244;42;153;153;0
68539V625646;Karihaugen rampe mot Furuset;RV159 S1D1 m1206;2022-11-05T00:00+01:00;2022-11-06T00:00+01:00;2022-11-05;5;-;0,0;24;24;0;-;-;-;-;-;-;-;-;-;-
68539V625646;Karihaugen rampe mot Furuset;RV159 S1D1 m1206;2022-11-05T00:00+01:00;2022-11-06T00:00+01:00;2022-11-05;Totalt i retning Furuset;21766;66,7;24;24;0;1;100,00;20775;990;472;298;52;168;168;0
68539V625646;Karihaugen rampe mot Furuset;RV159 S1D1 m1206;2022-11-05T00:00+01:00;2022-11-06T00:00+01:00;2022-11-05;Totalt i retning Skårer;0;66,7;24;24;0;0;100,00;-;-;-;-;-;-;-;-
68539V625646;Karihaugen rampe mot Furuset;RV159 S1D1 m1206;2022-11-05T00:00+01:00;2022-11-06T00:00+01:00;2022-11-05;Totalt;21766;66,7;24;24;0;1;100,00;20775;990;472;298;52;168;168;0
68539V625646;Karihaugen rampe mot Furuset;RV159 S1D1 m1206;2022-11-06T00:00+01:00;2022-11-07T00:00+01:00;2022-11-06;1;7335;100,0;24;24;0;68;99,07;7119;148;100;32;5;11;10;1
68539V625646;Karihaugen rampe mot Furuset;RV159 S1D1 m1206;2022-11-06T00:00+01:00;2022-11-07T00:00+01:00;2022-11-06;3;9768;100,0;24;24;0;83;99,15;9151;534;213;181;29;111;106;5
68539V625646;Karihaugen rampe mot Furuset;RV159 S1D1 m1206;2022-11-06T00:00+01:00;2022-11-07T00:00+01:00;2022-11-06;5;-;0,0;24;24;0;-;-;-;-;-;-;-;-;-;-
68539V625646;Karihaugen rampe mot Furuset;RV159 S1D1 m1206;2022-11-06T00:00+01:00;2022-11-07T00:00+01:00;2022-11-06;Totalt i retning Furuset;17101;66,7;24;24;0;149;99,13;16270;682;313;213;34;122;116;6
68539V625646;Karihaugen rampe mot Furuset;RV159 S1D1 m1206;2022-11-06T00:00+01:00;2022-11-07T00:00+01:00;2022-11-06;Totalt i retning Skårer;2;66,7;24;24;0;2;0,00;-;-;-;-;-;-;-;-
68539V625646;Karihaugen rampe mot Furuset;RV159 S1D1 m1206;2022-11-06T00:00+01:00;2022-11-07T00:00+01:00;2022-11-06;Totalt;17103;66,7;24;24;0;151;99,12;16270;682;313;213;34;122;116;6
68539V625646;Karihaugen rampe mot Furuset;RV159 S1D1 m1206;2022-11-07T00:00+01:00;2022-11-08T00:00+01:00;2022-11-07;1;15427;100,0;24;24;0;1;99,99;14369;1057;527;296;93;141;132;9
68539V625646;Karihaugen rampe mot Furuset;RV159 S1D1 m1206;2022-11-07T00:00+01:00;2022-11-08T00:00+01:00;2022-11-07;3;13965;100,0;24;24;0;2;99,99;11260;2703;828;929;434;512;497;15
68539V625646;Karihaugen rampe mot Furuset;RV159 S1D1 m1206;2022-11-07T00:00+01:00;2022-11-08T00:00+01:00;2022-11-07;5;-;0,0;24;24;0;-;-;-;-;-;-;-;-;-;-
68539V625646;Karihaugen rampe mot Furuset;RV159 S1D1 m1206;2022-11-07T00:00+01:00;2022-11-08T00:00+01:00;2022-11-07;Totalt i retning Furuset;29392;66,7;24;24;0;3;99,99;25629;3760;1355;1225;527;653;629;24
68539V625646;Karihaugen rampe mot Furuset;RV159 S1D1 m1206;2022-11-07T00:00+01:00;2022-11-08T00:00+01:00;2022-11-07;Totalt i retning Skårer;0;66,7;24;24;0;0;100,00;-;-;-;-;-;-;-;-
68539V625646;Karihaugen rampe mot Furuset;RV159 S1D1 m1206;2022-11-07T00:00+01:00;2022-11-08T00:00+01:00;2022-11-07;Totalt;29392;66,7;24;24;0;3;99,99;25629;3760;1355;1225;527;653;629;24
68539V625646;Karihaugen rampe mot Furuset;RV159 S1D1 m1206;2022-11-08T00:00+01:00;2022-11-09T00:00+01:00;2022-11-08;1;15572;100,0;24;24;0;2;99,99;14529;1041;507;317;91;126;121;5
68539V625646;Karihaugen rampe mot Furuset;RV159 S1D1 m1206;2022-11-08T00:00+01:00;2022-11-09T00:00+01:00;2022-11-08;3;14019;100,0;24;24;0;6;99,96;11461;2552;793;877;401;481;470;11
68539V625646;Karihaugen rampe mot Furuset;RV159 S1D1 m1206;2022-11-08T00:00+01:00;2022-11-09T00:00+01:00;2022-11-08;5;-;0,0;24;24;0;-;-;-;-;-;-;-;-;-;-
68539V625646;Karihaugen rampe mot Furuset;RV159 S1D1 m1206;2022-11-08T00:00+01:00;2022-11-09T00:00+01:00;2022-11-08;Totalt i retning Furuset;29591;66,7;24;24;0;8;99,97;25990;3593;1300;1194;492;607;591;16
68539V625646;Karihaugen rampe mot Furuset;RV159 S1D1 m1206;2022-11-08T00:00+01:00;2022-11-09T00:00+01:00;2022-11-08;Totalt i retning Skårer;0;66,7;24;24;0;0;100,00;-;-;-;-;-;-;-;-
68539V625646;Karihaugen rampe mot Furuset;RV159 S1D1 m1206;2022-11-08T00:00+01:00;2022-11-09T00:00+01:00;2022-11-08;Totalt;29591;66,7;24;24;0;8;99,97;25990;3593;1300;1194;492;607;591;16
68539V625646;Karihaugen rampe mot Furuset;RV159 S1D1 m1206;2022-11-09T00:00+01:00;2022-11-10T00:00+01:00;2022-11-09;1;15586;100,0;24;24;0;27;99,83;14443;1116;531;314;121;150;143;7
68539V625646;Karihaugen rampe mot Furuset;RV159 S1D1 m1206;2022-11-09T00:00+01:00;2022-11-10T00:00+01:00;2022-11-09;3;14772;100,0;24;24;0;32;99,78;11985;2755;907;933;384;531;513;18
68539V625646;Karihaugen rampe mot Furuset;RV159 S1D1 m1206;2022-11-09T00:00+01:00;2022-11-10T00:00+01:00;2022-11-09;5;-;0,0;24;24;0;-;-;-;-;-;-;-;-;-;-
68539V625646;Karihaugen rampe mot Furuset;RV159 S1D1 m1206;2022-11-09T00:00+01:00;2022-11-10T00:00+01:00;2022-11-09;Totalt i retning Furuset;30356;66,7;24;24;0;57;99,81;26428;3871;1438;1247;505;681;656;25
68539V625646;Karihaugen rampe mot Furuset;RV159 S1D1 m1206;2022-11-09T00:00+01:00;2022-11-10T00:00+01:00;2022-11-09;Totalt i retning Skårer;2;66,7;24;24;0;2;0,00;-;-;-;-;-;-;-;-
68539V625646;Karihaugen rampe mot Furuset;RV159 S1D1 m1206;2022-11-09T00:00+01:00;2022-11-10T00:00+01:00;2022-11-09;Totalt;30358;66,7;24;24;0;59;99,81;26428;3871;1438;1247;505;681;656;25
68539V625646;Karihaugen rampe mot Furuset;RV159 S1D1 m1206;2022-11-10T00:00+01:00;2022-11-11T00:00+01:00;2022-11-10;1;16102;100,0;24;24;0;3;99,98;14933;1166;551;352;125;138;135;3
68539V625646;Karihaugen rampe mot Furuset;RV159 S1D1 m1206;2022-11-10T00:00+01:00;2022-11-11T00:00+01:00;2022-11-10;3;14311;100,0;24;24;0;10;99,93;11634;2667;867;925;363;512;501;11
68539V625646;Karihaugen rampe mot Furuset;RV159 S1D1 m1206;2022-11-10T00:00+01:00;2022-11-11T00:00+01:00;2022-11-10;5;-;0,0;24;24;0;-;-;-;-;-;-;-;-;-;-
68539V625646;Karihaugen rampe mot Furuset;RV159 S1D1 m1206;2022-11-10T00:00+01:00;2022-11-11T00:00+01:00;2022-11-10;Totalt i retning Furuset;30413;66,7;24;24;0;13;99,96;26567;3833;1418;1277;488;650;636;14
68539V625646;Karihaugen rampe mot Furuset;RV159 S1D1 m1206;2022-11-10T00:00+01:00;2022-11-11T00:00+01:00;2022-11-10;Totalt i retning Skårer;0;66,7;24;24;0;0;100,00;-;-;-;-;-;-;-;-
68539V625646;Karihaugen rampe mot Furuset;RV159 S1D1 m1206;2022-11-10T00:00+01:00;2022-11-11T00:00+01:00;2022-11-10;Totalt;30413;66,7;24;24;0;13;99,96;26567;3833;1418;1277;488;650;636;14
68539V625646;Karihaugen rampe mot Furuset;RV159 S1D1 m1206;2022-11-11T00:00+01:00;2022-11-12T00:00+01:00;2022-11-11;1;15865;100,0;24;24;0;3;99,98;14908;954;498;270;79;107;102;5
68539V625646;Karihaugen rampe mot Furuset;RV159 S1D1 m1206;2022-11-11T00:00+01:00;2022-11-12T00:00+01:00;2022-11-11;3;14152;100,0;24;24;0;3;99,98;11668;2481;844;855;353;429;418;11
68539V625646;Karihaugen rampe mot Furuset;RV159 S1D1 m1206;2022-11-11T00:00+01:00;2022-11-12T00:00+01:00;2022-11-11;5;18;45,8;24;24;0;1;94,44;15;2;0;1;0;1;1;0
68539V625646;Karihaugen rampe mot Furuset;RV159 S1D1 m1206;2022-11-11T00:00+01:00;2022-11-12T00:00+01:00;2022-11-11;Totalt i retning Furuset;30034;81,9;24;24;0;6;99,98;26591;3437;1342;1126;432;537;521;16
68539V625646;Karihaugen rampe mot Furuset;RV159 S1D1 m1206;2022-11-11T00:00+01:00;2022-11-12T00:00+01:00;2022-11-11;Totalt i retning Skårer;1;81,9;24;24;0;1;0,00;-;-;-;-;-;-;-;-
68539V625646;Karihaugen rampe mot Furuset;RV159 S1D1 m1206;2022-11-11T00:00+01:00;2022-11-12T00:00+01:00;2022-11-11;Totalt;30035;81,9;24;24;0;7;99,98;26591;3437;1342;1126;432;537;521;16
68539V625646;Karihaugen rampe mot Furuset;RV159 S1D1 m1206;2022-11-12T00:00+01:00;2022-11-13T00:00+01:00;2022-11-12;1;10595;100,0;24;24;0;0;100,00;10379;216;135;68;7;6;6;0
68539V625646;Karihaugen rampe mot Furuset;RV159 S1D1 m1206;2022-11-12T00:00+01:00;2022-11-13T00:00+01:00;2022-11-12;3;12629;100,0;24;24;0;2;99,98;11914;713;308;233;32;140;139;1
68539V625646;Karihaugen rampe mot Furuset;RV159 S1D1 m1206;2022-11-12T00:00+01:00;2022-11-13T00:00+01:00;2022-11-12;5;45;100,0;24;24;0;0;100,00;40;5;1;1;0;3;3;0
68539V625646;Karihaugen rampe mot Furuset;RV159 S1D1 m1206;2022-11-12T00:00+01:00;2022-11-13T00:00+01:00;2022-11-12;Totalt i retning Furuset;23269;100,0;24;24;0;2;99,99;22333;934;444;302;39;149;148;1
68539V625646;Karihaugen rampe mot Furuset;RV159 S1D1 m1206;2022-11-12T00:00+01:00;2022-11-13T00:00+01:00;2022-11-12;Totalt i retning Skårer;0;100,0;24;24;0;0;100,00;-;-;-;-;-;-;-;-
68539V625646;Karihaugen rampe mot Furuset;RV159 S1D1 m1206;2022-11-12T00:00+01:00;2022-11-13T00:00+01:00;2022-11-12;Totalt;23269;100,0;24;24;0;2;99,99;22333;934;444;302;39;149;148;1
68539V625646;Karihaugen rampe mot Furuset;RV159 S1D1 m1206;2022-11-13T00:00+01:00;2022-11-14T00:00+01:00;2022-11-13;1;8054;100,0;24;24;0;0;100,00;7927;127;79;37;3;8;8;0
68539V625646;Karihaugen rampe mot Furuset;RV159 S1D1 m1206;2022-11-13T00:00+01:00;2022-11-14T00:00+01:00;2022-11-13;3;10541;100,0;24;24;0;1;99,99;9992;548;231;158;37;122;120;2
68539V625646;Karihaugen rampe mot Furuset;RV159 S1D1 m1206;2022-11-13T00:00+01:00;2022-11-14T00:00+01:00;2022-11-13;5;28;100,0;24;24;0;1;96,43;21;6;1;3;1;1;1;0
68539V625646;Karihaugen rampe mot Furuset;RV159 S1D1 m1206;2022-11-13T00:00+01:00;2022-11-14T00:00+01:00;2022-11-13;Totalt i retning Furuset;18623;100,0;24;24;0;2;99,99;17940;681;311;198;41;131;129;2
68539V625646;Karihaugen rampe mot Furuset;RV159 S1D1 m1206;2022-11-13T00:00+01:00;2022-11-14T00:00+01:00;2022-11-13;Totalt i retning Skårer;0;100,0;24;24;0;0;100,00;-;-;-;-;-;-;-;-
68539V625646;Karihaugen rampe mot Furuset;RV159 S1D1 m1206;2022-11-13T00:00+01:00;2022-11-14T00:00+01:00;2022-11-13;Totalt;18623;100,0;24;24;0;2;99,99;17940;681;311;198;41;131;129;2
68539V625646;Karihaugen rampe mot Furuset;RV159 S1D1 m1206;2022-11-14T00:00+01:00;2022-11-15T00:00+01:00;2022-11-14;1;15556;100,0;24;24;0;2;99,99;14508;1046;493;325;99;129;123;6
68539V625646;Karihaugen rampe mot Furuset;RV159 S1D1 m1206;2022-11-14T00:00+01:00;2022-11-15T00:00+01:00;2022-11-14;3;14196;100,0;24;24;0;9;99,94;11478;2709;857;975;369;508;497;11
68539V625646;Karihaugen rampe mot Furuset;RV159 S1D1 m1206;2022-11-14T00:00+01:00;2022-11-15T00:00+01:00;2022-11-14;5;191;100,0;24;24;0;1;99,48;164;26;1;5;15;5;5;0
68539V625646;Karihaugen rampe mot Furuset;RV159 S1D1 m1206;2022-11-14T00:00+01:00;2022-11-15T00:00+01:00;2022-11-14;Totalt i retning Furuset;29941;100,0;24;24;0;10;99,97;26150;3781;1351;1305;483;642;625;17
68539V625646;Karihaugen rampe mot Furuset;RV159 S1D1 m1206;2022-11-14T00:00+01:00;2022-11-15T00:00+01:00;2022-11-14;Totalt i retning Skårer;2;100,0;24;24;0;2;0,00;-;-;-;-;-;-;-;-
68539V625646;Karihaugen rampe mot Furuset;RV159 S1D1 m1206;2022-11-14T00:00+01:00;2022-11-15T00:00+01:00;2022-11-14;Totalt;29943;100,0;24;24;0;12;99,96;26150;3781;1351;1305;483;642;625;17
68539V625646;Karihaugen rampe mot Furuset;RV159 S1D1 m1206;2022-11-15T00:00+01:00;2022-11-16T00:00+01:00;2022-11-15;1;16116;100,0;24;24;0;4;99,98;15028;1084;534;301;97;152;148;4
68539V625646;Karihaugen rampe mot Furuset;RV159 S1D1 m1206;2022-11-15T00:00+01:00;2022-11-16T00:00+01:00;2022-11-15;3;15008;100,0;24;24;0;9;99,94;12222;2777;912;973;386;506;492;14
68539V625646;Karihaugen rampe mot Furuset;RV159 S1D1 m1206;2022-11-15T00:00+01:00;2022-11-16T00:00+01:00;2022-11-15;5;241;100,0;24;24;0;0;100,00;207;34;6;5;16;7;7;0
68539V625646;Karihaugen rampe mot Furuset;RV159 S1D1 m1206;2022-11-15T00:00+01:00;2022-11-16T00:00+01:00;2022-11-15;Totalt i retning Furuset;31365;100,0;24;24;0;13;99,96;27457;3895;1452;1279;499;665;647;18
68539V625646;Karihaugen rampe mot Furuset;RV159 S1D1 m1206;2022-11-15T00:00+01:00;2022-11-16T00:00+01:00;2022-11-15;Totalt i retning Skårer;0;100,0;24;24;0;0;100,00;-;-;-;-;-;-;-;-
68539V625646;Karihaugen rampe mot Furuset;RV159 S1D1 m1206;2022-11-15T00:00+01:00;2022-11-16T00:00+01:00;2022-11-15;Totalt;31365;100,0;24;24;0;13;99,96;27457;3895;1452;1279;499;665;647;18
68539V625646;Karihaugen rampe mot Furuset;RV159 S1D1 m1206;2022-11-16T00:00+01:00;2022-11-17T00:00+01:00;2022-11-16;1;15903;100,0;24;24;0;11;99,93;14790;1102;526;312;123;141;135;6
68539V625646;Karihaugen rampe mot Furuset;RV159 S1D1 m1206;2022-11-16T00:00+01:00;2022-11-17T00:00+01:00;2022-11-16;3;14757;100,0;24;24;0;12;99,92;12032;2713;844;915;436;518;506;12
68539V625646;Karihaugen rampe mot Furuset;RV159 S1D1 m1206;2022-11-16T00:00+01:00;2022-11-17T00:00+01:00;2022-11-16;5;307;100,0;24;24;0;4;98,70;257;46;8;3;22;13;13;0
68539V625646;Karihaugen rampe mot Furuset;RV159 S1D1 m1206;2022-11-16T00:00+01:00;2022-11-17T00:00+01:00;2022-11-16;Totalt i retning Furuset;30965;100,0;24;24;0;26;99,92;27079;3860;1378;1229;581;672;654;18
68539V625646;Karihaugen rampe mot Furuset;RV159 S1D1 m1206;2022-11-16T00:00+01:00;2022-11-17T00:00+01:00;2022-11-16;Totalt i retning Skårer;2;100,0;24;24;0;2;0,00;-;-;-;-;-;-;-;-
68539V625646;Karihaugen rampe mot Furuset;RV159 S1D1 m1206;2022-11-16T00:00+01:00;2022-11-17T00:00+01:00;2022-11-16;Totalt;30967;100,0;24;24;0;27;99,91;27079;3861;1378;1230;581;672;654;18
68539V625646;Karihaugen rampe mot Furuset;RV159 S1D1 m1206;2022-11-17T00:00+01:00;2022-11-18T00:00+01:00;2022-11-17;1;16911;100,0;24;24;0;0;100,00;15826;1085;558;307;95;125;119;6
68539V625646;Karihaugen rampe mot Furuset;RV159 S1D1 m1206;2022-11-17T00:00+01:00;2022-11-18T00:00+01:00;2022-11-17;3;14826;100,0;24;24;0;7;99,95;12204;2615;864;911;349;491;482;9
68539V625646;Karihaugen rampe mot Furuset;RV159 S1D1 m1206;2022-11-17T00:00+01:00;2022-11-18T00:00+01:00;2022-11-17;5;88;100,0;24;24;0;1;98,86;66;21;1;4;4;12;11;1
68539V625646;Karihaugen rampe mot Furuset;RV159 S1D1 m1206;2022-11-17T00:00+01:00;2022-11-18T00:00+01:00;2022-11-17;Totalt i retning Furuset;31824;100,0;24;24;0;7;99,98;28096;3721;1423;1222;448;628;612;16
68539V625646;Karihaugen rampe mot Furuset;RV159 S1D1 m1206;2022-11-17T00:00+01:00;2022-11-18T00:00+01:00;2022-11-17;Totalt i retning Skårer;1;100,0;24;24;0;1;0,00;-;-;-;-;-;-;-;-
68539V625646;Karihaugen rampe mot Furuset;RV159 S1D1 m1206;2022-11-17T00:00+01:00;2022-11-18T00:00+01:00;2022-11-17;Totalt;31825;100,0;24;24;0;8;99,97;28096;3721;1423;1222;448;628;612;16
68539V625646;Karihaugen rampe mot Furuset;RV159 S1D1 m1206;2022-11-18T00:00+01:00;2022-11-19T00:00+01:00;2022-11-18;1;15860;100,0;24;24;0;4;99,97;14909;947;485;262;87;113;109;4
68539V625646;Karihaugen rampe mot Furuset;RV159 S1D1 m1206;2022-11-18T00:00+01:00;2022-11-19T00:00+01:00;2022-11-18;3;14281;100,0;24;24;0;4;99,97;11856;2421;818;826;321;456;445;11
68539V625646;Karihaugen rampe mot Furuset;RV159 S1D1 m1206;2022-11-18T00:00+01:00;2022-11-19T00:00+01:00;2022-11-18;5;69;100,0;24;24;0;3;95,65;60;6;2;1;1;2;2;0
68539V625646;Karihaugen rampe mot Furuset;RV159 S1D1 m1206;2022-11-18T00:00+01:00;2022-11-19T00:00+01:00;2022-11-18;Totalt i retning Furuset;30210;100,0;24;24;0;11;99,96;26825;3374;1305;1089;409;571;556;15
68539V625646;Karihaugen rampe mot Furuset;RV159 S1D1 m1206;2022-11-18T00:00+01:00;2022-11-19T00:00+01:00;2022-11-18;Totalt i retning Skårer;0;100,0;24;24;0;0;100,00;-;-;-;-;-;-;-;-
68539V625646;Karihaugen rampe mot Furuset;RV159 S1D1 m1206;2022-11-18T00:00+01:00;2022-11-19T00:00+01:00;2022-11-18;Totalt;30210;100,0;24;24;0;11;99,96;26825;3374;1305;1089;409;571;556;15
68539V625646;Karihaugen rampe mot Furuset;RV159 S1D1 m1206;2022-11-19T00:00+01:00;2022-11-20T00:00+01:00;2022-11-19;1;10209;100,0;24;24;0;0;100,00;9995;214;139;63;3;9;9;0
68539V625646;Karihaugen rampe mot Furuset;RV159 S1D1 m1206;2022-11-19T00:00+01:00;2022-11-20T00:00+01:00;2022-11-19;3;12443;100,0;24;24;0;1;99,99;11709;733;297;272;27;137;136;1
68539V625646;Karihaugen rampe mot Furuset;RV159 S1D1 m1206;2022-11-19T00:00+01:00;2022-11-20T00:00+01:00;2022-11-19;5;28;100,0;24;24;0;0;100,00;26;2;0;1;0;1;1;0
68539V625646;Karihaugen rampe mot Furuset;RV159 S1D1 m1206;2022-11-19T00:00+01:00;2022-11-20T00:00+01:00;2022-11-19;Totalt i retning Furuset;22680;100,0;24;24;0;1;100,00;21730;949;436;336;30;147;146;1
68539V625646;Karihaugen rampe mot Furuset;RV159 S1D1 m1206;2022-11-19T00:00+01:00;2022-11-20T00:00+01:00;2022-11-19;Totalt i retning Skårer;0;100,0;24;24;0;0;100,00;-;-;-;-;-;-;-;-
68539V625646;Karihaugen rampe mot Furuset;RV159 S1D1 m1206;2022-11-19T00:00+01:00;2022-11-20T00:00+01:00;2022-11-19;Totalt;22680;100,0;24;24;0;1;100,00;21730;949;436;336;30;147;146;1
68539V625646;Karihaugen rampe mot Furuset;RV159 S1D1 m1206;2022-11-20T00:00+01:00;2022-11-21T00:00+01:00;2022-11-20;1;7441;100,0;24;24;0;0;100,00;7296;145;88;30;5;22;21;1
68539V625646;Karihaugen rampe mot Furuset;RV159 S1D1 m1206;2022-11-20T00:00+01:00;2022-11-21T00:00+01:00;2022-11-20;3;9984;100,0;24;24;0;1;99,99;9440;543;203;196;30;114;112;2
68539V625646;Karihaugen rampe mot Furuset;RV159 S1D1 m1206;2022-11-20T00:00+01:00;2022-11-21T00:00+01:00;2022-11-20;5;11;100,0;24;24;0;0;100,00;10;1;0;1;0;0;0;0
68539V625646;Karihaugen rampe mot Furuset;RV159 S1D1 m1206;2022-11-20T00:00+01:00;2022-11-21T00:00+01:00;2022-11-20;Totalt i retning Furuset;17436;100,0;24;24;0;1;99,99;16746;689;291;227;35;136;133;3
68539V625646;Karihaugen rampe mot Furuset;RV159 S1D1 m1206;2022-11-20T00:00+01:00;2022-11-21T00:00+01:00;2022-11-20;Totalt i retning Skårer;0;100,0;24;24;0;0;100,00;-;-;-;-;-;-;-;-
68539V625646;Karihaugen rampe mot Furuset;RV159 S1D1 m1206;2022-11-20T00:00+01:00;2022-11-21T00:00+01:00;2022-11-20;Totalt;17436;100,0;24;24;0;1;99,99;16746;689;291;227;35;136;133;3
68539V625646;Karihaugen rampe mot Furuset;RV159 S1D1 m1206;2022-11-21T00:00+01:00;2022-11-22T00:00+01:00;2022-11-21;1;15776;100,0;24;24;0;40;99,75;14623;1113;527;332;95;159;154;5
68539V625646;Karihaugen rampe mot Furuset;RV159 S1D1 m1206;2022-11-21T00:00+01:00;2022-11-22T00:00+01:00;2022-11-21;3;14127;100,0;24;24;0;35;99,75;11466;2626;844;893;357;532;513;19
68539V625646;Karihaugen rampe mot Furuset;RV159 S1D1 m1206;2022-11-21T00:00+01:00;2022-11-22T00:00+01:00;2022-11-21;5;68;100,0;24;24;0;0;100,00;53;15;2;4;5;4;4;0
68539V625646;Karihaugen rampe mot Furuset;RV159 S1D1 m1206;2022-11-21T00:00+01:00;2022-11-22T00:00+01:00;2022-11-21;Totalt i retning Furuset;29971;100,0;24;24;0;75;99,75;26142;3754;1373;1229;457;695;671;24
68539V625646;Karihaugen rampe mot Furuset;RV159 S1D1 m1206;2022-11-21T00:00+01:00;2022-11-22T00:00+01:00;2022-11-21;Totalt i retning Skårer;0;100,0;24;24;0;0;100,00;-;-;-;-;-;-;-;-
68539V625646;Karihaugen rampe mot Furuset;RV159 S1D1 m1206;2022-11-21T00:00+01:00;2022-11-22T00:00+01:00;2022-11-21;Totalt;29971;100,0;24;24;0;75;99,75;26142;3754;1373;1229;457;695;671;24
68539V625646;Karihaugen rampe mot Furuset;RV159 S1D1 m1206;2022-11-22T00:00+01:00;2022-11-23T00:00+01:00;2022-11-22;1;16029;100,0;24;24;0;2;99,99;14977;1050;516;311;85;138;133;5
68539V625646;Karihaugen rampe mot Furuset;RV159 S1D1 m1206;2022-11-22T00:00+01:00;2022-11-23T00:00+01:00;2022-11-22;3;14309;100,0;24;24;0;13;99,91;11645;2651;901;938;296;516;503;13
68539V625646;Karihaugen rampe mot Furuset;RV159 S1D1 m1206;2022-11-22T00:00+01:00;2022-11-23T00:00+01:00;2022-11-22;5;81;100,0;24;24;0;2;97,53;74;5;0;0;3;2;2;0
68539V625646;Karihaugen rampe mot Furuset;RV159 S1D1 m1206;2022-11-22T00:00+01:00;2022-11-23T00:00+01:00;2022-11-22;Totalt i retning Furuset;30415;100,0;24;24;0;13;99,96;26696;3706;1417;1249;384;656;638;18
68539V625646;Karihaugen rampe mot Furuset;RV159 S1D1 m1206;2022-11-22T00:00+01:00;2022-11-23T00:00+01:00;2022-11-22;Totalt i retning Skårer;4;100,0;24;24;0;4;0,00;-;-;-;-;-;-;-;-
68539V625646;Karihaugen rampe mot Furuset;RV159 S1D1 m1206;2022-11-22T00:00+01:00;2022-11-23T00:00+01:00;2022-11-22;Totalt;30419;100,0;24;24;0;17;99,94;26696;3706;1417;1249;384;656;638;18
68539V625646;Karihaugen rampe mot Furuset;RV159 S1D1 m1206;2022-11-23T00:00+01:00;2022-11-24T00:00+01:00;2022-11-23;1;15023;100,0;24;24;0;1;99,99;13843;1179;560;364;109;146;140;6
68539V625646;Karihaugen rampe mot Furuset;RV159 S1D1 m1206;2022-11-23T00:00+01:00;2022-11-24T00:00+01:00;2022-11-23;3;14621;100,0;24;24;0;5;99,97;11998;2618;912;861;325;520;503;17
68539V625646;Karihaugen rampe mot Furuset;RV159 S1D1 m1206;2022-11-23T00:00+01:00;2022-11-24T00:00+01:00;2022-11-23;5;165;100,0;24;24;0;0;100,00;130;35;4;11;14;6;6;0
68539V625646;Karihaugen rampe mot Furuset;RV159 S1D1 m1206;2022-11-23T00:00+01:00;2022-11-24T00:00+01:00;2022-11-23;Totalt i retning Furuset;29806;100,0;24;24;0;6;99,98;25970;3830;1475;1235;448;672;649;23
68539V625646;Karihaugen rampe mot Furuset;RV159 S1D1 m1206;2022-11-23T00:00+01:00;2022-11-24T00:00+01:00;2022-11-23;Totalt i retning Skårer;3;100,0;24;24;0;3;0,00;-;-;-;-;-;-;-;-
68539V625646;Karihaugen rampe mot Furuset;RV159 S1D1 m1206;2022-11-23T00:00+01:00;2022-11-24T00:00+01:00;2022-11-23;Totalt;29809;100,0;24;24;0;6;99,98;25971;3832;1476;1236;448;672;649;23
68539V625646;Karihaugen rampe mot Furuset;RV159 S1D1 m1206;2022-11-24T00:00+01:00;2022-11-25T00:00+01:00;2022-11-24;1;16966;100,0;24;24;0;1;99,99;15812;1153;568;325;107;153;145;8
68539V625646;Karihaugen rampe mot Furuset;RV159 S1D1 m1206;2022-11-24T00:00+01:00;2022-11-25T00:00+01:00;2022-11-24;3;14568;100,0;24;24;0;7;99,95;11906;2655;896;931;284;544;527;17
68539V625646;Karihaugen rampe mot Furuset;RV159 S1D1 m1206;2022-11-24T00:00+01:00;2022-11-25T00:00+01:00;2022-11-24;5;47;100,0;24;24;0;1;97,87;43;3;1;1;0;1;1;0
68539V625646;Karihaugen rampe mot Furuset;RV159 S1D1 m1206;2022-11-24T00:00+01:00;2022-11-25T00:00+01:00;2022-11-24;Totalt i retning Furuset;31580;100,0;24;24;0;9;99,97;27761;3810;1464;1257;391;698;673;25
68539V625646;Karihaugen rampe mot Furuset;RV159 S1D1 m1206;2022-11-24T00:00+01:00;2022-11-25T00:00+01:00;2022-11-24;Totalt i retning Skårer;1;100,0;24;24;0;1;0,00;-;-;-;-;-;-;-;-
68539V625646;Karihaugen rampe mot Furuset;RV159 S1D1 m1206;2022-11-24T00:00+01:00;2022-11-25T00:00+01:00;2022-11-24;Totalt;31581;100,0;24;24;0;9;99,97;27761;3811;1465;1257;391;698;673;25
68539V625646;Karihaugen rampe mot Furuset;RV159 S1D1 m1206;2022-11-25T00:00+01:00;2022-11-26T00:00+01:00;2022-11-25;1;16622;100,0;24;24;0;1;99,99;15643;978;507;295;52;124;118;6
68539V625646;Karihaugen rampe mot Furuset;RV159 S1D1 m1206;2022-11-25T00:00+01:00;2022-11-26T00:00+01:00;2022-11-25;3;14610;100,0;24;24;0;4;99,97;12111;2495;867;871;294;463;447;16
68539V625646;Karihaugen rampe mot Furuset;RV159 S1D1 m1206;2022-11-25T00:00+01:00;2022-11-26T00:00+01:00;2022-11-25;5;60;100,0;24;24;0;0;100,00;52;8;0;2;3;3;3;0
68539V625646;Karihaugen rampe mot Furuset;RV159 S1D1 m1206;2022-11-25T00:00+01:00;2022-11-26T00:00+01:00;2022-11-25;Totalt i retning Furuset;31290;100,0;24;24;0;5;99,98;27805;3480;1373;1168;349;590;568;22
68539V625646;Karihaugen rampe mot Furuset;RV159 S1D1 m1206;2022-11-25T00:00+01:00;2022-11-26T00:00+01:00;2022-11-25;Totalt i retning Skårer;2;100,0;24;24;0;2;0,00;-;-;-;-;-;-;-;-
68539V625646;Karihaugen rampe mot Furuset;RV159 S1D1 m1206;2022-11-25T00:00+01:00;2022-11-26T00:00+01:00;2022-11-25;Totalt;31292;100,0;24;24;0;5;99,98;27806;3481;1374;1168;349;590;568;22
68539V625646;Karihaugen rampe mot Furuset;RV159 S1D1 m1206;2022-11-26T00:00+01:00;2022-11-27T00:00+01:00;2022-11-26;1;10181;100,0;24;24;0;0;100,00;9955;226;144;71;2;9;9;0
68539V625646;Karihaugen rampe mot Furuset;RV159 S1D1 m1206;2022-11-26T00:00+01:00;2022-11-27T00:00+01:00;2022-11-26;3;11940;100,0;24;24;0;0;100,00;11092;848;375;273;51;149;149;0
68539V625646;Karihaugen rampe mot Furuset;RV159 S1D1 m1206;2022-11-26T00:00+01:00;2022-11-27T00:00+01:00;2022-11-26;5;28;100,0;24;24;0;0;100,00;25;3;0;1;0;2;2;0
68539V625646;Karihaugen rampe mot Furuset;RV159 S1D1 m1206;2022-11-26T00:00+01:00;2022-11-27T00:00+01:00;2022-11-26;Totalt i retning Furuset;22149;100,0;24;24;0;0;100,00;21072;1077;519;345;53;160;160;0
68539V625646;Karihaugen rampe mot Furuset;RV159 S1D1 m1206;2022-11-26T00:00+01:00;2022-11-27T00:00+01:00;2022-11-26;Totalt i retning Skårer;0;100,0;24;24;0;0;100,00;-;-;-;-;-;-;-;-
68539V625646;Karihaugen rampe mot Furuset;RV159 S1D1 m1206;2022-11-26T00:00+01:00;2022-11-27T00:00+01:00;2022-11-26;Totalt;22149;100,0;24;24;0;0;100,00;21072;1077;519;345;53;160;160;0
68539V625646;Karihaugen rampe mot Furuset;RV159 S1D1 m1206;2022-11-27T00:00+01:00;2022-11-28T00:00+01:00;2022-11-27;1;7569;100,0;24;24;0;7;99,91;7419;143;89;27;7;20;19;1
68539V625646;Karihaugen rampe mot Furuset;RV159 S1D1 m1206;2022-11-27T00:00+01:00;2022-11-28T00:00+01:00;2022-11-27;3;9795;100,0;24;24;0;10;99,90;9226;559;221;153;48;137;133;4
68539V625646;Karihaugen rampe mot Furuset;RV159 S1D1 m1206;2022-11-27T00:00+01:00;2022-11-28T00:00+01:00;2022-11-27;5;61;100,0;24;24;0;1;98,36;54;6;2;3;1;0;0;0
68539V625646;Karihaugen rampe mot Furuset;RV159 S1D1 m1206;2022-11-27T00:00+01:00;2022-11-28T00:00+01:00;2022-11-27;Totalt i retning Furuset;17425;100,0;24;24;0;18;99,90;16699;708;312;183;56;157;152;5
68539V625646;Karihaugen rampe mot Furuset;RV159 S1D1 m1206;2022-11-27T00:00+01:00;2022-11-28T00:00+01:00;2022-11-27;Totalt i retning Skårer;0;100,0;24;24;0;0;100,00;-;-;-;-;-;-;-;-
68539V625646;Karihaugen rampe mot Furuset;RV159 S1D1 m1206;2022-11-27T00:00+01:00;2022-11-28T00:00+01:00;2022-11-27;Totalt;17425;100,0;24;24;0;18;99,90;16699;708;312;183;56;157;152;5
68539V625646;Karihaugen rampe mot Furuset;RV159 S1D1 m1206;2022-11-28T00:00+01:00;2022-11-29T00:00+01:00;2022-11-28;1;15850;100,0;24;24;0;2;99,99;14746;1102;531;332;98;141;135;6
68539V625646;Karihaugen rampe mot Furuset;RV159 S1D1 m1206;2022-11-28T00:00+01:00;2022-11-29T00:00+01:00;2022-11-28;3;14346;100,0;24;24;0;6;99,96;11725;2615;851;917;343;504;495;9
68539V625646;Karihaugen rampe mot Furuset;RV159 S1D1 m1206;2022-11-28T00:00+01:00;2022-11-29T00:00+01:00;2022-11-28;5;111;100,0;24;24;0;1;99,10;99;11;0;0;7;4;4;0
68539V625646;Karihaugen rampe mot Furuset;RV159 S1D1 m1206;2022-11-28T00:00+01:00;2022-11-29T00:00+01:00;2022-11-28;Totalt i retning Furuset;30307;100,0;24;24;0;9;99,97;26570;3728;1382;1249;448;649;634;15
68539V625646;Karihaugen rampe mot Furuset;RV159 S1D1 m1206;2022-11-28T00:00+01:00;2022-11-29T00:00+01:00;2022-11-28;Totalt i retning Skårer;0;100,0;24;24;0;0;100,00;-;-;-;-;-;-;-;-
68539V625646;Karihaugen rampe mot Furuset;RV159 S1D1 m1206;2022-11-28T00:00+01:00;2022-11-29T00:00+01:00;2022-11-28;Totalt;30307;100,0;24;24;0;9;99,97;26570;3728;1382;1249;448;649;634;15
68539V625646;Karihaugen rampe mot Furuset;RV159 S1D1 m1206;2022-11-29T00:00+01:00;2022-11-30T00:00+01:00;2022-11-29;1;16128;100,0;24;24;0;6;99,96;15092;1030;484;310;99;137;132;5
68539V625646;Karihaugen rampe mot Furuset;RV159 S1D1 m1206;2022-11-29T00:00+01:00;2022-11-30T00:00+01:00;2022-11-29;3;14637;100,0;24;24;0;12;99,92;11966;2659;856;957;349;497;484;13
68539V625646;Karihaugen rampe mot Furuset;RV159 S1D1 m1206;2022-11-29T00:00+01:00;2022-11-30T00:00+01:00;2022-11-29;5;165;100,0;24;24;0;1;99,39;141;23;7;2;7;7;7;0
68539V625646;Karihaugen rampe mot Furuset;RV159 S1D1 m1206;2022-11-29T00:00+01:00;2022-11-30T00:00+01:00;2022-11-29;Totalt i retning Furuset;30928;100,0;24;24;0;18;99,94;27199;3711;1347;1268;455;641;623;18
68539V625646;Karihaugen rampe mot Furuset;RV159 S1D1 m1206;2022-11-29T00:00+01:00;2022-11-30T00:00+01:00;2022-11-29;Totalt i retning Skårer;2;100,0;24;24;0;2;0,00;-;-;-;-;-;-;-;-
68539V625646;Karihaugen rampe mot Furuset;RV159 S1D1 m1206;2022-11-29T00:00+01:00;2022-11-30T00:00+01:00;2022-11-29;Totalt;30930;100,0;24;24;0;19;99,94;27199;3712;1347;1269;455;641;623;18
68539V625646;Karihaugen rampe mot Furuset;RV159 S1D1 m1206;2022-11-30T00:00+01:00;2022-12-01T00:00+01:00;2022-11-30;1;16249;100,0;24;24;0;6;99,96;15189;1054;528;319;77;130;124;6
68539V625646;Karihaugen rampe mot Furuset;RV159 S1D1 m1206;2022-11-30T00:00+01:00;2022-12-01T00:00+01:00;2022-11-30;3;15086;100,0;24;24;0;6;99,96;12315;2765;992;943;328;502;487;15
68539V625646;Karihaugen rampe mot Furuset;RV159 S1D1 m1206;2022-11-30T00:00+01:00;2022-12-01T00:00+01:00;2022-11-30;5;256;100,0;24;24;0;3;98,83;223;30;6;1;16;7;7;0
68539V625646;Karihaugen rampe mot Furuset;RV159 S1D1 m1206;2022-11-30T00:00+01:00;2022-12-01T00:00+01:00;2022-11-30;Totalt i retning Furuset;31588;100,0;24;24;0;13;99,96;27727;3848;1525;1263;421;639;618;21
68539V625646;Karihaugen rampe mot Furuset;RV159 S1D1 m1206;2022-11-30T00:00+01:00;2022-12-01T00:00+01:00;2022-11-30;Totalt i retning Skårer;3;100,0;24;24;0;3;0,00;-;-;-;-;-;-;-;-
68539V625646;Karihaugen rampe mot Furuset;RV159 S1D1 m1206;2022-11-30T00:00+01:00;2022-12-01T00:00+01:00;2022-11-30;Totalt;31591;100,0;24;24;0;15;99,95;27727;3849;1526;1263;421;639;618;21
68539V625646;Karihaugen rampe mot Furuset;RV159 S1D1 m1206;2022-12-01T00:00+01:00;2022-12-02T00:00+01:00;2022-12-01;1;16244;100,0;24;24;0;5;99,97;15193;1046;533;282;89;142;136;6
68539V625646;Karihaugen rampe mot Furuset;RV159 S1D1 m1206;2022-12-01T00:00+01:00;2022-12-02T00:00+01:00;2022-12-01;3;15193;100,0;24;24;0;10;99,93;12545;2638;909;912;319;498;483;15
68539V625646;Karihaugen rampe mot Furuset;RV159 S1D1 m1206;2022-12-01T00:00+01:00;2022-12-02T00:00+01:00;2022-12-01;5;171;100,0;24;24;0;0;100,00;144;27;3;6;12;6;6;0
68539V625646;Karihaugen rampe mot Furuset;RV159 S1D1 m1206;2022-12-01T00:00+01:00;2022-12-02T00:00+01:00;2022-12-01;Totalt i retning Furuset;31606;100,0;24;24;0;14;99,96;27882;3710;1444;1200;420;646;625;21
68539V625646;Karihaugen rampe mot Furuset;RV159 S1D1 m1206;2022-12-01T00:00+01:00;2022-12-02T00:00+01:00;2022-12-01;Totalt i retning Skårer;2;100,0;24;24;0;2;0,00;-;-;-;-;-;-;-;-
68539V625646;Karihaugen rampe mot Furuset;RV159 S1D1 m1206;2022-12-01T00:00+01:00;2022-12-02T00:00+01:00;2022-12-01;Totalt;31608;100,0;24;24;0;15;99,95;27882;3711;1445;1200;420;646;625;21
68539V625646;Karihaugen rampe mot Furuset;RV159 S1D1 m1206;2022-12-02T00:00+01:00;2022-12-03T00:00+01:00;2022-12-02;1;15703;100,0;24;24;0;3;99,98;14707;993;486;301;73;133;125;8
68539V625646;Karihaugen rampe mot Furuset;RV159 S1D1 m1206;2022-12-02T00:00+01:00;2022-12-03T00:00+01:00;2022-12-02;3;14257;100,0;24;24;0;3;99,98;11834;2420;827;858;302;433;425;8
68539V625646;Karihaugen rampe mot Furuset;RV159 S1D1 m1206;2022-12-02T00:00+01:00;2022-12-03T00:00+01:00;2022-12-02;5;86;100,0;24;24;0;0;100,00;75;11;2;6;1;2;2;0
68539V625646;Karihaugen rampe mot Furuset;RV159 S1D1 m1206;2022-12-02T00:00+01:00;2022-12-03T00:00+01:00;2022-12-02;Totalt i retning Furuset;30045;100,0;24;24;0;5;99,98;26616;3424;1315;1165;376;568;552;16
68539V625646;Karihaugen rampe mot Furuset;RV159 S1D1 m1206;2022-12-02T00:00+01:00;2022-12-03T00:00+01:00;2022-12-02;Totalt i retning Skårer;1;100,0;24;24;0;1;0,00;-;-;-;-;-;-;-;-
68539V625646;Karihaugen rampe mot Furuset;RV159 S1D1 m1206;2022-12-02T00:00+01:00;2022-12-03T00:00+01:00;2022-12-02;Totalt;30046;100,0;24;24;0;6;99,98;26616;3424;1315;1165;376;568;552;16
68539V625646;Karihaugen rampe mot Furuset;RV159 S1D1 m1206;2022-12-03T00:00+01:00;2022-12-04T00:00+01:00;2022-12-03;1;9908;100,0;24;24;0;0;100,00;9683;225;147;59;8;11;11;0
68539V625646;Karihaugen rampe mot Furuset;RV159 S1D1 m1206;2022-12-03T00:00+01:00;2022-12-04T00:00+01:00;2022-12-03;3;11931;100,0;24;24;0;1;99,99;11091;839;350;294;50;145;145;0
68539V625646;Karihaugen rampe mot Furuset;RV159 S1D1 m1206;2022-12-03T00:00+01:00;2022-12-04T00:00+01:00;2022-12-03;5;26;100,0;24;24;0;0;100,00;25;1;1;0;0;0;0;0
68539V625646;Karihaugen rampe mot Furuset;RV159 S1D1 m1206;2022-12-03T00:00+01:00;2022-12-04T00:00+01:00;2022-12-03;Totalt i retning Furuset;21865;100,0;24;24;0;1;100,00;20799;1065;498;353;58;156;156;0
68539V625646;Karihaugen rampe mot Furuset;RV159 S1D1 m1206;2022-12-03T00:00+01:00;2022-12-04T00:00+01:00;2022-12-03;Totalt i retning Skårer;0;100,0;24;24;0;0;100,00;-;-;-;-;-;-;-;-
68539V625646;Karihaugen rampe mot Furuset;RV159 S1D1 m1206;2022-12-03T00:00+01:00;2022-12-04T00:00+01:00;2022-12-03;Totalt;21865;100,0;24;24;0;1;100,00;20799;1065;498;353;58;156;156;0
68539V625646;Karihaugen rampe mot Furuset;RV159 S1D1 m1206;2022-12-04T00:00+01:00;2022-12-05T00:00+01:00;2022-12-04;1;8275;100,0;24;24;0;0;100,00;8113;162;105;33;10;14;14;0
68539V625646;Karihaugen rampe mot Furuset;RV159 S1D1 m1206;2022-12-04T00:00+01:00;2022-12-05T00:00+01:00;2022-12-04;3;10485;100,0;24;24;0;0;100,00;9761;724;269;263;62;130;129;1
68539V625646;Karihaugen rampe mot Furuset;RV159 S1D1 m1206;2022-12-04T00:00+01:00;2022-12-05T00:00+01:00;2022-12-04;5;31;100,0;24;24;0;1;96,77;26;4;1;2;1;0;0;0
68539V625646;Karihaugen rampe mot Furuset;RV159 S1D1 m1206;2022-12-04T00:00+01:00;2022-12-05T00:00+01:00;2022-12-04;Totalt i retning Furuset;18790;100,0;24;24;0;1;99,99;17900;889;375;297;73;144;143;1
68539V625646;Karihaugen rampe mot Furuset;RV159 S1D1 m1206;2022-12-04T00:00+01:00;2022-12-05T00:00+01:00;2022-12-04;Totalt i retning Skårer;1;100,0;24;24;0;1;0,00;-;-;-;-;-;-;-;-
68539V625646;Karihaugen rampe mot Furuset;RV159 S1D1 m1206;2022-12-04T00:00+01:00;2022-12-05T00:00+01:00;2022-12-04;Totalt;18791;100,0;24;24;0;1;99,99;17900;890;375;298;73;144;143;1
68539V625646;Karihaugen rampe mot Furuset;RV159 S1D1 m1206;2022-12-05T00:00+01:00;2022-12-06T00:00+01:00;2022-12-05;1;15700;100,0;24;24;0;3;99,98;14624;1073;546;298;95;134;130;4
68539V625646;Karihaugen rampe mot Furuset;RV159 S1D1 m1206;2022-12-05T00:00+01:00;2022-12-06T00:00+01:00;2022-12-05;3;14483;100,0;24;24;0;7;99,95;11819;2657;864;903;385;505;492;13
68539V625646;Karihaugen rampe mot Furuset;RV159 S1D1 m1206;2022-12-05T00:00+01:00;2022-12-06T00:00+01:00;2022-12-05;5;140;100,0;24;24;0;0;100,00;118;22;1;7;10;4;4;0
68539V625646;Karihaugen rampe mot Furuset;RV159 S1D1 m1206;2022-12-05T00:00+01:00;2022-12-06T00:00+01:00;2022-12-05;Totalt i retning Furuset;30321;100,0;24;24;0;9;99,97;26560;3752;1411;1208;490;643;626;17
68539V625646;Karihaugen rampe mot Furuset;RV159 S1D1 m1206;2022-12-05T00:00+01:00;2022-12-06T00:00+01:00;2022-12-05;Totalt i retning Skårer;2;100,0;24;24;0;2;0,00;-;-;-;-;-;-;-;-
68539V625646;Karihaugen rampe mot Furuset;RV159 S1D1 m1206;2022-12-05T00:00+01:00;2022-12-06T00:00+01:00;2022-12-05;Totalt;30323;100,0;24;24;0;10;99,97;26561;3752;1411;1208;490;643;626;17
68539V625646;Karihaugen rampe mot Furuset;RV159 S1D1 m1206;2022-12-06T00:00+01:00;2022-12-07T00:00+01:00;2022-12-06;1;16345;100,0;24;24;0;4;99,98;15231;1110;539;343;106;122;116;6
68539V625646;Karihaugen rampe mot Furuset;RV159 S1D1 m1206;2022-12-06T00:00+01:00;2022-12-07T00:00+01:00;2022-12-06;3;14537;100,0;24;24;0;5;99,97;11941;2591;842;893;336;520;510;10
68539V625646;Karihaugen rampe mot Furuset;RV159 S1D1 m1206;2022-12-06T00:00+01:00;2022-12-07T00:00+01:00;2022-12-06;5;82;100,0;24;24;0;0;100,00;77;5;1;1;2;1;1;0
68539V625646;Karihaugen rampe mot Furuset;RV159 S1D1 m1206;2022-12-06T00:00+01:00;2022-12-07T00:00+01:00;2022-12-06;Totalt i retning Furuset;30963;100,0;24;24;0;8;99,97;27249;3706;1382;1237;444;643;627;16
68539V625646;Karihaugen rampe mot Furuset;RV159 S1D1 m1206;2022-12-06T00:00+01:00;2022-12-07T00:00+01:00;2022-12-06;Totalt i retning Skårer;1;100,0;24;24;0;1;0,00;-;-;-;-;-;-;-;-
68539V625646;Karihaugen rampe mot Furuset;RV159 S1D1 m1206;2022-12-06T00:00+01:00;2022-12-07T00:00+01:00;2022-12-06;Totalt;30964;100,0;24;24;0;9;99,97;27249;3706;1382;1237;444;643;627;16
68539V625646;Karihaugen rampe mot Furuset;RV159 S1D1 m1206;2022-12-07T00:00+01:00;2022-12-08T00:00+01:00;2022-12-07;1;16499;100,0;24;24;0;4;99,98;15420;1075;523;319;88;145;138;7
68539V625646;Karihaugen rampe mot Furuset;RV159 S1D1 m1206;2022-12-07T00:00+01:00;2022-12-08T00:00+01:00;2022-12-07;3;14398;100,0;24;24;0;7;99,95;11897;2494;818;850;318;508;497;11
68539V625646;Karihaugen rampe mot Furuset;RV159 S1D1 m1206;2022-12-07T00:00+01:00;2022-12-08T00:00+01:00;2022-12-07;5;68;100,0;24;24;0;0;100,00;59;9;1;1;5;2;2;0
68539V625646;Karihaugen rampe mot Furuset;RV159 S1D1 m1206;2022-12-07T00:00+01:00;2022-12-08T00:00+01:00;2022-12-07;Totalt i retning Furuset;30961;100,0;24;24;0;9;99,97;27375;3577;1342;1169;411;655;637;18
68539V625646;Karihaugen rampe mot Furuset;RV159 S1D1 m1206;2022-12-07T00:00+01:00;2022-12-08T00:00+01:00;2022-12-07;Totalt i retning Skårer;4;100,0;24;24;0;4;0,00;-;-;-;-;-;-;-;-
68539V625646;Karihaugen rampe mot Furuset;RV159 S1D1 m1206;2022-12-07T00:00+01:00;2022-12-08T00:00+01:00;2022-12-07;Totalt;30965;100,0;24;24;0;11;99,96;27376;3578;1342;1170;411;655;637;18
68539V625646;Karihaugen rampe mot Furuset;RV159 S1D1 m1206;2022-12-08T00:00+01:00;2022-12-09T00:00+01:00;2022-12-08;1;16583;100,0;24;24;0;2;99,99;15465;1116;548;315;100;153;148;5
68539V625646;Karihaugen rampe mot Furuset;RV159 S1D1 m1206;2022-12-08T00:00+01:00;2022-12-09T00:00+01:00;2022-12-08;3;14363;100,0;24;24;0;8;99,94;11910;2445;791;846;321;487;478;9
68539V625646;Karihaugen rampe mot Furuset;RV159 S1D1 m1206;2022-12-08T00:00+01:00;2022-12-09T00:00+01:00;2022-12-08;5;55;100,0;24;24;0;0;100,00;46;9;2;3;3;1;1;0
68539V625646;Karihaugen rampe mot Furuset;RV159 S1D1 m1206;2022-12-08T00:00+01:00;2022-12-09T00:00+01:00;2022-12-08;Totalt i retning Furuset;31000;100,0;24;24;0;9;99,97;27421;3570;1341;1164;424;641;627;14
68539V625646;Karihaugen rampe mot Furuset;RV159 S1D1 m1206;2022-12-08T00:00+01:00;2022-12-09T00:00+01:00;2022-12-08;Totalt i retning Skårer;1;100,0;24;24;0;1;0,00;-;-;-;-;-;-;-;-
68539V625646;Karihaugen rampe mot Furuset;RV159 S1D1 m1206;2022-12-08T00:00+01:00;2022-12-09T00:00+01:00;2022-12-08;Totalt;31001;100,0;24;24;0;10;99,97;27421;3570;1341;1164;424;641;627;14
68539V625646;Karihaugen rampe mot Furuset;RV159 S1D1 m1206;2022-12-09T00:00+01:00;2022-12-10T00:00+01:00;2022-12-09;1;15812;100,0;24;24;0;1;99,99;14795;1016;508;296;69;143;137;6
68539V625646;Karihaugen rampe mot Furuset;RV159 S1D1 m1206;2022-12-09T00:00+01:00;2022-12-10T00:00+01:00;2022-12-09;3;13702;100,0;24;24;0;4;99,97;11480;2218;737;772;282;427;417;10
68539V625646;Karihaugen rampe mot Furuset;RV159 S1D1 m1206;2022-12-09T00:00+01:00;2022-12-10T00:00+01:00;2022-12-09;5;32;100,0;24;24;0;2;93,75;23;7;2;4;0;1;1;0
68539V625646;Karihaugen rampe mot Furuset;RV159 S1D1 m1206;2022-12-09T00:00+01:00;2022-12-10T00:00+01:00;2022-12-09;Totalt i retning Furuset;29544;100,0;24;24;0;7;99,98;26298;3239;1247;1070;351;571;555;16
68539V625646;Karihaugen rampe mot Furuset;RV159 S1D1 m1206;2022-12-09T00:00+01:00;2022-12-10T00:00+01:00;2022-12-09;Totalt i retning Skårer;2;100,0;24;24;0;2;0,00;-;-;-;-;-;-;-;-
68539V625646;Karihaugen rampe mot Furuset;RV159 S1D1 m1206;2022-12-09T00:00+01:00;2022-12-10T00:00+01:00;2022-12-09;Totalt;29546;100,0;24;24;0;7;99,98;26298;3241;1247;1072;351;571;555;16
68539V625646;Karihaugen rampe mot Furuset;RV159 S1D1 m1206;2022-12-10T00:00+01:00;2022-12-11T00:00+01:00;2022-12-10;1;9445;100,0;24;24;0;0;100,00;9239;206;138;56;5;7;7;0
68539V625646;Karihaugen rampe mot Furuset;RV159 S1D1 m1206;2022-12-10T00:00+01:00;2022-12-11T00:00+01:00;2022-12-10;3;11213;100,0;24;24;0;0;100,00;10527;686;301;212;37;136;136;0
68539V625646;Karihaugen rampe mot Furuset;RV159 S1D1 m1206;2022-12-10T00:00+01:00;2022-12-11T00:00+01:00;2022-12-10;5;19;100,0;24;24;0;1;94,74;17;1;0;1;0;0;0;0
68539V625646;Karihaugen rampe mot Furuset;RV159 S1D1 m1206;2022-12-10T00:00+01:00;2022-12-11T00:00+01:00;2022-12-10;Totalt i retning Furuset;20677;100,0;24;24;0;1;100,00;19783;893;439;269;42;143;143;0
68539V625646;Karihaugen rampe mot Furuset;RV159 S1D1 m1206;2022-12-10T00:00+01:00;2022-12-11T00:00+01:00;2022-12-10;Totalt i retning Skårer;0;100,0;24;24;0;0;100,00;-;-;-;-;-;-;-;-
68539V625646;Karihaugen rampe mot Furuset;RV159 S1D1 m1206;2022-12-10T00:00+01:00;2022-12-11T00:00+01:00;2022-12-10;Totalt;20677;100,0;24;24;0;1;100,00;19783;893;439;269;42;143;143;0
68539V625646;Karihaugen rampe mot Furuset;RV159 S1D1 m1206;2022-12-11T00:00+01:00;2022-12-12T00:00+01:00;2022-12-11;1;8169;100,0;24;24;0;0;100,00;8041;128;93;20;3;12;11;1
68539V625646;Karihaugen rampe mot Furuset;RV159 S1D1 m1206;2022-12-11T00:00+01:00;2022-12-12T00:00+01:00;2022-12-11;3;10052;100,0;24;24;0;1;99,99;9574;477;198;128;24;127;122;5
68539V625646;Karihaugen rampe mot Furuset;RV159 S1D1 m1206;2022-12-11T00:00+01:00;2022-12-12T00:00+01:00;2022-12-11;5;11;100,0;24;24;0;1;90,91;5;5;1;4;0;0;0;0
68539V625646;Karihaugen rampe mot Furuset;RV159 S1D1 m1206;2022-12-11T00:00+01:00;2022-12-12T00:00+01:00;2022-12-11;Totalt i retning Furuset;18232;100,0;24;24;0;2;99,99;17620;610;292;152;27;139;133;6
68539V625646;Karihaugen rampe mot Furuset;RV159 S1D1 m1206;2022-12-11T00:00+01:00;2022-12-12T00:00+01:00;2022-12-11;Totalt i retning Skårer;0;100,0;24;24;0;0;100,00;-;-;-;-;-;-;-;-
68539V625646;Karihaugen rampe mot Furuset;RV159 S1D1 m1206;2022-12-11T00:00+01:00;2022-12-12T00:00+01:00;2022-12-11;Totalt;18232;100,0;24;24;0;2;99,99;17620;610;292;152;27;139;133;6
68539V625646;Karihaugen rampe mot Furuset;RV159 S1D1 m1206;2022-12-12T00:00+01:00;2022-12-13T00:00+01:00;2022-12-12;1;15986;100,0;24;24;0;1;99,99;14954;1031;507;299;84;141;136;5
68539V625646;Karihaugen rampe mot Furuset;RV159 S1D1 m1206;2022-12-12T00:00+01:00;2022-12-13T00:00+01:00;2022-12-12;3;14149;100,0;24;24;0;6;99,96;11702;2441;797;845;312;487;473;14
68539V625646;Karihaugen rampe mot Furuset;RV159 S1D1 m1206;2022-12-12T00:00+01:00;2022-12-13T00:00+01:00;2022-12-12;5;124;100,0;24;24;0;0;100,00;108;16;2;1;11;2;2;0
68539V625646;Karihaugen rampe mot Furuset;RV159 S1D1 m1206;2022-12-12T00:00+01:00;2022-12-13T00:00+01:00;2022-12-12;Totalt i retning Furuset;30257;100,0;24;24;0;6;99,98;26763;3488;1306;1145;407;630;611;19
68539V625646;Karihaugen rampe mot Furuset;RV159 S1D1 m1206;2022-12-12T00:00+01:00;2022-12-13T00:00+01:00;2022-12-12;Totalt i retning Skårer;2;100,0;24;24;0;2;0,00;-;-;-;-;-;-;-;-
68539V625646;Karihaugen rampe mot Furuset;RV159 S1D1 m1206;2022-12-12T00:00+01:00;2022-12-13T00:00+01:00;2022-12-12;Totalt;30259;100,0;24;24;0;7;99,98;26764;3488;1306;1145;407;630;611;19
68539V625646;Karihaugen rampe mot Furuset;RV159 S1D1 m1206;2022-12-13T00:00+01:00;2022-12-14T00:00+01:00;2022-12-13;1;14725;100,0;24;24;0;8;99,95;13671;1046;498;321;80;147;142;5
68539V625646;Karihaugen rampe mot Furuset;RV159 S1D1 m1206;2022-12-13T00:00+01:00;2022-12-14T00:00+01:00;2022-12-13;3;13540;100,0;24;24;0;12;99,91;11329;2199;698;791;265;445;436;9
68539V625646;Karihaugen rampe mot Furuset;RV159 S1D1 m1206;2022-12-13T00:00+01:00;2022-12-14T00:00+01:00;2022-12-13;5;290;100,0;24;24;0;0;100,00;232;58;4;17;23;14;14;0
68539V625646;Karihaugen rampe mot Furuset;RV159 S1D1 m1206;2022-12-13T00:00+01:00;2022-12-14T00:00+01:00;2022-12-13;Totalt i retning Furuset;28555;100,0;24;24;0;20;99,93;25232;3303;1200;1129;368;606;592;14
68539V625646;Karihaugen rampe mot Furuset;RV159 S1D1 m1206;2022-12-13T00:00+01:00;2022-12-14T00:00+01:00;2022-12-13;Totalt i retning Skårer;0;100,0;24;24;0;0;100,00;-;-;-;-;-;-;-;-
68539V625646;Karihaugen rampe mot Furuset;RV159 S1D1 m1206;2022-12-13T00:00+01:00;2022-12-14T00:00+01:00;2022-12-13;Totalt;28555;100,0;24;24;0;20;99,93;25232;3303;1200;1129;368;606;592;14
68539V625646;Karihaugen rampe mot Furuset;RV159 S1D1 m1206;2022-12-14T00:00+01:00;2022-12-15T00:00+01:00;2022-12-14;1;15056;100,0;24;24;0;2;99,99;13950;1104;574;307;75;148;146;2
68539V625646;Karihaugen rampe mot Furuset;RV159 S1D1 m1206;2022-12-14T00:00+01:00;2022-12-15T00:00+01:00;2022-12-14;3;13591;100,0;24;24;0;9;99,93;11408;2174;708;730;239;497;482;15
68539V625646;Karihaugen rampe mot Furuset;RV159 S1D1 m1206;2022-12-14T00:00+01:00;2022-12-15T00:00+01:00;2022-12-14;5;326;100,0;24;24;0;0;100,00;258;68;3;17;31;17;17;0
68539V625646;Karihaugen rampe mot Furuset;RV159 S1D1 m1206;2022-12-14T00:00+01:00;2022-12-15T00:00+01:00;2022-12-14;Totalt i retning Furuset;28972;100,0;24;24;0;10;99,97;25616;3346;1285;1054;345;662;645;17
68539V625646;Karihaugen rampe mot Furuset;RV159 S1D1 m1206;2022-12-14T00:00+01:00;2022-12-15T00:00+01:00;2022-12-14;Totalt i retning Skårer;1;100,0;24;24;0;1;0,00;-;-;-;-;-;-;-;-
68539V625646;Karihaugen rampe mot Furuset;RV159 S1D1 m1206;2022-12-14T00:00+01:00;2022-12-15T00:00+01:00;2022-12-14;Totalt;28973;100,0;24;24;0;11;99,96;25616;3346;1285;1054;345;662;645;17
68539V625646;Karihaugen rampe mot Furuset;RV159 S1D1 m1206;2022-12-15T00:00+01:00;2022-12-16T00:00+01:00;2022-12-15;1;16998;99,7;24;24;0;0;100,00;15827;1171;559;325;95;192;185;7
68539V625646;Karihaugen rampe mot Furuset;RV159 S1D1 m1206;2022-12-15T00:00+01:00;2022-12-16T00:00+01:00;2022-12-15;3;14048;99,7;24;24;0;5;99,96;11838;2205;744;744;292;425;413;12
68539V625646;Karihaugen rampe mot Furuset;RV159 S1D1 m1206;2022-12-15T00:00+01:00;2022-12-16T00:00+01:00;2022-12-15;5;32;99,7;24;24;0;0;100,00;25;7;0;2;3;2;2;0
68539V625646;Karihaugen rampe mot Furuset;RV159 S1D1 m1206;2022-12-15T00:00+01:00;2022-12-16T00:00+01:00;2022-12-15;Totalt i retning Furuset;31078;99,7;24;24;0;5;99,98;27690;3383;1303;1071;390;619;600;19
68539V625646;Karihaugen rampe mot Furuset;RV159 S1D1 m1206;2022-12-15T00:00+01:00;2022-12-16T00:00+01:00;2022-12-15;Totalt i retning Skårer;0;99,7;24;24;0;0;100,00;-;-;-;-;-;-;-;-
68539V625646;Karihaugen rampe mot Furuset;RV159 S1D1 m1206;2022-12-15T00:00+01:00;2022-12-16T00:00+01:00;2022-12-15;Totalt;31078;99,7;24;24;0;5;99,98;27690;3383;1303;1071;390;619;600;19
68539V625646;Karihaugen rampe mot Furuset;RV159 S1D1 m1206;2022-12-16T00:00+01:00;2022-12-17T00:00+01:00;2022-12-16;1;15444;100,0;24;24;0;1;99,99;14432;1011;506;290;72;143;140;3
68539V625646;Karihaugen rampe mot Furuset;RV159 S1D1 m1206;2022-12-16T00:00+01:00;2022-12-17T00:00+01:00;2022-12-16;3;13556;100,0;24;24;0;4;99,97;11524;2028;681;647;267;433;419;14
68539V625646;Karihaugen rampe mot Furuset;RV159 S1D1 m1206;2022-12-16T00:00+01:00;2022-12-17T00:00+01:00;2022-12-16;5;31;100,0;24;24;0;0;100,00;22;9;0;6;2;1;1;0
68539V625646;Karihaugen rampe mot Furuset;RV159 S1D1 m1206;2022-12-16T00:00+01:00;2022-12-17T00:00+01:00;2022-12-16;Totalt i retning Furuset;29031;100,0;24;24;0;5;99,98;25978;3048;1187;943;341;577;560;17
68539V625646;Karihaugen rampe mot Furuset;RV159 S1D1 m1206;2022-12-16T00:00+01:00;2022-12-17T00:00+01:00;2022-12-16;Totalt i retning Skårer;0;100,0;24;24;0;0;100,00;-;-;-;-;-;-;-;-
68539V625646;Karihaugen rampe mot Furuset;RV159 S1D1 m1206;2022-12-16T00:00+01:00;2022-12-17T00:00+01:00;2022-12-16;Totalt;29031;100,0;24;24;0;5;99,98;25978;3048;1187;943;341;577;560;17
68539V625646;Karihaugen rampe mot Furuset;RV159 S1D1 m1206;2022-12-17T00:00+01:00;2022-12-18T00:00+01:00;2022-12-17;1;8000;100,0;24;24;0;1;99,99;7767;232;146;69;6;11;11;0
68539V625646;Karihaugen rampe mot Furuset;RV159 S1D1 m1206;2022-12-17T00:00+01:00;2022-12-18T00:00+01:00;2022-12-17;3;10476;100,0;24;24;0;0;100,00;9818;658;249;236;30;143;143;0
68539V625646;Karihaugen rampe mot Furuset;RV159 S1D1 m1206;2022-12-17T00:00+01:00;2022-12-18T00:00+01:00;2022-12-17;5;54;100,0;24;24;0;0;100,00;38;16;1;15;0;0;0;0
68539V625646;Karihaugen rampe mot Furuset;RV159 S1D1 m1206;2022-12-17T00:00+01:00;2022-12-18T00:00+01:00;2022-12-17;Totalt i retning Furuset;18530;100,0;24;24;0;1;99,99;17623;906;396;320;36;154;154;0
68539V625646;Karihaugen rampe mot Furuset;RV159 S1D1 m1206;2022-12-17T00:00+01:00;2022-12-18T00:00+01:00;2022-12-17;Totalt i retning Skårer;0;100,0;24;24;0;0;100,00;-;-;-;-;-;-;-;-
68539V625646;Karihaugen rampe mot Furuset;RV159 S1D1 m1206;2022-12-17T00:00+01:00;2022-12-18T00:00+01:00;2022-12-17;Totalt;18530;100,0;24;24;0;1;99,99;17623;906;396;320;36;154;154;0
68539V625646;Karihaugen rampe mot Furuset;RV159 S1D1 m1206;2022-12-18T00:00+01:00;2022-12-19T00:00+01:00;2022-12-18;1;8030;100,0;24;24;0;0;100,00;7849;181;112;40;9;20;20;0
68539V625646;Karihaugen rampe mot Furuset;RV159 S1D1 m1206;2022-12-18T00:00+01:00;2022-12-19T00:00+01:00;2022-12-18;3;9586;100,0;24;24;0;0;100,00;9051;535;222;134;36;143;138;5
68539V625646;Karihaugen rampe mot Furuset;RV159 S1D1 m1206;2022-12-18T00:00+01:00;2022-12-19T00:00+01:00;2022-12-18;5;12;100,0;24;24;0;2;83,33;9;1;0;1;0;0;0;0
68539V625646;Karihaugen rampe mot Furuset;RV159 S1D1 m1206;2022-12-18T00:00+01:00;2022-12-19T00:00+01:00;2022-12-18;Totalt i retning Furuset;17628;100,0;24;24;0;2;99,99;16909;717;334;175;45;163;158;5
68539V625646;Karihaugen rampe mot Furuset;RV159 S1D1 m1206;2022-12-18T00:00+01:00;2022-12-19T00:00+01:00;2022-12-18;Totalt i retning Skårer;0;100,0;24;24;0;0;100,00;-;-;-;-;-;-;-;-
68539V625646;Karihaugen rampe mot Furuset;RV159 S1D1 m1206;2022-12-18T00:00+01:00;2022-12-19T00:00+01:00;2022-12-18;Totalt;17628;100,0;24;24;0;2;99,99;16909;717;334;175;45;163;158;5
68539V625646;Karihaugen rampe mot Furuset;RV159 S1D1 m1206;2022-12-19T00:00+01:00;2022-12-20T00:00+01:00;2022-12-19;1;14902;100,0;24;24;0;0;100,00;13873;1029;490;312;83;144;140;4
68539V625646;Karihaugen rampe mot Furuset;RV159 S1D1 m1206;2022-12-19T00:00+01:00;2022-12-20T00:00+01:00;2022-12-19;3;13775;100,0;24;24;0;3;99,98;11555;2217;716;803;217;481;462;19
68539V625646;Karihaugen rampe mot Furuset;RV159 S1D1 m1206;2022-12-19T00:00+01:00;2022-12-20T00:00+01:00;2022-12-19;5;38;100,0;24;24;0;0;100,00;25;13;0;11;1;1;1;0
68539V625646;Karihaugen rampe mot Furuset;RV159 S1D1 m1206;2022-12-19T00:00+01:00;2022-12-20T00:00+01:00;2022-12-19;Totalt i retning Furuset;28714;100,0;24;24;0;3;99,99;25453;3258;1206;1125;301;626;603;23
68539V625646;Karihaugen rampe mot Furuset;RV159 S1D1 m1206;2022-12-19T00:00+01:00;2022-12-20T00:00+01:00;2022-12-19;Totalt i retning Skårer;1;100,0;24;24;0;1;0,00;-;-;-;-;-;-;-;-
68539V625646;Karihaugen rampe mot Furuset;RV159 S1D1 m1206;2022-12-19T00:00+01:00;2022-12-20T00:00+01:00;2022-12-19;Totalt;28715;100,0;24;24;0;3;99,99;25453;3259;1206;1126;301;626;603;23
68539V625646;Karihaugen rampe mot Furuset;RV159 S1D1 m1206;2022-12-20T00:00+01:00;2022-12-21T00:00+01:00;2022-12-20;1;15909;100,0;24;24;0;1;99,99;14801;1107;540;329;67;171;169;2
68539V625646;Karihaugen rampe mot Furuset;RV159 S1D1 m1206;2022-12-20T00:00+01:00;2022-12-21T00:00+01:00;2022-12-20;3;13793;100,0;24;24;0;1;99,99;11593;2199;726;708;243;522;506;16
68539V625646;Karihaugen rampe mot Furuset;RV159 S1D1 m1206;2022-12-20T00:00+01:00;2022-12-21T00:00+01:00;2022-12-20;5;23;100,0;24;24;0;1;95,65;14;8;1;5;1;1;1;0
68539V625646;Karihaugen rampe mot Furuset;RV159 S1D1 m1206;2022-12-20T00:00+01:00;2022-12-21T00:00+01:00;2022-12-20;Totalt i retning Furuset;29725;100,0;24;24;0;3;99,99;26408;3314;1267;1042;311;694;676;18
68539V625646;Karihaugen rampe mot Furuset;RV159 S1D1 m1206;2022-12-20T00:00+01:00;2022-12-21T00:00+01:00;2022-12-20;Totalt i retning Skårer;0;100,0;24;24;0;0;100,00;-;-;-;-;-;-;-;-
68539V625646;Karihaugen rampe mot Furuset;RV159 S1D1 m1206;2022-12-20T00:00+01:00;2022-12-21T00:00+01:00;2022-12-20;Totalt;29725;100,0;24;24;0;3;99,99;26408;3314;1267;1042;311;694;676;18
68539V625646;Karihaugen rampe mot Furuset;RV159 S1D1 m1206;2022-12-21T00:00+01:00;2022-12-22T00:00+01:00;2022-12-21;1;16956;100,0;24;24;0;2;99,99;15833;1121;553;312;86;170;160;10
68539V625646;Karihaugen rampe mot Furuset;RV159 S1D1 m1206;2022-12-21T00:00+01:00;2022-12-22T00:00+01:00;2022-12-21;3;13846;100,0;24;24;0;6;99,96;11627;2213;730;766;214;503;489;14
68539V625646;Karihaugen rampe mot Furuset;RV159 S1D1 m1206;2022-12-21T00:00+01:00;2022-12-22T00:00+01:00;2022-12-21;5;21;100,0;24;24;0;0;100,00;19;2;0;2;0;0;0;0
68539V625646;Karihaugen rampe mot Furuset;RV159 S1D1 m1206;2022-12-21T00:00+01:00;2022-12-22T00:00+01:00;2022-12-21;Totalt i retning Furuset;30822;100,0;24;24;0;8;99,97;27479;3335;1283;1080;299;673;649;24
68539V625646;Karihaugen rampe mot Furuset;RV159 S1D1 m1206;2022-12-21T00:00+01:00;2022-12-22T00:00+01:00;2022-12-21;Totalt i retning Skårer;1;100,0;24;24;0;1;0,00;-;-;-;-;-;-;-;-
68539V625646;Karihaugen rampe mot Furuset;RV159 S1D1 m1206;2022-12-21T00:00+01:00;2022-12-22T00:00+01:00;2022-12-21;Totalt;30823;100,0;24;24;0;8;99,97;27479;3336;1283;1080;300;673;649;24
68539V625646;Karihaugen rampe mot Furuset;RV159 S1D1 m1206;2022-12-22T00:00+01:00;2022-12-23T00:00+01:00;2022-12-22;1;15116;100,0;24;24;0;3;99,98;14170;943;431;291;72;149;141;8
68539V625646;Karihaugen rampe mot Furuset;RV159 S1D1 m1206;2022-12-22T00:00+01:00;2022-12-23T00:00+01:00;2022-12-22;3;13149;100,0;24;24;0;5;99,96;11212;1932;636;658;218;420;410;10
68539V625646;Karihaugen rampe mot Furuset;RV159 S1D1 m1206;2022-12-22T00:00+01:00;2022-12-23T00:00+01:00;2022-12-22;5;28;100,0;24;24;0;1;96,43;18;9;1;6;2;0;0;0
68539V625646;Karihaugen rampe mot Furuset;RV159 S1D1 m1206;2022-12-22T00:00+01:00;2022-12-23T00:00+01:00;2022-12-22;Totalt i retning Furuset;28293;100,0;24;24;0;9;99,97;25400;2884;1068;955;292;569;551;18
68539V625646;Karihaugen rampe mot Furuset;RV159 S1D1 m1206;2022-12-22T00:00+01:00;2022-12-23T00:00+01:00;2022-12-22;Totalt i retning Skårer;0;100,0;24;24;0;0;100,00;-;-;-;-;-;-;-;-
68539V625646;Karihaugen rampe mot Furuset;RV159 S1D1 m1206;2022-12-22T00:00+01:00;2022-12-23T00:00+01:00;2022-12-22;Totalt;28293;100,0;24;24;0;9;99,97;25400;2884;1068;955;292;569;551;18
68539V625646;Karihaugen rampe mot Furuset;RV159 S1D1 m1206;2022-12-23T00:00+01:00;2022-12-24T00:00+01:00;2022-12-23;1;13145;100,0;24;24;0;0;100,00;12403;742;357;235;45;105;99;6
68539V625646;Karihaugen rampe mot Furuset;RV159 S1D1 m1206;2022-12-23T00:00+01:00;2022-12-24T00:00+01:00;2022-12-23;3;12200;100,0;24;24;0;2;99,98;10582;1616;570;485;201;360;347;13
68539V625646;Karihaugen rampe mot Furuset;RV159 S1D1 m1206;2022-12-23T00:00+01:00;2022-12-24T00:00+01:00;2022-12-23;5;13;100,0;24;24;0;0;100,00;11;2;0;1;1;0;0;0
68539V625646;Karihaugen rampe mot Furuset;RV159 S1D1 m1206;2022-12-23T00:00+01:00;2022-12-24T00:00+01:00;2022-12-23;Totalt i retning Furuset;25358;100,0;24;24;0;2;99,99;22996;2360;927;721;247;465;446;19
68539V625646;Karihaugen rampe mot Furuset;RV159 S1D1 m1206;2022-12-23T00:00+01:00;2022-12-24T00:00+01:00;2022-12-23;Totalt i retning Skårer;0;100,0;24;24;0;0;100,00;-;-;-;-;-;-;-;-
68539V625646;Karihaugen rampe mot Furuset;RV159 S1D1 m1206;2022-12-23T00:00+01:00;2022-12-24T00:00+01:00;2022-12-23;Totalt;25358;100,0;24;24;0;2;99,99;22996;2360;927;721;247;465;446;19
68539V625646;Karihaugen rampe mot Furuset;RV159 S1D1 m1206;2022-12-24T00:00+01:00;2022-12-25T00:00+01:00;2022-12-24;1;7392;100,0;24;24;0;0;100,00;7303;89;69;13;2;5;5;0
68539V625646;Karihaugen rampe mot Furuset;RV159 S1D1 m1206;2022-12-24T00:00+01:00;2022-12-25T00:00+01:00;2022-12-24;3;8226;100,0;24;24;0;0;100,00;7916;310;125;62;25;98;98;0
68539V625646;Karihaugen rampe mot Furuset;RV159 S1D1 m1206;2022-12-24T00:00+01:00;2022-12-25T00:00+01:00;2022-12-24;5;2;100,0;24;24;0;0;100,00;2;0;0;0;0;0;0;0
68539V625646;Karihaugen rampe mot Furuset;RV159 S1D1 m1206;2022-12-24T00:00+01:00;2022-12-25T00:00+01:00;2022-12-24;Totalt i retning Furuset;15620;100,0;24;24;0;0;100,00;15221;399;194;75;27;103;103;0
68539V625646;Karihaugen rampe mot Furuset;RV159 S1D1 m1206;2022-12-24T00:00+01:00;2022-12-25T00:00+01:00;2022-12-24;Totalt i retning Skårer;0;100,0;24;24;0;0;100,00;-;-;-;-;-;-;-;-
68539V625646;Karihaugen rampe mot Furuset;RV159 S1D1 m1206;2022-12-24T00:00+01:00;2022-12-25T00:00+01:00;2022-12-24;Totalt;15620;100,0;24;24;0;0;100,00;15221;399;194;75;27;103;103;0
68539V625646;Karihaugen rampe mot Furuset;RV159 S1D1 m1206;2022-12-25T00:00+01:00;2022-12-26T00:00+01:00;2022-12-25;1;5006;100,0;24;24;0;0;100,00;4928;78;41;29;2;6;6;0
68539V625646;Karihaugen rampe mot Furuset;RV159 S1D1 m1206;2022-12-25T00:00+01:00;2022-12-26T00:00+01:00;2022-12-25;3;7215;100,0;24;24;0;0;100,00;6981;234;83;51;14;86;85;1
68539V625646;Karihaugen rampe mot Furuset;RV159 S1D1 m1206;2022-12-25T00:00+01:00;2022-12-26T00:00+01:00;2022-12-25;5;19;100,0;24;24;0;0;100,00;8;11;0;11;0;0;0;0
68539V625646;Karihaugen rampe mot Furuset;RV159 S1D1 m1206;2022-12-25T00:00+01:00;2022-12-26T00:00+01:00;2022-12-25;Totalt i retning Furuset;12240;100,0;24;24;0;0;100,00;11917;323;124;91;16;92;91;1
68539V625646;Karihaugen rampe mot Furuset;RV159 S1D1 m1206;2022-12-25T00:00+01:00;2022-12-26T00:00+01:00;2022-12-25;Totalt i retning Skårer;0;100,0;24;24;0;0;100,00;-;-;-;-;-;-;-;-
68539V625646;Karihaugen rampe mot Furuset;RV159 S1D1 m1206;2022-12-25T00:00+01:00;2022-12-26T00:00+01:00;2022-12-25;Totalt;12240;100,0;24;24;0;0;100,00;11917;323;124;91;16;92;91;1
68539V625646;Karihaugen rampe mot Furuset;RV159 S1D1 m1206;2022-12-26T00:00+01:00;2022-12-27T00:00+01:00;2022-12-26;1;3885;100,0;24;24;0;0;100,00;3770;115;62;29;8;16;13;3
68539V625646;Karihaugen rampe mot Furuset;RV159 S1D1 m1206;2022-12-26T00:00+01:00;2022-12-27T00:00+01:00;2022-12-26;3;7677;100,0;24;24;0;0;100,00;7324;353;116;91;27;119;117;2
68539V625646;Karihaugen rampe mot Furuset;RV159 S1D1 m1206;2022-12-26T00:00+01:00;2022-12-27T00:00+01:00;2022-12-26;5;18;100,0;24;24;0;2;88,89;5;11;0;10;1;0;0;0
68539V625646;Karihaugen rampe mot Furuset;RV159 S1D1 m1206;2022-12-26T00:00+01:00;2022-12-27T00:00+01:00;2022-12-26;Totalt i retning Furuset;11580;100,0;24;24;0;2;99,98;11099;479;178;130;36;135;130;5
68539V625646;Karihaugen rampe mot Furuset;RV159 S1D1 m1206;2022-12-26T00:00+01:00;2022-12-27T00:00+01:00;2022-12-26;Totalt i retning Skårer;0;100,0;24;24;0;0;100,00;-;-;-;-;-;-;-;-
68539V625646;Karihaugen rampe mot Furuset;RV159 S1D1 m1206;2022-12-26T00:00+01:00;2022-12-27T00:00+01:00;2022-12-26;Totalt;11580;100,0;24;24;0;2;99,98;11099;479;178;130;36;135;130;5
68539V625646;Karihaugen rampe mot Furuset;RV159 S1D1 m1206;2022-12-27T00:00+01:00;2022-12-28T00:00+01:00;2022-12-27;1;9182;100,0;24;24;0;0;100,00;8602;580;257;187;48;88;84;4
68539V625646;Karihaugen rampe mot Furuset;RV159 S1D1 m1206;2022-12-27T00:00+01:00;2022-12-28T00:00+01:00;2022-12-27;3;10560;100,0;24;24;0;3;99,97;9107;1450;483;480;167;320;307;13
68539V625646;Karihaugen rampe mot Furuset;RV159 S1D1 m1206;2022-12-27T00:00+01:00;2022-12-28T00:00+01:00;2022-12-27;5;13;100,0;24;24;0;0;100,00;5;8;0;8;0;0;0;0
68539V625646;Karihaugen rampe mot Furuset;RV159 S1D1 m1206;2022-12-27T00:00+01:00;2022-12-28T00:00+01:00;2022-12-27;Totalt i retning Furuset;19755;100,0;24;24;0;3;99,98;17714;2038;740;675;215;408;391;17
68539V625646;Karihaugen rampe mot Furuset;RV159 S1D1 m1206;2022-12-27T00:00+01:00;2022-12-28T00:00+01:00;2022-12-27;Totalt i retning Skårer;0;100,0;24;24;0;0;100,00;-;-;-;-;-;-;-;-
68539V625646;Karihaugen rampe mot Furuset;RV159 S1D1 m1206;2022-12-27T00:00+01:00;2022-12-28T00:00+01:00;2022-12-27;Totalt;19755;100,0;24;24;0;3;99,98;17714;2038;740;675;215;408;391;17
68539V625646;Karihaugen rampe mot Furuset;RV159 S1D1 m1206;2022-12-28T00:00+01:00;2022-12-29T00:00+01:00;2022-12-28;1;9544;100,0;24;24;0;4;99,96;8963;577;239;204;36;98;93;5
68539V625646;Karihaugen rampe mot Furuset;RV159 S1D1 m1206;2022-12-28T00:00+01:00;2022-12-29T00:00+01:00;2022-12-28;3;10522;100,0;24;24;0;6;99,94;8983;1533;486;520;181;346;333;13
68539V625646;Karihaugen rampe mot Furuset;RV159 S1D1 m1206;2022-12-28T00:00+01:00;2022-12-29T00:00+01:00;2022-12-28;5;15;100,0;24;24;0;1;93,33;9;5;0;5;0;0;0;0
68539V625646;Karihaugen rampe mot Furuset;RV159 S1D1 m1206;2022-12-28T00:00+01:00;2022-12-29T00:00+01:00;2022-12-28;Totalt i retning Furuset;20081;100,0;24;24;0;11;99,95;17955;2115;725;729;217;444;426;18
68539V625646;Karihaugen rampe mot Furuset;RV159 S1D1 m1206;2022-12-28T00:00+01:00;2022-12-29T00:00+01:00;2022-12-28;Totalt i retning Skårer;0;100,0;24;24;0;0;100,00;-;-;-;-;-;-;-;-
68539V625646;Karihaugen rampe mot Furuset;RV159 S1D1 m1206;2022-12-28T00:00+01:00;2022-12-29T00:00+01:00;2022-12-28;Totalt;20081;100,0;24;24;0;11;99,95;17955;2115;725;729;217;444;426;18
68539V625646;Karihaugen rampe mot Furuset;RV159 S1D1 m1206;2022-12-29T00:00+01:00;2022-12-30T00:00+01:00;2022-12-29;1;8119;100,0;24;24;0;0;100,00;7532;587;266;182;39;100;96;4
68539V625646;Karihaugen rampe mot Furuset;RV159 S1D1 m1206;2022-12-29T00:00+01:00;2022-12-30T00:00+01:00;2022-12-29;3;10450;100,0;24;24;0;2;99,98;9039;1409;456;484;160;309;298;11
68539V625646;Karihaugen rampe mot Furuset;RV159 S1D1 m1206;2022-12-29T00:00+01:00;2022-12-30T00:00+01:00;2022-12-29;5;35;100,0;24;24;0;0;100,00;14;21;1;18;2;0;0;0
68539V625646;Karihaugen rampe mot Furuset;RV159 S1D1 m1206;2022-12-29T00:00+01:00;2022-12-30T00:00+01:00;2022-12-29;Totalt i retning Furuset;18604;100,0;24;24;0;2;99,99;16585;2017;723;684;201;409;394;15
68539V625646;Karihaugen rampe mot Furuset;RV159 S1D1 m1206;2022-12-29T00:00+01:00;2022-12-30T00:00+01:00;2022-12-29;Totalt i retning Skårer;0;100,0;24;24;0;0;100,00;-;-;-;-;-;-;-;-
68539V625646;Karihaugen rampe mot Furuset;RV159 S1D1 m1206;2022-12-29T00:00+01:00;2022-12-30T00:00+01:00;2022-12-29;Totalt;18604;100,0;24;24;0;2;99,99;16585;2017;723;684;201;409;394;15
68539V625646;Karihaugen rampe mot Furuset;RV159 S1D1 m1206;2022-12-30T00:00+01:00;2022-12-31T00:00+01:00;2022-12-30;1;9118;100,0;24;24;0;2;99,98;8607;509;214;170;37;88;83;5
68539V625646;Karihaugen rampe mot Furuset;RV159 S1D1 m1206;2022-12-30T00:00+01:00;2022-12-31T00:00+01:00;2022-12-30;3;10199;100,0;24;24;0;1;99,99;8830;1368;462;440;158;308;302;6
68539V625646;Karihaugen rampe mot Furuset;RV159 S1D1 m1206;2022-12-30T00:00+01:00;2022-12-31T00:00+01:00;2022-12-30;5;17;100,0;24;24;0;0;100,00;15;2;0;1;1;0;0;0
68539V625646;Karihaugen rampe mot Furuset;RV159 S1D1 m1206;2022-12-30T00:00+01:00;2022-12-31T00:00+01:00;2022-12-30;Totalt i retning Furuset;19334;100,0;24;24;0;3;99,98;17452;1879;676;611;196;396;385;11
68539V625646;Karihaugen rampe mot Furuset;RV159 S1D1 m1206;2022-12-30T00:00+01:00;2022-12-31T00:00+01:00;2022-12-30;Totalt i retning Skårer;0;100,0;24;24;0;0;100,00;-;-;-;-;-;-;-;-
68539V625646;Karihaugen rampe mot Furuset;RV159 S1D1 m1206;2022-12-30T00:00+01:00;2022-12-31T00:00+01:00;2022-12-30;Totalt;19334;100,0;24;24;0;3;99,98;17452;1879;676;611;196;396;385;11
68539V625646;Karihaugen rampe mot Furuset;RV159 S1D1 m1206;2022-12-31T00:00+01:00;2023-01-01T00:00+01:00;2022-12-31;1;5465;100,0;24;24;0;0;100,00;5368;97;66;14;7;10;10;0
68539V625646;Karihaugen rampe mot Furuset;RV159 S1D1 m1206;2022-12-31T00:00+01:00;2023-01-01T00:00+01:00;2022-12-31;3;7488;100,0;24;24;0;0;100,00;7089;399;155;85;35;124;124;0
68539V625646;Karihaugen rampe mot Furuset;RV159 S1D1 m1206;2022-12-31T00:00+01:00;2023-01-01T00:00+01:00;2022-12-31;5;10;100,0;24;24;0;0;100,00;8;2;0;2;0;0;0;0
68539V625646;Karihaugen rampe mot Furuset;RV159 S1D1 m1206;2022-12-31T00:00+01:00;2023-01-01T00:00+01:00;2022-12-31;Totalt i retning Furuset;12963;100,0;24;24;0;0;100,00;12465;498;221;101;42;134;134;0
68539V625646;Karihaugen rampe mot Furuset;RV159 S1D1 m1206;2022-12-31T00:00+01:00;2023-01-01T00:00+01:00;2022-12-31;Totalt i retning Skårer;0;100,0;24;24;0;0;100,00;-;-;-;-;-;-;-;-
68539V625646;Karihaugen rampe mot Furuset;RV159 S1D1 m1206;2022-12-31T00:00+01:00;2023-01-01T00:00+01:00;2022-12-31;Totalt;12963;100,0;24;24;0;0;100,00;12465;498;221;101;42;134;134;0
68539V625646;Karihaugen rampe mot Furuset;RV159 S1D1 m1206;2023-01-01T00:00+01:00;2023-01-02T00:00+01:00;2023-01-01;1;4532;100,0;24;24;0;0;100,00;4457;75;45;16;0;14;13;1
68539V625646;Karihaugen rampe mot Furuset;RV159 S1D1 m1206;2023-01-01T00:00+01:00;2023-01-02T00:00+01:00;2023-01-01;3;7046;100,0;24;24;0;0;100,00;6741;305;119;71;12;103;103;0
68539V625646;Karihaugen rampe mot Furuset;RV159 S1D1 m1206;2023-01-01T00:00+01:00;2023-01-02T00:00+01:00;2023-01-01;5;8;100,0;24;24;0;1;87,50;5;2;0;2;0;0;0;0
68539V625646;Karihaugen rampe mot Furuset;RV159 S1D1 m1206;2023-01-01T00:00+01:00;2023-01-02T00:00+01:00;2023-01-01;Totalt i retning Furuset;11586;100,0;24;24;0;1;99,99;11203;382;164;89;12;117;116;1
68539V625646;Karihaugen rampe mot Furuset;RV159 S1D1 m1206;2023-01-01T00:00+01:00;2023-01-02T00:00+01:00;2023-01-01;Totalt i retning Skårer;0;100,0;24;24;0;0;100,00;-;-;-;-;-;-;-;-
68539V625646;Karihaugen rampe mot Furuset;RV159 S1D1 m1206;2023-01-01T00:00+01:00;2023-01-02T00:00+01:00;2023-01-01;Totalt;11586;100,0;24;24;0;1;99,99;11203;382;164;89;12;117;116;1
68539V625646;Karihaugen rampe mot Furuset;RV159 S1D1 m1206;2023-01-02T00:00+01:00;2023-01-03T00:00+01:00;2023-01-02;1;12399;100,0;24;24;0;0;100,00;11709;690;334;215;49;92;90;2
68539V625646;Karihaugen rampe mot Furuset;RV159 S1D1 m1206;2023-01-02T00:00+01:00;2023-01-03T00:00+01:00;2023-01-02;3;11582;100,0;24;24;0;5;99,96;9813;1764;561;603;224;376;366;10
68539V625646;Karihaugen rampe mot Furuset;RV159 S1D1 m1206;2023-01-02T00:00+01:00;2023-01-03T00:00+01:00;2023-01-02;5;21;100,0;24;24;0;0;100,00;16;5;0;5;0;0;0;0
68539V625646;Karihaugen rampe mot Furuset;RV159 S1D1 m1206;2023-01-02T00:00+01:00;2023-01-03T00:00+01:00;2023-01-02;Totalt i retning Furuset;24002;100,0;24;24;0;5;99,98;21538;2459;895;823;273;468;456;12
68539V625646;Karihaugen rampe mot Furuset;RV159 S1D1 m1206;2023-01-02T00:00+01:00;2023-01-03T00:00+01:00;2023-01-02;Totalt i retning Skårer;0;100,0;24;24;0;0;100,00;-;-;-;-;-;-;-;-
68539V625646;Karihaugen rampe mot Furuset;RV159 S1D1 m1206;2023-01-02T00:00+01:00;2023-01-03T00:00+01:00;2023-01-02;Totalt;24002;100,0;24;24;0;5;99,98;21538;2459;895;823;273;468;456;12
68539V625646;Karihaugen rampe mot Furuset;RV159 S1D1 m1206;2023-01-03T00:00+01:00;2023-01-04T00:00+01:00;2023-01-03;1;14315;100,0;24;24;0;1;99,99;13478;836;399;257;58;122;118;4
68539V625646;Karihaugen rampe mot Furuset;RV159 S1D1 m1206;2023-01-03T00:00+01:00;2023-01-04T00:00+01:00;2023-01-03;3;12355;100,0;24;24;0;1;99,99;10386;1968;674;651;253;390;383;7
68539V625646;Karihaugen rampe mot Furuset;RV159 S1D1 m1206;2023-01-03T00:00+01:00;2023-01-04T00:00+01:00;2023-01-03;5;29;100,0;24;24;0;0;100,00;22;7;0;5;2;0;0;0
68539V625646;Karihaugen rampe mot Furuset;RV159 S1D1 m1206;2023-01-03T00:00+01:00;2023-01-04T00:00+01:00;2023-01-03;Totalt i retning Furuset;26699;100,0;24;24;0;2;99,99;23886;2811;1073;913;313;512;501;11
68539V625646;Karihaugen rampe mot Furuset;RV159 S1D1 m1206;2023-01-03T00:00+01:00;2023-01-04T00:00+01:00;2023-01-03;Totalt i retning Skårer;0;100,0;24;24;0;0;100,00;-;-;-;-;-;-;-;-
68539V625646;Karihaugen rampe mot Furuset;RV159 S1D1 m1206;2023-01-03T00:00+01:00;2023-01-04T00:00+01:00;2023-01-03;Totalt;26699;100,0;24;24;0;2;99,99;23886;2811;1073;913;313;512;501;11
68539V625646;Karihaugen rampe mot Furuset;RV159 S1D1 m1206;2023-01-04T00:00+01:00;2023-01-05T00:00+01:00;2023-01-04;1;10019;100,0;24;24;0;3;99,97;9188;828;388;263;49;128;123;5
68539V625646;Karihaugen rampe mot Furuset;RV159 S1D1 m1206;2023-01-04T00:00+01:00;2023-01-05T00:00+01:00;2023-01-04;3;10318;100,0;24;24;0;0;100,00;8696;1622;504;561;227;330;325;5
68539V625646;Karihaugen rampe mot Furuset;RV159 S1D1 m1206;2023-01-04T00:00+01:00;2023-01-05T00:00+01:00;2023-01-04;5;83;100,0;24;24;0;2;97,59;68;13;0;8;2;3;3;0
68539V625646;Karihaugen rampe mot Furuset;RV159 S1D1 m1206;2023-01-04T00:00+01:00;2023-01-05T00:00+01:00;2023-01-04;Totalt i retning Furuset;20420;100,0;24;24;0;5;99,98;17952;2463;892;832;278;461;451;10
68539V625646;Karihaugen rampe mot Furuset;RV159 S1D1 m1206;2023-01-04T00:00+01:00;2023-01-05T00:00+01:00;2023-01-04;Totalt i retning Skårer;0;100,0;24;24;0;0;100,00;-;-;-;-;-;-;-;-
68539V625646;Karihaugen rampe mot Furuset;RV159 S1D1 m1206;2023-01-04T00:00+01:00;2023-01-05T00:00+01:00;2023-01-04;Totalt;20420;100,0;24;24;0;5;99,98;17952;2463;892;832;278;461;451;10
68539V625646;Karihaugen rampe mot Furuset;RV159 S1D1 m1206;2023-01-05T00:00+01:00;2023-01-06T00:00+01:00;2023-01-05;1;11282;100,0;24;24;0;5;99,96;10314;963;424;302;83;154;145;9
68539V625646;Karihaugen rampe mot Furuset;RV159 S1D1 m1206;2023-01-05T00:00+01:00;2023-01-06T00:00+01:00;2023-01-05;3;11023;100,0;24;24;0;2;99,98;9270;1751;587;555;255;354;346;8
68539V625646;Karihaugen rampe mot Furuset;RV159 S1D1 m1206;2023-01-05T00:00+01:00;2023-01-06T00:00+01:00;2023-01-05;5;37;100,0;24;24;0;0;100,00;18;19;1;11;4;3;3;0
68539V625646;Karihaugen rampe mot Furuset;RV159 S1D1 m1206;2023-01-05T00:00+01:00;2023-01-06T00:00+01:00;2023-01-05;Totalt i retning Furuset;22342;100,0;24;24;0;7;99,97;19602;2733;1012;868;342;511;494;17
68539V625646;Karihaugen rampe mot Furuset;RV159 S1D1 m1206;2023-01-05T00:00+01:00;2023-01-06T00:00+01:00;2023-01-05;Totalt i retning Skårer;0;100,0;24;24;0;0;100,00;-;-;-;-;-;-;-;-
68539V625646;Karihaugen rampe mot Furuset;RV159 S1D1 m1206;2023-01-05T00:00+01:00;2023-01-06T00:00+01:00;2023-01-05;Totalt;22342;100,0;24;24;0;7;99,97;19602;2733;1012;868;342;511;494;17
68539V625646;Karihaugen rampe mot Furuset;RV159 S1D1 m1206;2023-01-06T00:00+01:00;2023-01-07T00:00+01:00;2023-01-06;1;10686;100,0;24;24;0;2;99,98;9709;975;429;318;84;144;137;7
68539V625646;Karihaugen rampe mot Furuset;RV159 S1D1 m1206;2023-01-06T00:00+01:00;2023-01-07T00:00+01:00;2023-01-06;3;9526;100,0;24;24;0;1;99,99;7964;1561;563;478;215;305;300;5
68539V625646;Karihaugen rampe mot Furuset;RV159 S1D1 m1206;2023-01-06T00:00+01:00;2023-01-07T00:00+01:00;2023-01-06;5;33;100,0;24;24;0;0;100,00;15;18;3;14;0;1;1;0
68539V625646;Karihaugen rampe mot Furuset;RV159 S1D1 m1206;2023-01-06T00:00+01:00;2023-01-07T00:00+01:00;2023-01-06;Totalt i retning Furuset;20244;100,0;24;24;0;2;99,99;17688;2554;995;810;299;450;438;12
68539V625646;Karihaugen rampe mot Furuset;RV159 S1D1 m1206;2023-01-06T00:00+01:00;2023-01-07T00:00+01:00;2023-01-06;Totalt i retning Skårer;1;100,0;24;24;0;1;0,00;-;-;-;-;-;-;-;-
68539V625646;Karihaugen rampe mot Furuset;RV159 S1D1 m1206;2023-01-06T00:00+01:00;2023-01-07T00:00+01:00;2023-01-06;Totalt;20245;100,0;24;24;0;3;99,99;17688;2554;995;810;299;450;438;12
68539V625646;Karihaugen rampe mot Furuset;RV159 S1D1 m1206;2023-01-07T00:00+01:00;2023-01-08T00:00+01:00;2023-01-07;1;6265;100,0;24;24;0;1;99,98;6081;183;117;50;9;7;7;0
68539V625646;Karihaugen rampe mot Furuset;RV159 S1D1 m1206;2023-01-07T00:00+01:00;2023-01-08T00:00+01:00;2023-01-07;3;9011;100,0;24;24;0;0;100,00;8445;566;221;173;40;132;132;0
68539V625646;Karihaugen rampe mot Furuset;RV159 S1D1 m1206;2023-01-07T00:00+01:00;2023-01-08T00:00+01:00;2023-01-07;5;7;100,0;24;24;0;0;100,00;3;4;0;3;0;1;1;0
68539V625646;Karihaugen rampe mot Furuset;RV159 S1D1 m1206;2023-01-07T00:00+01:00;2023-01-08T00:00+01:00;2023-01-07;Totalt i retning Furuset;15283;100,0;24;24;0;1;99,99;14529;753;338;226;49;140;140;0
68539V625646;Karihaugen rampe mot Furuset;RV159 S1D1 m1206;2023-01-07T00:00+01:00;2023-01-08T00:00+01:00;2023-01-07;Totalt i retning Skårer;0;100,0;24;24;0;0;100,00;-;-;-;-;-;-;-;-
68539V625646;Karihaugen rampe mot Furuset;RV159 S1D1 m1206;2023-01-07T00:00+01:00;2023-01-08T00:00+01:00;2023-01-07;Totalt;15283;100,0;24;24;0;1;99,99;14529;753;338;226;49;140;140;0
68539V625646;Karihaugen rampe mot Furuset;RV159 S1D1 m1206;2023-01-08T00:00+01:00;2023-01-09T00:00+01:00;2023-01-08;1;5329;100,0;24;24;0;0;100,00;5178;151;90;39;10;12;11;1
68539V625646;Karihaugen rampe mot Furuset;RV159 S1D1 m1206;2023-01-08T00:00+01:00;2023-01-09T00:00+01:00;2023-01-08;3;7429;100,0;24;24;0;0;100,00;6996;433;153;128;44;108;105;3
68539V625646;Karihaugen rampe mot Furuset;RV159 S1D1 m1206;2023-01-08T00:00+01:00;2023-01-09T00:00+01:00;2023-01-08;5;5;100,0;24;24;0;0;100,00;4;1;0;1;0;0;0;0
68539V625646;Karihaugen rampe mot Furuset;RV159 S1D1 m1206;2023-01-08T00:00+01:00;2023-01-09T00:00+01:00;2023-01-08;Totalt i retning Furuset;12763;100,0;24;24;0;0;100,00;12178;585;243;168;54;120;116;4
68539V625646;Karihaugen rampe mot Furuset;RV159 S1D1 m1206;2023-01-08T00:00+01:00;2023-01-09T00:00+01:00;2023-01-08;Totalt i retning Skårer;0;100,0;24;24;0;0;100,00;-;-;-;-;-;-;-;-
68539V625646;Karihaugen rampe mot Furuset;RV159 S1D1 m1206;2023-01-08T00:00+01:00;2023-01-09T00:00+01:00;2023-01-08;Totalt;12763;100,0;24;24;0;0;100,00;12178;585;243;168;54;120;116;4
68539V625646;Karihaugen rampe mot Furuset;RV159 S1D1 m1206;2023-01-09T00:00+01:00;2023-01-10T00:00+01:00;2023-01-09;1;14654;100,0;24;24;0;7;99,95;13705;942;472;291;66;113;109;4
68539V625646;Karihaugen rampe mot Furuset;RV159 S1D1 m1206;2023-01-09T00:00+01:00;2023-01-10T00:00+01:00;2023-01-09;3;12781;100,0;24;24;0;12;99,91;10644;2125;669;755;279;422;408;14
68539V625646;Karihaugen rampe mot Furuset;RV159 S1D1 m1206;2023-01-09T00:00+01:00;2023-01-10T00:00+01:00;2023-01-09;5;65;100,0;24;24;0;1;98,46;49;15;1;1;8;5;5;0
68539V625646;Karihaugen rampe mot Furuset;RV159 S1D1 m1206;2023-01-09T00:00+01:00;2023-01-10T00:00+01:00;2023-01-09;Totalt i retning Furuset;27499;100,0;24;24;0;19;99,93;24398;3082;1142;1047;353;540;522;18
68539V625646;Karihaugen rampe mot Furuset;RV159 S1D1 m1206;2023-01-09T00:00+01:00;2023-01-10T00:00+01:00;2023-01-09;Totalt i retning Skårer;1;100,0;24;24;0;1;0,00;-;-;-;-;-;-;-;-
68539V625646;Karihaugen rampe mot Furuset;RV159 S1D1 m1206;2023-01-09T00:00+01:00;2023-01-10T00:00+01:00;2023-01-09;Totalt;27500;100,0;24;24;0;20;99,93;24398;3082;1142;1047;353;540;522;18
68539V625646;Karihaugen rampe mot Furuset;RV159 S1D1 m1206;2023-01-10T00:00+01:00;2023-01-11T00:00+01:00;2023-01-10;1;15385;100,0;24;24;0;2;99,99;14388;995;467;302;85;141;136;5
68539V625646;Karihaugen rampe mot Furuset;RV159 S1D1 m1206;2023-01-10T00:00+01:00;2023-01-11T00:00+01:00;2023-01-10;3;13513;100,0;24;24;0;12;99,91;11174;2327;822;781;281;443;429;14
68539V625646;Karihaugen rampe mot Furuset;RV159 S1D1 m1206;2023-01-10T00:00+01:00;2023-01-11T00:00+01:00;2023-01-10;5;115;100,0;24;24;0;1;99,13;100;14;0;2;8;4;4;0
68539V625646;Karihaugen rampe mot Furuset;RV159 S1D1 m1206;2023-01-10T00:00+01:00;2023-01-11T00:00+01:00;2023-01-10;Totalt i retning Furuset;29012;100,0;24;24;0;14;99,95;25662;3336;1289;1085;374;588;569;19
68539V625646;Karihaugen rampe mot Furuset;RV159 S1D1 m1206;2023-01-10T00:00+01:00;2023-01-11T00:00+01:00;2023-01-10;Totalt i retning Skårer;1;100,0;24;24;0;1;0,00;-;-;-;-;-;-;-;-
68539V625646;Karihaugen rampe mot Furuset;RV159 S1D1 m1206;2023-01-10T00:00+01:00;2023-01-11T00:00+01:00;2023-01-10;Totalt;29013;100,0;24;24;0;15;99,95;25662;3336;1289;1085;374;588;569;19
68539V625646;Karihaugen rampe mot Furuset;RV159 S1D1 m1206;2023-01-11T00:00+01:00;2023-01-12T00:00+01:00;2023-01-11;1;15165;100,0;24;24;0;19;99,87;14129;1017;479;300;97;141;138;3
68539V625646;Karihaugen rampe mot Furuset;RV159 S1D1 m1206;2023-01-11T00:00+01:00;2023-01-12T00:00+01:00;2023-01-11;3;13197;100,0;24;24;0;10;99,92;11023;2164;741;717;269;437;423;14
68539V625646;Karihaugen rampe mot Furuset;RV159 S1D1 m1206;2023-01-11T00:00+01:00;2023-01-12T00:00+01:00;2023-01-11;5;227;100,0;24;24;0;0;100,00;191;36;2;8;16;10;10;0
68539V625646;Karihaugen rampe mot Furuset;RV159 S1D1 m1206;2023-01-11T00:00+01:00;2023-01-12T00:00+01:00;2023-01-11;Totalt i retning Furuset;28588;100,0;24;24;0;28;99,90;25343;3217;1222;1025;382;588;571;17
68539V625646;Karihaugen rampe mot Furuset;RV159 S1D1 m1206;2023-01-11T00:00+01:00;2023-01-12T00:00+01:00;2023-01-11;Totalt i retning Skårer;1;100,0;24;24;0;1;0,00;-;-;-;-;-;-;-;-
68539V625646;Karihaugen rampe mot Furuset;RV159 S1D1 m1206;2023-01-11T00:00+01:00;2023-01-12T00:00+01:00;2023-01-11;Totalt;28589;100,0;24;24;0;29;99,90;25343;3217;1222;1025;382;588;571;17
68539V625646;Karihaugen rampe mot Furuset;RV159 S1D1 m1206;2023-01-12T00:00+01:00;2023-01-13T00:00+01:00;2023-01-12;1;16243;100,0;24;24;0;1;99,99;15138;1104;518;324;112;150;144;6
68539V625646;Karihaugen rampe mot Furuset;RV159 S1D1 m1206;2023-01-12T00:00+01:00;2023-01-13T00:00+01:00;2023-01-12;3;13328;100,0;24;24;0;4;99,97;11122;2202;722;735;281;464;453;11
68539V625646;Karihaugen rampe mot Furuset;RV159 S1D1 m1206;2023-01-12T00:00+01:00;2023-01-13T00:00+01:00;2023-01-12;5;76;100,0;24;24;0;1;98,68;59;16;3;4;5;4;4;0
68539V625646;Karihaugen rampe mot Furuset;RV159 S1D1 m1206;2023-01-12T00:00+01:00;2023-01-13T00:00+01:00;2023-01-12;Totalt i retning Furuset;29647;100,0;24;24;0;6;99,98;26319;3322;1243;1063;398;618;601;17
68539V625646;Karihaugen rampe mot Furuset;RV159 S1D1 m1206;2023-01-12T00:00+01:00;2023-01-13T00:00+01:00;2023-01-12;Totalt i retning Skårer;0;100,0;24;24;0;0;100,00;-;-;-;-;-;-;-;-
68539V625646;Karihaugen rampe mot Furuset;RV159 S1D1 m1206;2023-01-12T00:00+01:00;2023-01-13T00:00+01:00;2023-01-12;Totalt;29647;100,0;24;24;0;6;99,98;26319;3322;1243;1063;398;618;601;17
68539V625646;Karihaugen rampe mot Furuset;RV159 S1D1 m1206;2023-01-13T00:00+01:00;2023-01-14T00:00+01:00;2023-01-13;1;15145;100,0;24;24;0;2;99,99;14197;946;464;265;76;141;137;4
68539V625646;Karihaugen rampe mot Furuset;RV159 S1D1 m1206;2023-01-13T00:00+01:00;2023-01-14T00:00+01:00;2023-01-13;3;12599;100,0;24;24;0;4;99,97;10658;1937;641;655;257;384;372;12
68539V625646;Karihaugen rampe mot Furuset;RV159 S1D1 m1206;2023-01-13T00:00+01:00;2023-01-14T00:00+01:00;2023-01-13;5;38;100,0;24;24;0;0;100,00;32;6;2;2;2;0;0;0
68539V625646;Karihaugen rampe mot Furuset;RV159 S1D1 m1206;2023-01-13T00:00+01:00;2023-01-14T00:00+01:00;2023-01-13;Totalt i retning Furuset;27782;100,0;24;24;0;6;99,98;24887;2889;1107;922;335;525;509;16
68539V625646;Karihaugen rampe mot Furuset;RV159 S1D1 m1206;2023-01-13T00:00+01:00;2023-01-14T00:00+01:00;2023-01-13;Totalt i retning Skårer;0;100,0;24;24;0;0;100,00;-;-;-;-;-;-;-;-
68539V625646;Karihaugen rampe mot Furuset;RV159 S1D1 m1206;2023-01-13T00:00+01:00;2023-01-14T00:00+01:00;2023-01-13;Totalt;27782;100,0;24;24;0;6;99,98;24887;2889;1107;922;335;525;509;16
68539V625646;Karihaugen rampe mot Furuset;RV159 S1D1 m1206;2023-01-14T00:00+01:00;2023-01-15T00:00+01:00;2023-01-14;1;9101;100,0;24;24;0;0;100,00;8902;199;126;57;4;12;12;0
68539V625646;Karihaugen rampe mot Furuset;RV159 S1D1 m1206;2023-01-14T00:00+01:00;2023-01-15T00:00+01:00;2023-01-14;3;11048;100,0;24;24;0;1;99,99;10395;652;274;217;26;135;135;0
68539V625646;Karihaugen rampe mot Furuset;RV159 S1D1 m1206;2023-01-14T00:00+01:00;2023-01-15T00:00+01:00;2023-01-14;5;15;100,0;24;24;0;2;86,67;10;3;2;1;0;0;0;0
68539V625646;Karihaugen rampe mot Furuset;RV159 S1D1 m1206;2023-01-14T00:00+01:00;2023-01-15T00:00+01:00;2023-01-14;Totalt i retning Furuset;20164;100,0;24;24;0;3;99,99;19307;854;402;275;30;147;147;0
68539V625646;Karihaugen rampe mot Furuset;RV159 S1D1 m1206;2023-01-14T00:00+01:00;2023-01-15T00:00+01:00;2023-01-14;Totalt i retning Skårer;0;100,0;24;24;0;0;100,00;-;-;-;-;-;-;-;-
68539V625646;Karihaugen rampe mot Furuset;RV159 S1D1 m1206;2023-01-14T00:00+01:00;2023-01-15T00:00+01:00;2023-01-14;Totalt;20164;100,0;24;24;0;3;99,99;19307;854;402;275;30;147;147;0
68539V625646;Karihaugen rampe mot Furuset;RV159 S1D1 m1206;2023-01-15T00:00+01:00;2023-01-16T00:00+01:00;2023-01-15;1;6257;100,0;24;24;0;0;100,00;6095;162;101;35;3;23;19;4
68539V625646;Karihaugen rampe mot Furuset;RV159 S1D1 m1206;2023-01-15T00:00+01:00;2023-01-16T00:00+01:00;2023-01-15;3;9107;100,0;24;24;0;1;99,99;8601;505;210;149;37;109;107;2
68539V625646;Karihaugen rampe mot Furuset;RV159 S1D1 m1206;2023-01-15T00:00+01:00;2023-01-16T00:00+01:00;2023-01-15;5;27;100,0;24;24;0;0;100,00;6;21;0;21;0;0;0;0
68539V625646;Karihaugen rampe mot Furuset;RV159 S1D1 m1206;2023-01-15T00:00+01:00;2023-01-16T00:00+01:00;2023-01-15;Totalt i retning Furuset;15390;100,0;24;24;0;1;99,99;14702;687;311;204;40;132;126;6
68539V625646;Karihaugen rampe mot Furuset;RV159 S1D1 m1206;2023-01-15T00:00+01:00;2023-01-16T00:00+01:00;2023-01-15;Totalt i retning Skårer;1;100,0;24;24;0;1;0,00;-;-;-;-;-;-;-;-
68539V625646;Karihaugen rampe mot Furuset;RV159 S1D1 m1206;2023-01-15T00:00+01:00;2023-01-16T00:00+01:00;2023-01-15;Totalt;15391;100,0;24;24;0;1;99,99;14702;688;311;205;40;132;126;6
68539V625646;Karihaugen rampe mot Furuset;RV159 S1D1 m1206;2023-01-16T00:00+01:00;2023-01-17T00:00+01:00;2023-01-16;1;14763;100,0;24;24;0;4;99,97;13745;1014;480;309;99;126;126;0
68539V625646;Karihaugen rampe mot Furuset;RV159 S1D1 m1206;2023-01-16T00:00+01:00;2023-01-17T00:00+01:00;2023-01-16;3;13073;100,0;24;24;0;5;99,96;10856;2212;684;745;289;494;482;12
68539V625646;Karihaugen rampe mot Furuset;RV159 S1D1 m1206;2023-01-16T00:00+01:00;2023-01-17T00:00+01:00;2023-01-16;5;44;100,0;24;24;0;0;100,00;27;17;0;7;6;4;4;0
68539V625646;Karihaugen rampe mot Furuset;RV159 S1D1 m1206;2023-01-16T00:00+01:00;2023-01-17T00:00+01:00;2023-01-16;Totalt i retning Furuset;27877;100,0;24;24;0;7;99,97;24627;3243;1164;1061;394;624;612;12
68539V625646;Karihaugen rampe mot Furuset;RV159 S1D1 m1206;2023-01-16T00:00+01:00;2023-01-17T00:00+01:00;2023-01-16;Totalt i retning Skårer;3;100,0;24;24;0;3;0,00;-;-;-;-;-;-;-;-
68539V625646;Karihaugen rampe mot Furuset;RV159 S1D1 m1206;2023-01-16T00:00+01:00;2023-01-17T00:00+01:00;2023-01-16;Totalt;27880;100,0;24;24;0;9;99,97;24628;3243;1164;1061;394;624;612;12
68539V625646;Karihaugen rampe mot Furuset;RV159 S1D1 m1206;2023-01-17T00:00+01:00;2023-01-18T00:00+01:00;2023-01-17;1;14144;100,0;24;24;0;6;99,96;13147;991;499;268;102;122;117;5
68539V625646;Karihaugen rampe mot Furuset;RV159 S1D1 m1206;2023-01-17T00:00+01:00;2023-01-18T00:00+01:00;2023-01-17;3;13457;100,0;24;24;0;11;99,92;11077;2369;816;759;274;520;504;16
68539V625646;Karihaugen rampe mot Furuset;RV159 S1D1 m1206;2023-01-17T00:00+01:00;2023-01-18T00:00+01:00;2023-01-17;5;239;100,0;24;24;0;2;99,16;189;48;4;8;25;11;11;0
68539V625646;Karihaugen rampe mot Furuset;RV159 S1D1 m1206;2023-01-17T00:00+01:00;2023-01-18T00:00+01:00;2023-01-17;Totalt i retning Furuset;27840;100,0;24;24;0;19;99,93;24413;3408;1319;1035;401;653;632;21
68539V625646;Karihaugen rampe mot Furuset;RV159 S1D1 m1206;2023-01-17T00:00+01:00;2023-01-18T00:00+01:00;2023-01-17;Totalt i retning Skårer;0;100,0;24;24;0;0;100,00;-;-;-;-;-;-;-;-
68539V625646;Karihaugen rampe mot Furuset;RV159 S1D1 m1206;2023-01-17T00:00+01:00;2023-01-18T00:00+01:00;2023-01-17;Totalt;27840;100,0;24;24;0;19;99,93;24413;3408;1319;1035;401;653;632;21
68539V625646;Karihaugen rampe mot Furuset;RV159 S1D1 m1206;2023-01-18T00:00+01:00;2023-01-19T00:00+01:00;2023-01-18;1;15155;100,0;24;24;0;6;99,96;14099;1050;517;304;94;135;129;6
68539V625646;Karihaugen rampe mot Furuset;RV159 S1D1 m1206;2023-01-18T00:00+01:00;2023-01-19T00:00+01:00;2023-01-18;3;13691;100,0;24;24;0;12;99,91;11348;2331;796;760;289;486;470;16
68539V625646;Karihaugen rampe mot Furuset;RV159 S1D1 m1206;2023-01-18T00:00+01:00;2023-01-19T00:00+01:00;2023-01-18;5;167;100,0;24;24;0;1;99,40;137;29;2;6;14;7;7;0
68539V625646;Karihaugen rampe mot Furuset;RV159 S1D1 m1206;2023-01-18T00:00+01:00;2023-01-19T00:00+01:00;2023-01-18;Totalt i retning Furuset;29012;100,0;24;24;0;19;99,93;25583;3410;1315;1070;397;628;606;22
68539V625646;Karihaugen rampe mot Furuset;RV159 S1D1 m1206;2023-01-18T00:00+01:00;2023-01-19T00:00+01:00;2023-01-18;Totalt i retning Skårer;1;100,0;24;24;0;1;0,00;-;-;-;-;-;-;-;-
68539V625646;Karihaugen rampe mot Furuset;RV159 S1D1 m1206;2023-01-18T00:00+01:00;2023-01-19T00:00+01:00;2023-01-18;Totalt;29013;100,0;24;24;0;19;99,93;25584;3410;1315;1070;397;628;606;22
68539V625646;Karihaugen rampe mot Furuset;RV159 S1D1 m1206;2023-01-19T00:00+01:00;2023-01-20T00:00+01:00;2023-01-19;1;15549;100,0;24;24;0;1;99,99;14545;1003;493;302;68;140;137;3
68539V625646;Karihaugen rampe mot Furuset;RV159 S1D1 m1206;2023-01-19T00:00+01:00;2023-01-20T00:00+01:00;2023-01-19;3;13526;100,0;24;24;0;6;99,96;11258;2262;773;754;276;459;445;14
68539V625646;Karihaugen rampe mot Furuset;RV159 S1D1 m1206;2023-01-19T00:00+01:00;2023-01-20T00:00+01:00;2023-01-19;5;81;100,0;24;24;0;0;100,00;60;21;1;5;5;10;10;0
68539V625646;Karihaugen rampe mot Furuset;RV159 S1D1 m1206;2023-01-19T00:00+01:00;2023-01-20T00:00+01:00;2023-01-19;Totalt i retning Furuset;29155;100,0;24;24;0;7;99,98;25863;3285;1267;1060;349;609;592;17
68539V625646;Karihaugen rampe mot Furuset;RV159 S1D1 m1206;2023-01-19T00:00+01:00;2023-01-20T00:00+01:00;2023-01-19;Totalt i retning Skårer;1;100,0;24;24;0;1;0,00;-;-;-;-;-;-;-;-
68539V625646;Karihaugen rampe mot Furuset;RV159 S1D1 m1206;2023-01-19T00:00+01:00;2023-01-20T00:00+01:00;2023-01-19;Totalt;29156;100,0;24;24;0;7;99,98;25863;3286;1267;1061;349;609;592;17
68539V625646;Karihaugen rampe mot Furuset;RV159 S1D1 m1206;2023-01-20T00:00+01:00;2023-01-21T00:00+01:00;2023-01-20;1;15220;100,0;24;24;0;2;99,99;14261;957;481;276;61;139;135;4
68539V625646;Karihaugen rampe mot Furuset;RV159 S1D1 m1206;2023-01-20T00:00+01:00;2023-01-21T00:00+01:00;2023-01-20;3;12246;100,0;24;24;0;2;99,98;10282;1962;655;689;220;398;386;12
68539V625646;Karihaugen rampe mot Furuset;RV159 S1D1 m1206;2023-01-20T00:00+01:00;2023-01-21T00:00+01:00;2023-01-20;5;47;100,0;24;24;0;1;97,87;29;17;3;9;3;2;2;0
68539V625646;Karihaugen rampe mot Furuset;RV159 S1D1 m1206;2023-01-20T00:00+01:00;2023-01-21T00:00+01:00;2023-01-20;Totalt i retning Furuset;27513;100,0;24;24;0;5;99,98;24572;2936;1139;974;284;539;523;16
68539V625646;Karihaugen rampe mot Furuset;RV159 S1D1 m1206;2023-01-20T00:00+01:00;2023-01-21T00:00+01:00;2023-01-20;Totalt i retning Skårer;0;100,0;24;24;0;0;100,00;-;-;-;-;-;-;-;-
68539V625646;Karihaugen rampe mot Furuset;RV159 S1D1 m1206;2023-01-20T00:00+01:00;2023-01-21T00:00+01:00;2023-01-20;Totalt;27513;100,0;24;24;0;5;99,98;24572;2936;1139;974;284;539;523;16
68539V625646;Karihaugen rampe mot Furuset;RV159 S1D1 m1206;2023-01-21T00:00+01:00;2023-01-22T00:00+01:00;2023-01-21;1;8676;100,0;24;24;0;0;100,00;8479;197;118;57;9;13;13;0
68539V625646;Karihaugen rampe mot Furuset;RV159 S1D1 m1206;2023-01-21T00:00+01:00;2023-01-22T00:00+01:00;2023-01-21;3;10191;100,0;24;24;0;1;99,99;9566;624;253;190;48;133;133;0
68539V625646;Karihaugen rampe mot Furuset;RV159 S1D1 m1206;2023-01-21T00:00+01:00;2023-01-22T00:00+01:00;2023-01-21;5;9;100,0;24;24;0;1;88,89;6;2;1;1;0;0;0;0
68539V625646;Karihaugen rampe mot Furuset;RV159 S1D1 m1206;2023-01-21T00:00+01:00;2023-01-22T00:00+01:00;2023-01-21;Totalt i retning Furuset;18876;100,0;24;24;0;2;99,99;18051;823;372;248;57;146;146;0
68539V625646;Karihaugen rampe mot Furuset;RV159 S1D1 m1206;2023-01-21T00:00+01:00;2023-01-22T00:00+01:00;2023-01-21;Totalt i retning Skårer;0;100,0;24;24;0;0;100,00;-;-;-;-;-;-;-;-
68539V625646;Karihaugen rampe mot Furuset;RV159 S1D1 m1206;2023-01-21T00:00+01:00;2023-01-22T00:00+01:00;2023-01-21;Totalt;18876;100,0;24;24;0;2;99,99;18051;823;372;248;57;146;146;0
68539V625646;Karihaugen rampe mot Furuset;RV159 S1D1 m1206;2023-01-22T00:00+01:00;2023-01-23T00:00+01:00;2023-01-22;1;6342;100,0;24;24;0;1;99,98;6217;124;69;29;5;21;19;2
68539V625646;Karihaugen rampe mot Furuset;RV159 S1D1 m1206;2023-01-22T00:00+01:00;2023-01-23T00:00+01:00;2023-01-22;3;8821;100,0;24;24;0;0;100,00;8383;438;175;118;26;119;119;0
68539V625646;Karihaugen rampe mot Furuset;RV159 S1D1 m1206;2023-01-22T00:00+01:00;2023-01-23T00:00+01:00;2023-01-22;5;8;100,0;24;24;0;0;100,00;4;4;0;4;0;0;0;0
68539V625646;Karihaugen rampe mot Furuset;RV159 S1D1 m1206;2023-01-22T00:00+01:00;2023-01-23T00:00+01:00;2023-01-22;Totalt i retning Furuset;15170;100,0;24;24;0;1;99,99;14604;565;243;151;31;140;138;2
68539V625646;Karihaugen rampe mot Furuset;RV159 S1D1 m1206;2023-01-22T00:00+01:00;2023-01-23T00:00+01:00;2023-01-22;Totalt i retning Skårer;1;100,0;24;24;0;1;0,00;-;-;-;-;-;-;-;-
68539V625646;Karihaugen rampe mot Furuset;RV159 S1D1 m1206;2023-01-22T00:00+01:00;2023-01-23T00:00+01:00;2023-01-22;Totalt;15171;100,0;24;24;0;1;99,99;14604;566;244;151;31;140;138;2
68539V625646;Karihaugen rampe mot Furuset;RV159 S1D1 m1206;2023-01-23T00:00+01:00;2023-01-24T00:00+01:00;2023-01-23;1;14520;100,0;24;24;0;1;99,99;13590;929;477;281;65;106;102;4
68539V625646;Karihaugen rampe mot Furuset;RV159 S1D1 m1206;2023-01-23T00:00+01:00;2023-01-24T00:00+01:00;2023-01-23;3;13299;100,0;24;24;0;8;99,94;10989;2302;776;763;278;485;466;19
68539V625646;Karihaugen rampe mot Furuset;RV159 S1D1 m1206;2023-01-23T00:00+01:00;2023-01-24T00:00+01:00;2023-01-23;5;138;100,0;24;24;0;0;100,00;114;24;3;4;11;6;6;0
68539V625646;Karihaugen rampe mot Furuset;RV159 S1D1 m1206;2023-01-23T00:00+01:00;2023-01-24T00:00+01:00;2023-01-23;Totalt i retning Furuset;27957;100,0;24;24;0;9;99,97;24693;3255;1256;1048;354;597;574;23
68539V625646;Karihaugen rampe mot Furuset;RV159 S1D1 m1206;2023-01-23T00:00+01:00;2023-01-24T00:00+01:00;2023-01-23;Totalt i retning Skårer;0;100,0;24;24;0;0;100,00;-;-;-;-;-;-;-;-
68539V625646;Karihaugen rampe mot Furuset;RV159 S1D1 m1206;2023-01-23T00:00+01:00;2023-01-24T00:00+01:00;2023-01-23;Totalt;27957;100,0;24;24;0;9;99,97;24693;3255;1256;1048;354;597;574;23
68539V625646;Karihaugen rampe mot Furuset;RV159 S1D1 m1206;2023-01-24T00:00+01:00;2023-01-25T00:00+01:00;2023-01-24;1;15134;100,0;24;24;0;1;99,99;14178;955;465;301;57;132;128;4
68539V625646;Karihaugen rampe mot Furuset;RV159 S1D1 m1206;2023-01-24T00:00+01:00;2023-01-25T00:00+01:00;2023-01-24;3;13720;100,0;24;24;0;20;99,85;11280;2420;863;822;220;515;498;17
68539V625646;Karihaugen rampe mot Furuset;RV159 S1D1 m1206;2023-01-24T00:00+01:00;2023-01-25T00:00+01:00;2023-01-24;5;108;100,0;24;24;0;1;99,07;97;10;0;0;5;5;5;0
68539V625646;Karihaugen rampe mot Furuset;RV159 S1D1 m1206;2023-01-24T00:00+01:00;2023-01-25T00:00+01:00;2023-01-24;Totalt i retning Furuset;28961;100,0;24;24;0;21;99,93;25555;3385;1328;1123;282;652;631;21
68539V625646;Karihaugen rampe mot Furuset;RV159 S1D1 m1206;2023-01-24T00:00+01:00;2023-01-25T00:00+01:00;2023-01-24;Totalt i retning Skårer;1;100,0;24;24;0;1;0,00;-;-;-;-;-;-;-;-
68539V625646;Karihaugen rampe mot Furuset;RV159 S1D1 m1206;2023-01-24T00:00+01:00;2023-01-25T00:00+01:00;2023-01-24;Totalt;28962;100,0;24;24;0;22;99,92;25555;3385;1328;1123;282;652;631;21
68539V625646;Karihaugen rampe mot Furuset;RV159 S1D1 m1206;2023-01-25T00:00+01:00;2023-01-26T00:00+01:00;2023-01-25;1;15869;100,0;24;24;0;2;99,99;14851;1016;492;297;95;132;128;4
68539V625646;Karihaugen rampe mot Furuset;RV159 S1D1 m1206;2023-01-25T00:00+01:00;2023-01-26T00:00+01:00;2023-01-25;3;13647;100,0;24;24;0;2;99,99;11271;2374;823;815;261;475;468;7
68539V625646;Karihaugen rampe mot Furuset;RV159 S1D1 m1206;2023-01-25T00:00+01:00;2023-01-26T00:00+01:00;2023-01-25;5;102;100,0;24;24;0;1;99,02;86;15;0;2;10;3;3;0
68539V625646;Karihaugen rampe mot Furuset;RV159 S1D1 m1206;2023-01-25T00:00+01:00;2023-01-26T00:00+01:00;2023-01-25;Totalt i retning Furuset;29616;100,0;24;24;0;5;99,98;26207;3404;1314;1114;366;610;599;11
68539V625646;Karihaugen rampe mot Furuset;RV159 S1D1 m1206;2023-01-25T00:00+01:00;2023-01-26T00:00+01:00;2023-01-25;Totalt i retning Skårer;2;100,0;24;24;0;2;0,00;-;-;-;-;-;-;-;-
68539V625646;Karihaugen rampe mot Furuset;RV159 S1D1 m1206;2023-01-25T00:00+01:00;2023-01-26T00:00+01:00;2023-01-25;Totalt;29618;100,0;24;24;0;5;99,98;26208;3405;1315;1114;366;610;599;11
68539V625646;Karihaugen rampe mot Furuset;RV159 S1D1 m1206;2023-01-26T00:00+01:00;2023-01-27T00:00+01:00;2023-01-26;1;15972;100,0;24;24;0;0;100,00;14987;985;485;292;76;132;127;5
68539V625646;Karihaugen rampe mot Furuset;RV159 S1D1 m1206;2023-01-26T00:00+01:00;2023-01-27T00:00+01:00;2023-01-26;3;13814;100,0;24;24;0;5;99,96;11420;2389;802;813;318;456;446;10
68539V625646;Karihaugen rampe mot Furuset;RV159 S1D1 m1206;2023-01-26T00:00+01:00;2023-01-27T00:00+01:00;2023-01-26;5;96;100,0;24;24;0;0;100,00;77;19;3;3;4;9;9;0
68539V625646;Karihaugen rampe mot Furuset;RV159 S1D1 m1206;2023-01-26T00:00+01:00;2023-01-27T00:00+01:00;2023-01-26;Totalt i retning Furuset;29882;100,0;24;24;0;5;99,98;26484;3393;1290;1108;398;597;582;15
68539V625646;Karihaugen rampe mot Furuset;RV159 S1D1 m1206;2023-01-26T00:00+01:00;2023-01-27T00:00+01:00;2023-01-26;Totalt i retning Skårer;0;100,0;24;24;0;0;100,00;-;-;-;-;-;-;-;-
68539V625646;Karihaugen rampe mot Furuset;RV159 S1D1 m1206;2023-01-26T00:00+01:00;2023-01-27T00:00+01:00;2023-01-26;Totalt;29882;100,0;24;24;0;5;99,98;26484;3393;1290;1108;398;597;582;15
68539V625646;Karihaugen rampe mot Furuset;RV159 S1D1 m1206;2023-01-27T00:00+01:00;2023-01-28T00:00+01:00;2023-01-27;1;15088;100,0;24;24;0;0;100,00;14172;916;460;254;60;142;138;4
68539V625646;Karihaugen rampe mot Furuset;RV159 S1D1 m1206;2023-01-27T00:00+01:00;2023-01-28T00:00+01:00;2023-01-27;3;13105;100,0;24;24;0;3;99,98;11010;2092;756;695;259;382;369;13
68539V625646;Karihaugen rampe mot Furuset;RV159 S1D1 m1206;2023-01-27T00:00+01:00;2023-01-28T00:00+01:00;2023-01-27;5;51;100,0;24;24;0;1;98,04;47;3;1;0;1;1;1;0
68539V625646;Karihaugen rampe mot Furuset;RV159 S1D1 m1206;2023-01-27T00:00+01:00;2023-01-28T00:00+01:00;2023-01-27;Totalt i retning Furuset;28243;100,0;24;24;0;4;99,99;25229;3010;1217;948;320;525;508;17
68539V625646;Karihaugen rampe mot Furuset;RV159 S1D1 m1206;2023-01-27T00:00+01:00;2023-01-28T00:00+01:00;2023-01-27;Totalt i retning Skårer;1;100,0;24;24;0;1;0,00;-;-;-;-;-;-;-;-
68539V625646;Karihaugen rampe mot Furuset;RV159 S1D1 m1206;2023-01-27T00:00+01:00;2023-01-28T00:00+01:00;2023-01-27;Totalt;28244;100,0;24;24;0;4;99,99;25229;3011;1217;949;320;525;508;17
68539V625646;Karihaugen rampe mot Furuset;RV159 S1D1 m1206;2023-01-28T00:00+01:00;2023-01-29T00:00+01:00;2023-01-28;1;8696;100,0;24;24;0;0;100,00;8492;204;125;59;4;16;16;0
68539V625646;Karihaugen rampe mot Furuset;RV159 S1D1 m1206;2023-01-28T00:00+01:00;2023-01-29T00:00+01:00;2023-01-28;3;10655;100,0;24;24;0;0;100,00;10041;614;240;207;35;132;129;3
68539V625646;Karihaugen rampe mot Furuset;RV159 S1D1 m1206;2023-01-28T00:00+01:00;2023-01-29T00:00+01:00;2023-01-28;5;10;100,0;24;24;0;2;80,00;5;3;0;3;0;0;0;0
68539V625646;Karihaugen rampe mot Furuset;RV159 S1D1 m1206;2023-01-28T00:00+01:00;2023-01-29T00:00+01:00;2023-01-28;Totalt i retning Furuset;19361;100,0;24;24;0;2;99,99;18538;821;365;269;39;148;145;3
68539V625646;Karihaugen rampe mot Furuset;RV159 S1D1 m1206;2023-01-28T00:00+01:00;2023-01-29T00:00+01:00;2023-01-28;Totalt i retning Skårer;0;100,0;24;24;0;0;100,00;-;-;-;-;-;-;-;-
68539V625646;Karihaugen rampe mot Furuset;RV159 S1D1 m1206;2023-01-28T00:00+01:00;2023-01-29T00:00+01:00;2023-01-28;Totalt;19361;100,0;24;24;0;2;99,99;18538;821;365;269;39;148;145;3
68539V625646;Karihaugen rampe mot Furuset;RV159 S1D1 m1206;2023-01-29T00:00+01:00;2023-01-30T00:00+01:00;2023-01-29;1;7014;100,0;24;24;0;0;100,00;6855;159;108;25;8;18;18;0
68539V625646;Karihaugen rampe mot Furuset;RV159 S1D1 m1206;2023-01-29T00:00+01:00;2023-01-30T00:00+01:00;2023-01-29;3;9006;100,0;24;24;0;0;100,00;8520;486;192;137;30;127;120;7
68539V625646;Karihaugen rampe mot Furuset;RV159 S1D1 m1206;2023-01-29T00:00+01:00;2023-01-30T00:00+01:00;2023-01-29;5;13;100,0;24;24;0;0;100,00;7;6;0;3;0;3;3;0
68539V625646;Karihaugen rampe mot Furuset;RV159 S1D1 m1206;2023-01-29T00:00+01:00;2023-01-30T00:00+01:00;2023-01-29;Totalt i retning Furuset;16033;100,0;24;24;0;0;100,00;15382;651;300;165;38;148;141;7
68539V625646;Karihaugen rampe mot Furuset;RV159 S1D1 m1206;2023-01-29T00:00+01:00;2023-01-30T00:00+01:00;2023-01-29;Totalt i retning Skårer;0;100,0;24;24;0;0;100,00;-;-;-;-;-;-;-;-
68539V625646;Karihaugen rampe mot Furuset;RV159 S1D1 m1206;2023-01-29T00:00+01:00;2023-01-30T00:00+01:00;2023-01-29;Totalt;16033;100,0;24;24;0;0;100,00;15382;651;300;165;38;148;141;7
68539V625646;Karihaugen rampe mot Furuset;RV159 S1D1 m1206;2023-01-30T00:00+01:00;2023-01-31T00:00+01:00;2023-01-30;1;15572;100,0;24;24;0;2;99,99;14564;1006;542;255;70;139;137;2
68539V625646;Karihaugen rampe mot Furuset;RV159 S1D1 m1206;2023-01-30T00:00+01:00;2023-01-31T00:00+01:00;2023-01-30;3;13399;100,0;24;24;0;6;99,96;10912;2481;843;830;296;512;496;16
68539V625646;Karihaugen rampe mot Furuset;RV159 S1D1 m1206;2023-01-30T00:00+01:00;2023-01-31T00:00+01:00;2023-01-30;5;70;100,0;24;24;0;0;100,00;64;6;0;0;5;1;1;0
68539V625646;Karihaugen rampe mot Furuset;RV159 S1D1 m1206;2023-01-30T00:00+01:00;2023-01-31T00:00+01:00;2023-01-30;Totalt i retning Furuset;29039;100,0;24;24;0;6;99,98;25540;3493;1385;1085;371;652;634;18
68539V625646;Karihaugen rampe mot Furuset;RV159 S1D1 m1206;2023-01-30T00:00+01:00;2023-01-31T00:00+01:00;2023-01-30;Totalt i retning Skårer;2;100,0;24;24;0;2;0,00;-;-;-;-;-;-;-;-
68539V625646;Karihaugen rampe mot Furuset;RV159 S1D1 m1206;2023-01-30T00:00+01:00;2023-01-31T00:00+01:00;2023-01-30;Totalt;29041;100,0;24;24;0;8;99,97;25540;3493;1385;1085;371;652;634;18
68539V625646;Karihaugen rampe mot Furuset;RV159 S1D1 m1206;2023-01-31T00:00+01:00;2023-02-01T00:00+01:00;2023-01-31;1;15526;100,0;24;24;0;3;99,98;14516;1007;488;291;91;137;132;5
68539V625646;Karihaugen rampe mot Furuset;RV159 S1D1 m1206;2023-01-31T00:00+01:00;2023-02-01T00:00+01:00;2023-01-31;3;13605;100,0;24;24;0;3;99,98;11207;2395;804;760;354;477;466;11
68539V625646;Karihaugen rampe mot Furuset;RV159 S1D1 m1206;2023-01-31T00:00+01:00;2023-02-01T00:00+01:00;2023-01-31;5;77;100,0;24;24;0;0;100,00;67;10;1;2;5;2;2;0
68539V625646;Karihaugen rampe mot Furuset;RV159 S1D1 m1206;2023-01-31T00:00+01:00;2023-02-01T00:00+01:00;2023-01-31;Totalt i retning Furuset;29207;100,0;24;24;0;5;99,98;25790;3412;1293;1053;450;616;600;16
68539V625646;Karihaugen rampe mot Furuset;RV159 S1D1 m1206;2023-01-31T00:00+01:00;2023-02-01T00:00+01:00;2023-01-31;Totalt i retning Skårer;1;100,0;24;24;0;1;0,00;-;-;-;-;-;-;-;-
68539V625646;Karihaugen rampe mot Furuset;RV159 S1D1 m1206;2023-01-31T00:00+01:00;2023-02-01T00:00+01:00;2023-01-31;Totalt;29208;100,0;24;24;0;6;99,98;25790;3412;1293;1053;450;616;600;16
68539V625646;Karihaugen rampe mot Furuset;RV159 S1D1 m1206;2023-02-01T00:00+01:00;2023-02-02T00:00+01:00;2023-02-01;1;15234;100,0;24;24;0;7;99,95;14245;982;477;284;79;142;139;3
68539V625646;Karihaugen rampe mot Furuset;RV159 S1D1 m1206;2023-02-01T00:00+01:00;2023-02-02T00:00+01:00;2023-02-01;3;13731;100,0;24;24;0;10;99,93;11207;2514;868;803;328;515;504;11
68539V625646;Karihaugen rampe mot Furuset;RV159 S1D1 m1206;2023-02-01T00:00+01:00;2023-02-02T00:00+01:00;2023-02-01;5;173;100,0;24;24;0;0;100,00;140;33;7;3;15;8;8;0
68539V625646;Karihaugen rampe mot Furuset;RV159 S1D1 m1206;2023-02-01T00:00+01:00;2023-02-02T00:00+01:00;2023-02-01;Totalt i retning Furuset;29138;100,0;24;24;0;17;99,94;25592;3529;1352;1090;422;665;651;14
68539V625646;Karihaugen rampe mot Furuset;RV159 S1D1 m1206;2023-02-01T00:00+01:00;2023-02-02T00:00+01:00;2023-02-01;Totalt i retning Skårer;0;100,0;24;24;0;0;100,00;-;-;-;-;-;-;-;-
68539V625646;Karihaugen rampe mot Furuset;RV159 S1D1 m1206;2023-02-01T00:00+01:00;2023-02-02T00:00+01:00;2023-02-01;Totalt;29138;100,0;24;24;0;17;99,94;25592;3529;1352;1090;422;665;651;14
68539V625646;Karihaugen rampe mot Furuset;RV159 S1D1 m1206;2023-02-02T00:00+01:00;2023-02-03T00:00+01:00;2023-02-02;1;15745;100,0;24;24;0;1;99,99;14724;1020;506;267;101;146;142;4
68539V625646;Karihaugen rampe mot Furuset;RV159 S1D1 m1206;2023-02-02T00:00+01:00;2023-02-03T00:00+01:00;2023-02-02;3;13556;100,0;24;24;0;5;99,96;11255;2296;778;744;340;434;422;12
68539V625646;Karihaugen rampe mot Furuset;RV159 S1D1 m1206;2023-02-02T00:00+01:00;2023-02-03T00:00+01:00;2023-02-02;5;68;100,0;24;24;0;0;100,00;56;12;2;2;6;2;2;0
68539V625646;Karihaugen rampe mot Furuset;RV159 S1D1 m1206;2023-02-02T00:00+01:00;2023-02-03T00:00+01:00;2023-02-02;Totalt i retning Furuset;29369;100,0;24;24;0;6;99,98;26035;3328;1286;1013;447;582;566;16
68539V625646;Karihaugen rampe mot Furuset;RV159 S1D1 m1206;2023-02-02T00:00+01:00;2023-02-03T00:00+01:00;2023-02-02;Totalt i retning Skårer;0;100,0;24;24;0;0;100,00;-;-;-;-;-;-;-;-
68539V625646;Karihaugen rampe mot Furuset;RV159 S1D1 m1206;2023-02-02T00:00+01:00;2023-02-03T00:00+01:00;2023-02-02;Totalt;29369;100,0;24;24;0;6;99,98;26035;3328;1286;1013;447;582;566;16
68539V625646;Karihaugen rampe mot Furuset;RV159 S1D1 m1206;2023-02-03T00:00+01:00;2023-02-04T00:00+01:00;2023-02-03;1;14390;100,0;24;24;0;3;99,98;13412;975;490;265;87;133;128;5
68539V625646;Karihaugen rampe mot Furuset;RV159 S1D1 m1206;2023-02-03T00:00+01:00;2023-02-04T00:00+01:00;2023-02-03;3;12801;100,0;24;24;0;2;99,98;10790;2009;680;672;267;390;383;7
68539V625646;Karihaugen rampe mot Furuset;RV159 S1D1 m1206;2023-02-03T00:00+01:00;2023-02-04T00:00+01:00;2023-02-03;5;39;100,0;24;24;0;0;100,00;25;14;1;4;6;3;3;0
68539V625646;Karihaugen rampe mot Furuset;RV159 S1D1 m1206;2023-02-03T00:00+01:00;2023-02-04T00:00+01:00;2023-02-03;Totalt i retning Furuset;27230;100,0;24;24;0;5;99,98;24227;2998;1171;941;360;526;514;12
68539V625646;Karihaugen rampe mot Furuset;RV159 S1D1 m1206;2023-02-03T00:00+01:00;2023-02-04T00:00+01:00;2023-02-03;Totalt i retning Skårer;0;100,0;24;24;0;0;100,00;-;-;-;-;-;-;-;-
68539V625646;Karihaugen rampe mot Furuset;RV159 S1D1 m1206;2023-02-03T00:00+01:00;2023-02-04T00:00+01:00;2023-02-03;Totalt;27230;100,0;24;24;0;5;99,98;24227;2998;1171;941;360;526;514;12
68539V625646;Karihaugen rampe mot Furuset;RV159 S1D1 m1206;2023-02-04T00:00+01:00;2023-02-05T00:00+01:00;2023-02-04;1;8738;100,0;24;24;0;1;99,99;8560;177;120;45;3;9;8;1
68539V625646;Karihaugen rampe mot Furuset;RV159 S1D1 m1206;2023-02-04T00:00+01:00;2023-02-05T00:00+01:00;2023-02-04;3;11047;100,0;24;24;0;0;100,00;10457;590;239;184;34;133;133;0
68539V625646;Karihaugen rampe mot Furuset;RV159 S1D1 m1206;2023-02-04T00:00+01:00;2023-02-05T00:00+01:00;2023-02-04;5;16;100,0;24;24;0;1;93,75;12;3;0;3;0;0;0;0
68539V625646;Karihaugen rampe mot Furuset;RV159 S1D1 m1206;2023-02-04T00:00+01:00;2023-02-05T00:00+01:00;2023-02-04;Totalt i retning Furuset;19801;100,0;24;24;0;2;99,99;19029;770;359;232;37;142;141;1
68539V625646;Karihaugen rampe mot Furuset;RV159 S1D1 m1206;2023-02-04T00:00+01:00;2023-02-05T00:00+01:00;2023-02-04;Totalt i retning Skårer;0;100,0;24;24;0;0;100,00;-;-;-;-;-;-;-;-
68539V625646;Karihaugen rampe mot Furuset;RV159 S1D1 m1206;2023-02-04T00:00+01:00;2023-02-05T00:00+01:00;2023-02-04;Totalt;19801;100,0;24;24;0;2;99,99;19029;770;359;232;37;142;141;1
68539V625646;Karihaugen rampe mot Furuset;RV159 S1D1 m1206;2023-02-05T00:00+01:00;2023-02-06T00:00+01:00;2023-02-05;1;6543;100,0;24;24;0;1;99,98;6417;125;91;19;1;14;13;1
68539V625646;Karihaugen rampe mot Furuset;RV159 S1D1 m1206;2023-02-05T00:00+01:00;2023-02-06T00:00+01:00;2023-02-05;3;9480;100,0;24;24;0;0;100,00;8963;517;221;126;43;127;125;2
68539V625646;Karihaugen rampe mot Furuset;RV159 S1D1 m1206;2023-02-05T00:00+01:00;2023-02-06T00:00+01:00;2023-02-05;5;24;100,0;24;24;0;1;95,83;11;12;0;12;0;0;0;0
68539V625646;Karihaugen rampe mot Furuset;RV159 S1D1 m1206;2023-02-05T00:00+01:00;2023-02-06T00:00+01:00;2023-02-05;Totalt i retning Furuset;16046;100,0;24;24;0;1;99,99;15391;654;312;157;44;141;138;3
68539V625646;Karihaugen rampe mot Furuset;RV159 S1D1 m1206;2023-02-05T00:00+01:00;2023-02-06T00:00+01:00;2023-02-05;Totalt i retning Skårer;1;100,0;24;24;0;1;0,00;-;-;-;-;-;-;-;-
68539V625646;Karihaugen rampe mot Furuset;RV159 S1D1 m1206;2023-02-05T00:00+01:00;2023-02-06T00:00+01:00;2023-02-05;Totalt;16047;100,0;24;24;0;2;99,99;15391;654;312;157;44;141;138;3
68539V625646;Karihaugen rampe mot Furuset;RV159 S1D1 m1206;2023-02-06T00:00+01:00;2023-02-07T00:00+01:00;2023-02-06;1;14752;100,0;24;24;0;1;99,99;13875;876;421;253;63;139;137;2
68539V625646;Karihaugen rampe mot Furuset;RV159 S1D1 m1206;2023-02-06T00:00+01:00;2023-02-07T00:00+01:00;2023-02-06;3;13288;100,0;24;24;0;4;99,97;10858;2426;782;848;275;521;504;17
68539V625646;Karihaugen rampe mot Furuset;RV159 S1D1 m1206;2023-02-06T00:00+01:00;2023-02-07T00:00+01:00;2023-02-06;5;56;100,0;24;24;0;0;100,00;48;8;0;3;1;4;4;0
68539V625646;Karihaugen rampe mot Furuset;RV159 S1D1 m1206;2023-02-06T00:00+01:00;2023-02-07T00:00+01:00;2023-02-06;Totalt i retning Furuset;28096;100,0;24;24;0;5;99,98;24781;3310;1203;1104;339;664;645;19
68539V625646;Karihaugen rampe mot Furuset;RV159 S1D1 m1206;2023-02-06T00:00+01:00;2023-02-07T00:00+01:00;2023-02-06;Totalt i retning Skårer;0;100,0;24;24;0;0;100,00;-;-;-;-;-;-;-;-
68539V625646;Karihaugen rampe mot Furuset;RV159 S1D1 m1206;2023-02-06T00:00+01:00;2023-02-07T00:00+01:00;2023-02-06;Totalt;28096;100,0;24;24;0;5;99,98;24781;3310;1203;1104;339;664;645;19
68539V625646;Karihaugen rampe mot Furuset;RV159 S1D1 m1206;2023-02-07T00:00+01:00;2023-02-08T00:00+01:00;2023-02-07;1;14859;100,0;24;24;0;3;99,98;13905;951;515;240;62;134;130;4
68539V625646;Karihaugen rampe mot Furuset;RV159 S1D1 m1206;2023-02-07T00:00+01:00;2023-02-08T00:00+01:00;2023-02-07;3;13927;100,0;24;24;0;11;99,92;11516;2400;822;816;240;522;507;15
68539V625646;Karihaugen rampe mot Furuset;RV159 S1D1 m1206;2023-02-07T00:00+01:00;2023-02-08T00:00+01:00;2023-02-07;5;141;100,0;24;24;0;1;99,29;121;19;3;2;9;5;5;0
68539V625646;Karihaugen rampe mot Furuset;RV159 S1D1 m1206;2023-02-07T00:00+01:00;2023-02-08T00:00+01:00;2023-02-07;Totalt i retning Furuset;28927;100,0;24;24;0;15;99,95;25542;3370;1340;1058;311;661;642;19
68539V625646;Karihaugen rampe mot Furuset;RV159 S1D1 m1206;2023-02-07T00:00+01:00;2023-02-08T00:00+01:00;2023-02-07;Totalt i retning Skårer;0;100,0;24;24;0;0;100,00;-;-;-;-;-;-;-;-
68539V625646;Karihaugen rampe mot Furuset;RV159 S1D1 m1206;2023-02-07T00:00+01:00;2023-02-08T00:00+01:00;2023-02-07;Totalt;28927;100,0;24;24;0;15;99,95;25542;3370;1340;1058;311;661;642;19
68539V625646;Karihaugen rampe mot Furuset;RV159 S1D1 m1206;2023-02-08T00:00+01:00;2023-02-09T00:00+01:00;2023-02-08;1;15273;100,0;24;24;0;1;99,99;14351;921;477;249;62;133;127;6
68539V625646;Karihaugen rampe mot Furuset;RV159 S1D1 m1206;2023-02-08T00:00+01:00;2023-02-09T00:00+01:00;2023-02-08;3;13484;100,0;24;24;0;4;99,97;11162;2318;813;771;241;493;483;10
68539V625646;Karihaugen rampe mot Furuset;RV159 S1D1 m1206;2023-02-08T00:00+01:00;2023-02-09T00:00+01:00;2023-02-08;5;91;100,0;24;24;0;0;100,00;73;18;4;5;5;4;3;1
68539V625646;Karihaugen rampe mot Furuset;RV159 S1D1 m1206;2023-02-08T00:00+01:00;2023-02-09T00:00+01:00;2023-02-08;Totalt i retning Furuset;28847;100,0;24;24;0;4;99,99;25586;3257;1294;1025;308;630;613;17
68539V625646;Karihaugen rampe mot Furuset;RV159 S1D1 m1206;2023-02-08T00:00+01:00;2023-02-09T00:00+01:00;2023-02-08;Totalt i retning Skårer;1;100,0;24;24;0;1;0,00;-;-;-;-;-;-;-;-
68539V625646;Karihaugen rampe mot Furuset;RV159 S1D1 m1206;2023-02-08T00:00+01:00;2023-02-09T00:00+01:00;2023-02-08;Totalt;28848;100,0;24;24;0;5;99,98;25586;3257;1294;1025;308;630;613;17
68539V625646;Karihaugen rampe mot Furuset;RV159 S1D1 m1206;2023-02-09T00:00+01:00;2023-02-10T00:00+01:00;2023-02-09;1;15645;100,0;24;24;0;4;99,97;14662;979;497;248;92;142;136;6
68539V625646;Karihaugen rampe mot Furuset;RV159 S1D1 m1206;2023-02-09T00:00+01:00;2023-02-10T00:00+01:00;2023-02-09;3;13526;100,0;24;24;0;6;99,96;11169;2351;777;779;290;505;492;13
68539V625646;Karihaugen rampe mot Furuset;RV159 S1D1 m1206;2023-02-09T00:00+01:00;2023-02-10T00:00+01:00;2023-02-09;5;69;100,0;24;24;0;1;98,55;49;19;1;6;3;9;9;0
68539V625646;Karihaugen rampe mot Furuset;RV159 S1D1 m1206;2023-02-09T00:00+01:00;2023-02-10T00:00+01:00;2023-02-09;Totalt i retning Furuset;29240;100,0;24;24;0;11;99,96;25880;3349;1275;1033;385;656;637;19
68539V625646;Karihaugen rampe mot Furuset;RV159 S1D1 m1206;2023-02-09T00:00+01:00;2023-02-10T00:00+01:00;2023-02-09;Totalt i retning Skårer;0;100,0;24;24;0;0;100,00;-;-;-;-;-;-;-;-
68539V625646;Karihaugen rampe mot Furuset;RV159 S1D1 m1206;2023-02-09T00:00+01:00;2023-02-10T00:00+01:00;2023-02-09;Totalt;29240;100,0;24;24;0;11;99,96;25880;3349;1275;1033;385;656;637;19
68539V625646;Karihaugen rampe mot Furuset;RV159 S1D1 m1206;2023-02-10T00:00+01:00;2023-02-11T00:00+01:00;2023-02-10;1;14783;100,0;24;24;0;3;99,98;13902;878;468;227;71;112;110;2
68539V625646;Karihaugen rampe mot Furuset;RV159 S1D1 m1206;2023-02-10T00:00+01:00;2023-02-11T00:00+01:00;2023-02-10;3;12931;100,0;24;24;0;4;99,97;10743;2184;767;725;239;453;441;12
68539V625646;Karihaugen rampe mot Furuset;RV159 S1D1 m1206;2023-02-10T00:00+01:00;2023-02-11T00:00+01:00;2023-02-10;5;50;100,0;24;24;0;2;96,00;38;10;1;7;2;0;0;0
68539V625646;Karihaugen rampe mot Furuset;RV159 S1D1 m1206;2023-02-10T00:00+01:00;2023-02-11T00:00+01:00;2023-02-10;Totalt i retning Furuset;27763;100,0;24;24;0;8;99,97;24683;3072;1236;959;312;565;551;14
68539V625646;Karihaugen rampe mot Furuset;RV159 S1D1 m1206;2023-02-10T00:00+01:00;2023-02-11T00:00+01:00;2023-02-10;Totalt i retning Skårer;1;100,0;24;24;0;1;0,00;-;-;-;-;-;-;-;-
68539V625646;Karihaugen rampe mot Furuset;RV159 S1D1 m1206;2023-02-10T00:00+01:00;2023-02-11T00:00+01:00;2023-02-10;Totalt;27764;100,0;24;24;0;9;99,97;24683;3072;1236;959;312;565;551;14
68539V625646;Karihaugen rampe mot Furuset;RV159 S1D1 m1206;2023-02-11T00:00+01:00;2023-02-12T00:00+01:00;2023-02-11;1;9292;100,0;24;24;0;0;100,00;9086;206;155;30;8;13;13;0
68539V625646;Karihaugen rampe mot Furuset;RV159 S1D1 m1206;2023-02-11T00:00+01:00;2023-02-12T00:00+01:00;2023-02-11;3;11129;100,0;24;24;0;0;100,00;10478;651;265;204;45;137;136;1
68539V625646;Karihaugen rampe mot Furuset;RV159 S1D1 m1206;2023-02-11T00:00+01:00;2023-02-12T00:00+01:00;2023-02-11;5;12;100,0;24;24;0;1;91,67;10;1;0;1;0;0;0;0
68539V625646;Karihaugen rampe mot Furuset;RV159 S1D1 m1206;2023-02-11T00:00+01:00;2023-02-12T00:00+01:00;2023-02-11;Totalt i retning Furuset;20433;100,0;24;24;0;1;100,00;19574;858;420;235;53;150;149;1
68539V625646;Karihaugen rampe mot Furuset;RV159 S1D1 m1206;2023-02-11T00:00+01:00;2023-02-12T00:00+01:00;2023-02-11;Totalt i retning Skårer;0;100,0;24;24;0;0;100,00;-;-;-;-;-;-;-;-
68539V625646;Karihaugen rampe mot Furuset;RV159 S1D1 m1206;2023-02-11T00:00+01:00;2023-02-12T00:00+01:00;2023-02-11;Totalt;20433;100,0;24;24;0;1;100,00;19574;858;420;235;53;150;149;1
68539V625646;Karihaugen rampe mot Furuset;RV159 S1D1 m1206;2023-02-12T00:00+01:00;2023-02-13T00:00+01:00;2023-02-12;1;7880;100,0;24;24;0;10;99,87;7719;151;103;20;13;15;15;0
68539V625646;Karihaugen rampe mot Furuset;RV159 S1D1 m1206;2023-02-12T00:00+01:00;2023-02-13T00:00+01:00;2023-02-12;3;9471;100,0;24;24;0;14;99,85;8974;483;208;102;41;132;129;3
68539V625646;Karihaugen rampe mot Furuset;RV159 S1D1 m1206;2023-02-12T00:00+01:00;2023-02-13T00:00+01:00;2023-02-12;5;73;100,0;24;24;0;4;94,52;65;4;1;2;0;1;1;0
68539V625646;Karihaugen rampe mot Furuset;RV159 S1D1 m1206;2023-02-12T00:00+01:00;2023-02-13T00:00+01:00;2023-02-12;Totalt i retning Furuset;17424;100,0;24;24;0;28;99,84;16758;638;312;124;54;148;145;3
68539V625646;Karihaugen rampe mot Furuset;RV159 S1D1 m1206;2023-02-12T00:00+01:00;2023-02-13T00:00+01:00;2023-02-12;Totalt i retning Skårer;0;100,0;24;24;0;0;100,00;-;-;-;-;-;-;-;-
68539V625646;Karihaugen rampe mot Furuset;RV159 S1D1 m1206;2023-02-12T00:00+01:00;2023-02-13T00:00+01:00;2023-02-12;Totalt;17424;100,0;24;24;0;28;99,84;16758;638;312;124;54;148;145;3
68539V625646;Karihaugen rampe mot Furuset;RV159 S1D1 m1206;2023-02-13T00:00+01:00;2023-02-14T00:00+01:00;2023-02-13;1;15759;100,0;24;24;0;3;99,98;14829;927;491;266;61;109;108;1
68539V625646;Karihaugen rampe mot Furuset;RV159 S1D1 m1206;2023-02-13T00:00+01:00;2023-02-14T00:00+01:00;2023-02-13;3;13743;100,0;24;24;0;7;99,95;11225;2511;864;824;312;511;501;10
68539V625646;Karihaugen rampe mot Furuset;RV159 S1D1 m1206;2023-02-13T00:00+01:00;2023-02-14T00:00+01:00;2023-02-13;5;101;100,0;24;24;0;0;100,00;86;15;2;2;6;5;5;0
68539V625646;Karihaugen rampe mot Furuset;RV159 S1D1 m1206;2023-02-13T00:00+01:00;2023-02-14T00:00+01:00;2023-02-13;Totalt i retning Furuset;29603;100,0;24;24;0;10;99,97;26140;3453;1357;1092;379;625;614;11
68539V625646;Karihaugen rampe mot Furuset;RV159 S1D1 m1206;2023-02-13T00:00+01:00;2023-02-14T00:00+01:00;2023-02-13;Totalt i retning Skårer;0;100,0;24;24;0;0;100,00;-;-;-;-;-;-;-;-
68539V625646;Karihaugen rampe mot Furuset;RV159 S1D1 m1206;2023-02-13T00:00+01:00;2023-02-14T00:00+01:00;2023-02-13;Totalt;29603;100,0;24;24;0;10;99,97;26140;3453;1357;1092;379;625;614;11
68539V625646;Karihaugen rampe mot Furuset;RV159 S1D1 m1206;2023-02-14T00:00+01:00;2023-02-15T00:00+01:00;2023-02-14;1;16392;100,0;24;24;0;2;99,99;15415;975;486;294;77;118;117;1
68539V625646;Karihaugen rampe mot Furuset;RV159 S1D1 m1206;2023-02-14T00:00+01:00;2023-02-15T00:00+01:00;2023-02-14;3;14393;100,0;24;24;0;1;99,99;11945;2447;828;807;331;481;470;11
68539V625646;Karihaugen rampe mot Furuset;RV159 S1D1 m1206;2023-02-14T00:00+01:00;2023-02-15T00:00+01:00;2023-02-14;5;108;100,0;24;24;0;0;100,00;94;14;1;3;8;2;2;0
68539V625646;Karihaugen rampe mot Furuset;RV159 S1D1 m1206;2023-02-14T00:00+01:00;2023-02-15T00:00+01:00;2023-02-14;Totalt i retning Furuset;30893;100,0;24;24;0;3;99,99;27454;3436;1315;1104;416;601;589;12
68539V625646;Karihaugen rampe mot Furuset;RV159 S1D1 m1206;2023-02-14T00:00+01:00;2023-02-15T00:00+01:00;2023-02-14;Totalt i retning Skårer;0;100,0;24;24;0;0;100,00;-;-;-;-;-;-;-;-
68539V625646;Karihaugen rampe mot Furuset;RV159 S1D1 m1206;2023-02-14T00:00+01:00;2023-02-15T00:00+01:00;2023-02-14;Totalt;30893;100,0;24;24;0;3;99,99;27454;3436;1315;1104;416;601;589;12
68539V625646;Karihaugen rampe mot Furuset;RV159 S1D1 m1206;2023-02-15T00:00+01:00;2023-02-16T00:00+01:00;2023-02-15;1;16988;100,0;24;24;0;4;99,98;15972;1012;493;300;77;142;139;3
68539V625646;Karihaugen rampe mot Furuset;RV159 S1D1 m1206;2023-02-15T00:00+01:00;2023-02-16T00:00+01:00;2023-02-15;3;14627;100,0;24;24;0;10;99,93;12168;2449;815;836;338;460;439;21
68539V625646;Karihaugen rampe mot Furuset;RV159 S1D1 m1206;2023-02-15T00:00+01:00;2023-02-16T00:00+01:00;2023-02-15;5;70;100,0;24;24;0;2;97,14;60;8;1;0;4;3;3;0
68539V625646;Karihaugen rampe mot Furuset;RV159 S1D1 m1206;2023-02-15T00:00+01:00;2023-02-16T00:00+01:00;2023-02-15;Totalt i retning Furuset;31684;100,0;24;24;0;16;99,95;28200;3468;1308;1136;419;605;581;24
68539V625646;Karihaugen rampe mot Furuset;RV159 S1D1 m1206;2023-02-15T00:00+01:00;2023-02-16T00:00+01:00;2023-02-15;Totalt i retning Skårer;1;100,0;24;24;0;1;0,00;-;-;-;-;-;-;-;-
68539V625646;Karihaugen rampe mot Furuset;RV159 S1D1 m1206;2023-02-15T00:00+01:00;2023-02-16T00:00+01:00;2023-02-15;Totalt;31685;100,0;24;24;0;16;99,95;28200;3469;1309;1136;419;605;581;24
68539V625646;Karihaugen rampe mot Furuset;RV159 S1D1 m1206;2023-02-16T00:00+01:00;2023-02-17T00:00+01:00;2023-02-16;1;16483;100,0;24;24;0;2;99,99;15529;952;481;277;69;125;121;4
68539V625646;Karihaugen rampe mot Furuset;RV159 S1D1 m1206;2023-02-16T00:00+01:00;2023-02-17T00:00+01:00;2023-02-16;3;14103;100,0;24;24;0;8;99,94;11687;2408;766;843;312;487;480;7
68539V625646;Karihaugen rampe mot Furuset;RV159 S1D1 m1206;2023-02-16T00:00+01:00;2023-02-17T00:00+01:00;2023-02-16;5;98;100,0;24;24;0;2;97,96;72;24;2;2;6;14;14;0
68539V625646;Karihaugen rampe mot Furuset;RV159 S1D1 m1206;2023-02-16T00:00+01:00;2023-02-17T00:00+01:00;2023-02-16;Totalt i retning Furuset;30684;100,0;24;24;0;12;99,96;27288;3384;1249;1122;387;626;615;11
68539V625646;Karihaugen rampe mot Furuset;RV159 S1D1 m1206;2023-02-16T00:00+01:00;2023-02-17T00:00+01:00;2023-02-16;Totalt i retning Skårer;0;100,0;24;24;0;0;100,00;-;-;-;-;-;-;-;-
68539V625646;Karihaugen rampe mot Furuset;RV159 S1D1 m1206;2023-02-16T00:00+01:00;2023-02-17T00:00+01:00;2023-02-16;Totalt;30684;100,0;24;24;0;12;99,96;27288;3384;1249;1122;387;626;615;11
68539V625646;Karihaugen rampe mot Furuset;RV159 S1D1 m1206;2023-02-17T00:00+01:00;2023-02-18T00:00+01:00;2023-02-17;1;15285;100,0;24;24;0;2;99,99;14336;947;489;275;65;118;111;7
68539V625646;Karihaugen rampe mot Furuset;RV159 S1D1 m1206;2023-02-17T00:00+01:00;2023-02-18T00:00+01:00;2023-02-17;3;13427;100,0;24;24;0;6;99,96;11202;2219;806;710;260;443;432;11
68539V625646;Karihaugen rampe mot Furuset;RV159 S1D1 m1206;2023-02-17T00:00+01:00;2023-02-18T00:00+01:00;2023-02-17;5;46;100,0;24;24;0;0;100,00;42;4;0;3;1;0;0;0
68539V625646;Karihaugen rampe mot Furuset;RV159 S1D1 m1206;2023-02-17T00:00+01:00;2023-02-18T00:00+01:00;2023-02-17;Totalt i retning Furuset;28758;100,0;24;24;0;8;99,97;25580;3170;1295;988;326;561;543;18
68539V625646;Karihaugen rampe mot Furuset;RV159 S1D1 m1206;2023-02-17T00:00+01:00;2023-02-18T00:00+01:00;2023-02-17;Totalt i retning Skårer;0;100,0;24;24;0;0;100,00;-;-;-;-;-;-;-;-
68539V625646;Karihaugen rampe mot Furuset;RV159 S1D1 m1206;2023-02-17T00:00+01:00;2023-02-18T00:00+01:00;2023-02-17;Totalt;28758;100,0;24;24;0;8;99,97;25580;3170;1295;988;326;561;543;18
68539V625646;Karihaugen rampe mot Furuset;RV159 S1D1 m1206;2023-02-18T00:00+01:00;2023-02-19T00:00+01:00;2023-02-18;1;8544;100,0;24;24;0;0;100,00;8353;191;129;47;8;7;7;0
68539V625646;Karihaugen rampe mot Furuset;RV159 S1D1 m1206;2023-02-18T00:00+01:00;2023-02-19T00:00+01:00;2023-02-18;3;10518;100,0;24;24;0;0;100,00;9859;659;272;206;42;139;138;1
68539V625646;Karihaugen rampe mot Furuset;RV159 S1D1 m1206;2023-02-18T00:00+01:00;2023-02-19T00:00+01:00;2023-02-18;5;16;100,0;24;24;0;1;93,75;13;2;0;1;0;1;1;0
68539V625646;Karihaugen rampe mot Furuset;RV159 S1D1 m1206;2023-02-18T00:00+01:00;2023-02-19T00:00+01:00;2023-02-18;Totalt i retning Furuset;19077;100,0;24;24;0;0;100,00;18225;852;401;254;50;147;146;1
68539V625646;Karihaugen rampe mot Furuset;RV159 S1D1 m1206;2023-02-18T00:00+01:00;2023-02-19T00:00+01:00;2023-02-18;Totalt i retning Skårer;1;100,0;24;24;0;1;0,00;-;-;-;-;-;-;-;-
68539V625646;Karihaugen rampe mot Furuset;RV159 S1D1 m1206;2023-02-18T00:00+01:00;2023-02-19T00:00+01:00;2023-02-18;Totalt;19078;100,0;24;24;0;1;99,99;18225;852;401;254;50;147;146;1
68539V625646;Karihaugen rampe mot Furuset;RV159 S1D1 m1206;2023-02-19T00:00+01:00;2023-02-20T00:00+01:00;2023-02-19;1;6616;100,0;24;24;0;0;100,00;6499;117;69;20;8;20;17;3
68539V625646;Karihaugen rampe mot Furuset;RV159 S1D1 m1206;2023-02-19T00:00+01:00;2023-02-20T00:00+01:00;2023-02-19;3;8570;100,0;24;24;0;0;100,00;8093;477;192;132;27;126;124;2
68539V625646;Karihaugen rampe mot Furuset;RV159 S1D1 m1206;2023-02-19T00:00+01:00;2023-02-20T00:00+01:00;2023-02-19;5;7;100,0;24;24;0;0;100,00;6;1;0;1;0;0;0;0
68539V625646;Karihaugen rampe mot Furuset;RV159 S1D1 m1206;2023-02-19T00:00+01:00;2023-02-20T00:00+01:00;2023-02-19;Totalt i retning Furuset;15193;100,0;24;24;0;0;100,00;14598;595;261;153;35;146;141;5
68539V625646;Karihaugen rampe mot Furuset;RV159 S1D1 m1206;2023-02-19T00:00+01:00;2023-02-20T00:00+01:00;2023-02-19;Totalt i retning Skårer;0;100,0;24;24;0;0;100,00;-;-;-;-;-;-;-;-
68539V625646;Karihaugen rampe mot Furuset;RV159 S1D1 m1206;2023-02-19T00:00+01:00;2023-02-20T00:00+01:00;2023-02-19;Totalt;15193;100,0;24;24;0;0;100,00;14598;595;261;153;35;146;141;5
68539V625646;Karihaugen rampe mot Furuset;RV159 S1D1 m1206;2023-02-20T00:00+01:00;2023-02-21T00:00+01:00;2023-02-20;1;14033;100,0;24;24;0;0;100,00;13052;981;483;281;102;115;107;8
68539V625646;Karihaugen rampe mot Furuset;RV159 S1D1 m1206;2023-02-20T00:00+01:00;2023-02-21T00:00+01:00;2023-02-20;3;13194;100,0;24;24;0;9;99,93;10762;2423;758;811;350;504;491;13
68539V625646;Karihaugen rampe mot Furuset;RV159 S1D1 m1206;2023-02-20T00:00+01:00;2023-02-21T00:00+01:00;2023-02-20;5;69;100,0;24;24;0;0;100,00;44;25;3;10;8;4;4;0
68539V625646;Karihaugen rampe mot Furuset;RV159 S1D1 m1206;2023-02-20T00:00+01:00;2023-02-21T00:00+01:00;2023-02-20;Totalt i retning Furuset;27295;100,0;24;24;0;8;99,97;23858;3429;1244;1102;460;623;602;21
68539V625646;Karihaugen rampe mot Furuset;RV159 S1D1 m1206;2023-02-20T00:00+01:00;2023-02-21T00:00+01:00;2023-02-20;Totalt i retning Skårer;1;100,0;24;24;0;1;0,00;-;-;-;-;-;-;-;-
68539V625646;Karihaugen rampe mot Furuset;RV159 S1D1 m1206;2023-02-20T00:00+01:00;2023-02-21T00:00+01:00;2023-02-20;Totalt;27296;100,0;24;24;0;9;99,97;23858;3429;1244;1102;460;623;602;21
68539V625646;Karihaugen rampe mot Furuset;RV159 S1D1 m1206;2023-02-21T00:00+01:00;2023-02-22T00:00+01:00;2023-02-21;1;15008;100,0;24;24;0;2;99,99;14034;972;436;330;67;139;136;3
68539V625646;Karihaugen rampe mot Furuset;RV159 S1D1 m1206;2023-02-21T00:00+01:00;2023-02-22T00:00+01:00;2023-02-21;3;13072;100,0;24;24;0;2;99,98;10751;2319;814;740;300;465;455;10
68539V625646;Karihaugen rampe mot Furuset;RV159 S1D1 m1206;2023-02-21T00:00+01:00;2023-02-22T00:00+01:00;2023-02-21;5;37;100,0;24;24;0;0;100,00;25;12;1;5;5;1;1;0
68539V625646;Karihaugen rampe mot Furuset;RV159 S1D1 m1206;2023-02-21T00:00+01:00;2023-02-22T00:00+01:00;2023-02-21;Totalt i retning Furuset;28117;100,0;24;24;0;4;99,99;24810;3303;1251;1075;372;605;592;13
68539V625646;Karihaugen rampe mot Furuset;RV159 S1D1 m1206;2023-02-21T00:00+01:00;2023-02-22T00:00+01:00;2023-02-21;Totalt i retning Skårer;0;100,0;24;24;0;0;100,00;-;-;-;-;-;-;-;-
68539V625646;Karihaugen rampe mot Furuset;RV159 S1D1 m1206;2023-02-21T00:00+01:00;2023-02-22T00:00+01:00;2023-02-21;Totalt;28117;100,0;24;24;0;4;99,99;24810;3303;1251;1075;372;605;592;13
68539V625646;Karihaugen rampe mot Furuset;RV159 S1D1 m1206;2023-02-22T00:00+01:00;2023-02-23T00:00+01:00;2023-02-22;1;14558;100,0;24;24;0;1;99,99;13621;936;456;305;48;127;125;2
68539V625646;Karihaugen rampe mot Furuset;RV159 S1D1 m1206;2023-02-22T00:00+01:00;2023-02-23T00:00+01:00;2023-02-22;3;13318;100,0;24;24;0;5;99,96;11074;2239;733;753;286;467;461;6
68539V625646;Karihaugen rampe mot Furuset;RV159 S1D1 m1206;2023-02-22T00:00+01:00;2023-02-23T00:00+01:00;2023-02-22;5;51;100,0;24;24;0;1;98,04;33;17;4;9;2;2;2;0
68539V625646;Karihaugen rampe mot Furuset;RV159 S1D1 m1206;2023-02-22T00:00+01:00;2023-02-23T00:00+01:00;2023-02-22;Totalt i retning Furuset;27926;100,0;24;24;0;6;99,98;24728;3192;1193;1067;336;596;588;8
68539V625646;Karihaugen rampe mot Furuset;RV159 S1D1 m1206;2023-02-22T00:00+01:00;2023-02-23T00:00+01:00;2023-02-22;Totalt i retning Skårer;1;100,0;24;24;0;1;0,00;-;-;-;-;-;-;-;-
68539V625646;Karihaugen rampe mot Furuset;RV159 S1D1 m1206;2023-02-22T00:00+01:00;2023-02-23T00:00+01:00;2023-02-22;Totalt;27927;100,0;24;24;0;7;99,97;24728;3192;1193;1067;336;596;588;8
68539V625646;Karihaugen rampe mot Furuset;RV159 S1D1 m1206;2023-02-23T00:00+01:00;2023-02-24T00:00+01:00;2023-02-23;1;13815;100,0;24;24;0;2;99,99;12879;934;470;279;67;118;115;3
68539V625646;Karihaugen rampe mot Furuset;RV159 S1D1 m1206;2023-02-23T00:00+01:00;2023-02-24T00:00+01:00;2023-02-23;3;12886;100,0;24;24;0;8;99,94;10581;2297;770;764;275;488;475;13
68539V625646;Karihaugen rampe mot Furuset;RV159 S1D1 m1206;2023-02-23T00:00+01:00;2023-02-24T00:00+01:00;2023-02-23;5;47;100,0;24;24;0;1;97,87;29;17;0;13;3;1;1;0
68539V625646;Karihaugen rampe mot Furuset;RV159 S1D1 m1206;2023-02-23T00:00+01:00;2023-02-24T00:00+01:00;2023-02-23;Totalt i retning Furuset;26747;100,0;24;24;0;11;99,96;23488;3248;1240;1056;345;607;591;16
68539V625646;Karihaugen rampe mot Furuset;RV159 S1D1 m1206;2023-02-23T00:00+01:00;2023-02-24T00:00+01:00;2023-02-23;Totalt i retning Skårer;1;100,0;24;24;0;1;0,00;-;-;-;-;-;-;-;-
68539V625646;Karihaugen rampe mot Furuset;RV159 S1D1 m1206;2023-02-23T00:00+01:00;2023-02-24T00:00+01:00;2023-02-23;Totalt;26748;100,0;24;24;0;11;99,96;23489;3248;1240;1056;345;607;591;16
68539V625646;Karihaugen rampe mot Furuset;RV159 S1D1 m1206;2023-02-24T00:00+01:00;2023-02-25T00:00+01:00;2023-02-24;1;12443;100,0;24;24;0;1;99,99;11624;818;435;246;44;93;87;6
68539V625646;Karihaugen rampe mot Furuset;RV159 S1D1 m1206;2023-02-24T00:00+01:00;2023-02-25T00:00+01:00;2023-02-24;3;12481;100,0;24;24;0;2;99,98;10352;2127;688;701;254;484;472;12
68539V625646;Karihaugen rampe mot Furuset;RV159 S1D1 m1206;2023-02-24T00:00+01:00;2023-02-25T00:00+01:00;2023-02-24;5;44;100,0;24;24;0;0;100,00;21;23;0;16;4;3;3;0
68539V625646;Karihaugen rampe mot Furuset;RV159 S1D1 m1206;2023-02-24T00:00+01:00;2023-02-25T00:00+01:00;2023-02-24;Totalt i retning Furuset;24968;100,0;24;24;0;3;99,99;21997;2968;1123;963;302;580;562;18
68539V625646;Karihaugen rampe mot Furuset;RV159 S1D1 m1206;2023-02-24T00:00+01:00;2023-02-25T00:00+01:00;2023-02-24;Totalt i retning Skårer;0;100,0;24;24;0;0;100,00;-;-;-;-;-;-;-;-
68539V625646;Karihaugen rampe mot Furuset;RV159 S1D1 m1206;2023-02-24T00:00+01:00;2023-02-25T00:00+01:00;2023-02-24;Totalt;24968;100,0;24;24;0;3;99,99;21997;2968;1123;963;302;580;562;18
68539V625646;Karihaugen rampe mot Furuset;RV159 S1D1 m1206;2023-02-25T00:00+01:00;2023-02-26T00:00+01:00;2023-02-25;1;7620;100,0;24;24;0;1;99,99;7437;182;126;42;5;9;8;1
68539V625646;Karihaugen rampe mot Furuset;RV159 S1D1 m1206;2023-02-25T00:00+01:00;2023-02-26T00:00+01:00;2023-02-25;3;10319;100,0;24;24;0;1;99,99;9724;594;246;180;38;130;129;1
68539V625646;Karihaugen rampe mot Furuset;RV159 S1D1 m1206;2023-02-25T00:00+01:00;2023-02-26T00:00+01:00;2023-02-25;5;17;100,0;24;24;0;0;100,00;16;1;0;1;0;0;0;0
68539V625646;Karihaugen rampe mot Furuset;RV159 S1D1 m1206;2023-02-25T00:00+01:00;2023-02-26T00:00+01:00;2023-02-25;Totalt i retning Furuset;17956;100,0;24;24;0;2;99,99;17177;777;372;223;43;139;137;2
68539V625646;Karihaugen rampe mot Furuset;RV159 S1D1 m1206;2023-02-25T00:00+01:00;2023-02-26T00:00+01:00;2023-02-25;Totalt i retning Skårer;0;100,0;24;24;0;0;100,00;-;-;-;-;-;-;-;-
68539V625646;Karihaugen rampe mot Furuset;RV159 S1D1 m1206;2023-02-25T00:00+01:00;2023-02-26T00:00+01:00;2023-02-25;Totalt;17956;100,0;24;24;0;2;99,99;17177;777;372;223;43;139;137;2
68539V625646;Karihaugen rampe mot Furuset;RV159 S1D1 m1206;2023-02-26T00:00+01:00;2023-02-27T00:00+01:00;2023-02-26;1;6221;100,0;24;24;0;0;100,00;6092;129;84;24;4;17;16;1
68539V625646;Karihaugen rampe mot Furuset;RV159 S1D1 m1206;2023-02-26T00:00+01:00;2023-02-27T00:00+01:00;2023-02-26;3;8481;100,0;24;24;0;0;100,00;8032;449;193;118;29;109;106;3
68539V625646;Karihaugen rampe mot Furuset;RV159 S1D1 m1206;2023-02-26T00:00+01:00;2023-02-27T00:00+01:00;2023-02-26;5;10;100,0;24;24;0;0;100,00;8;2;1;1;0;0;0;0
68539V625646;Karihaugen rampe mot Furuset;RV159 S1D1 m1206;2023-02-26T00:00+01:00;2023-02-27T00:00+01:00;2023-02-26;Totalt i retning Furuset;14712;100,0;24;24;0;0;100,00;14132;580;278;143;33;126;122;4
68539V625646;Karihaugen rampe mot Furuset;RV159 S1D1 m1206;2023-02-26T00:00+01:00;2023-02-27T00:00+01:00;2023-02-26;Totalt i retning Skårer;0;100,0;24;24;0;0;100,00;-;-;-;-;-;-;-;-
68539V625646;Karihaugen rampe mot Furuset;RV159 S1D1 m1206;2023-02-26T00:00+01:00;2023-02-27T00:00+01:00;2023-02-26;Totalt;14712;100,0;24;24;0;0;100,00;14132;580;278;143;33;126;122;4
68539V625646;Karihaugen rampe mot Furuset;RV159 S1D1 m1206;2023-02-27T00:00+01:00;2023-02-28T00:00+01:00;2023-02-27;1;15372;100,0;24;24;0;2;99,99;14452;918;473;251;72;122;120;2
68539V625646;Karihaugen rampe mot Furuset;RV159 S1D1 m1206;2023-02-27T00:00+01:00;2023-02-28T00:00+01:00;2023-02-27;3;13747;100,0;24;24;0;5;99,96;11408;2334;785;792;318;439;424;15
68539V625646;Karihaugen rampe mot Furuset;RV159 S1D1 m1206;2023-02-27T00:00+01:00;2023-02-28T00:00+01:00;2023-02-27;5;67;100,0;24;24;0;0;100,00;57;10;5;1;4;0;0;0
68539V625646;Karihaugen rampe mot Furuset;RV159 S1D1 m1206;2023-02-27T00:00+01:00;2023-02-28T00:00+01:00;2023-02-27;Totalt i retning Furuset;29186;100,0;24;24;0;7;99,98;25917;3262;1263;1044;394;561;544;17
68539V625646;Karihaugen rampe mot Furuset;RV159 S1D1 m1206;2023-02-27T00:00+01:00;2023-02-28T00:00+01:00;2023-02-27;Totalt i retning Skårer;0;100,0;24;24;0;0;100,00;-;-;-;-;-;-;-;-
68539V625646;Karihaugen rampe mot Furuset;RV159 S1D1 m1206;2023-02-27T00:00+01:00;2023-02-28T00:00+01:00;2023-02-27;Totalt;29186;100,0;24;24;0;7;99,98;25917;3262;1263;1044;394;561;544;17
68539V625646;Karihaugen rampe mot Furuset;RV159 S1D1 m1206;2023-02-28T00:00+01:00;2023-03-01T00:00+01:00;2023-02-28;1;15765;100,0;24;24;0;0;100,00;14868;897;462;255;53;127;126;1
68539V625646;Karihaugen rampe mot Furuset;RV159 S1D1 m1206;2023-02-28T00:00+01:00;2023-03-01T00:00+01:00;2023-02-28;3;13848;100,0;24;24;0;4;99,97;11479;2365;851;769;275;470;457;13
68539V625646;Karihaugen rampe mot Furuset;RV159 S1D1 m1206;2023-02-28T00:00+01:00;2023-03-01T00:00+01:00;2023-02-28;5;79;100,0;24;24;0;1;98,73;67;11;0;2;9;0;0;0
68539V625646;Karihaugen rampe mot Furuset;RV159 S1D1 m1206;2023-02-28T00:00+01:00;2023-03-01T00:00+01:00;2023-02-28;Totalt i retning Furuset;29691;100,0;24;24;0;5;99,98;26413;3273;1313;1026;337;597;583;14
68539V625646;Karihaugen rampe mot Furuset;RV159 S1D1 m1206;2023-02-28T00:00+01:00;2023-03-01T00:00+01:00;2023-02-28;Totalt i retning Skårer;1;100,0;24;24;0;1;0,00;-;-;-;-;-;-;-;-
68539V625646;Karihaugen rampe mot Furuset;RV159 S1D1 m1206;2023-02-28T00:00+01:00;2023-03-01T00:00+01:00;2023-02-28;Totalt;29692;100,0;24;24;0;5;99,98;26414;3273;1313;1026;337;597;583;14
79854V625215;E6 V/KARIHAUGEN;EV6 S17D1 m5998;2022-11-01T00:00+01:00;2022-11-02T00:00+01:00;2022-11-01;1;12072;100,0;24;24;0;1;99,99;11201;870;519;157;57;137;133;4
79854V625215;E6 V/KARIHAUGEN;EV6 S17D1 m5998;2022-11-01T00:00+01:00;2022-11-02T00:00+01:00;2022-11-01;2;9190;100,0;24;24;0;17;99,82;8685;488;325;80;28;55;54;1
79854V625215;E6 V/KARIHAUGEN;EV6 S17D1 m5998;2022-11-01T00:00+01:00;2022-11-02T00:00+01:00;2022-11-01;3;14525;100,0;24;24;0;2;99,99;9854;4669;844;1294;539;1992;1901;91
79854V625215;E6 V/KARIHAUGEN;EV6 S17D1 m5998;2022-11-01T00:00+01:00;2022-11-02T00:00+01:00;2022-11-01;4;15841;100,0;24;24;0;32;99,80;11247;4562;807;1315;529;1911;1827;84
79854V625215;E6 V/KARIHAUGEN;EV6 S17D1 m5998;2022-11-01T00:00+01:00;2022-11-02T00:00+01:00;2022-11-01;5;39;100,0;24;24;0;0;100,00;36;3;2;1;0;0;0;0
79854V625215;E6 V/KARIHAUGEN;EV6 S17D1 m5998;2022-11-01T00:00+01:00;2022-11-02T00:00+01:00;2022-11-01;6;165;100,0;24;24;0;0;100,00;139;26;4;1;21;0;0;0
79854V625215;E6 V/KARIHAUGEN;EV6 S17D1 m5998;2022-11-01T00:00+01:00;2022-11-02T00:00+01:00;2022-11-01;Totalt i retning Akershus grense;26635;100,0;24;24;0;3;99,99;21090;5542;1365;1452;596;2129;2034;95
79854V625215;E6 V/KARIHAUGEN;EV6 S17D1 m5998;2022-11-01T00:00+01:00;2022-11-02T00:00+01:00;2022-11-01;Totalt i retning Karihaugen;25197;100,0;24;24;0;49;99,81;20072;5076;1136;1396;578;1966;1881;85
79854V625215;E6 V/KARIHAUGEN;EV6 S17D1 m5998;2022-11-01T00:00+01:00;2022-11-02T00:00+01:00;2022-11-01;Totalt;51832;100,0;24;24;0;52;99,90;41162;10618;2501;2848;1174;4095;3915;180
79854V625215;E6 V/KARIHAUGEN;EV6 S17D1 m5998;2022-11-02T00:00+01:00;2022-11-03T00:00+01:00;2022-11-02;1;11946;100,0;24;24;0;59;99,51;10928;959;505;202;82;170;159;11
79854V625215;E6 V/KARIHAUGEN;EV6 S17D1 m5998;2022-11-02T00:00+01:00;2022-11-03T00:00+01:00;2022-11-02;2;9517;100,0;24;24;0;0;100,00;8987;530;324;97;34;75;73;2
79854V625215;E6 V/KARIHAUGEN;EV6 S17D1 m5998;2022-11-02T00:00+01:00;2022-11-03T00:00+01:00;2022-11-02;3;14276;100,0;24;24;0;130;99,09;9679;4467;757;1289;479;1942;1859;83
79854V625215;E6 V/KARIHAUGEN;EV6 S17D1 m5998;2022-11-02T00:00+01:00;2022-11-03T00:00+01:00;2022-11-02;4;15903;100,0;24;24;0;1;99,99;11323;4579;798;1333;539;1909;1831;78
79854V625215;E6 V/KARIHAUGEN;EV6 S17D1 m5998;2022-11-02T00:00+01:00;2022-11-03T00:00+01:00;2022-11-02;5;280;100,0;24;24;0;0;100,00;230;50;10;2;37;1;1;0
79854V625215;E6 V/KARIHAUGEN;EV6 S17D1 m5998;2022-11-02T00:00+01:00;2022-11-03T00:00+01:00;2022-11-02;6;93;100,0;24;24;0;0;100,00;77;16;1;2;11;2;2;0
79854V625215;E6 V/KARIHAUGEN;EV6 S17D1 m5998;2022-11-02T00:00+01:00;2022-11-03T00:00+01:00;2022-11-02;Totalt i retning Akershus grense;26501;100,0;24;24;0;189;99,29;20837;5475;1272;1493;597;2113;2019;94
79854V625215;E6 V/KARIHAUGEN;EV6 S17D1 m5998;2022-11-02T00:00+01:00;2022-11-03T00:00+01:00;2022-11-02;Totalt i retning Karihaugen;25514;100,0;24;24;0;1;100,00;20387;5126;1123;1432;585;1986;1906;80
79854V625215;E6 V/KARIHAUGEN;EV6 S17D1 m5998;2022-11-02T00:00+01:00;2022-11-03T00:00+01:00;2022-11-02;Totalt;52015;100,0;24;24;0;190;99,63;41224;10601;2395;2925;1182;4099;3925;174
79854V625215;E6 V/KARIHAUGEN;EV6 S17D1 m5998;2022-11-03T00:00+01:00;2022-11-04T00:00+01:00;2022-11-03;1;12541;100,0;24;24;0;26;99,79;11607;908;560;181;49;118;112;6
79854V625215;E6 V/KARIHAUGEN;EV6 S17D1 m5998;2022-11-03T00:00+01:00;2022-11-04T00:00+01:00;2022-11-03;2;9892;100,0;24;24;0;0;100,00;9317;575;340;108;49;78;77;1
79854V625215;E6 V/KARIHAUGEN;EV6 S17D1 m5998;2022-11-03T00:00+01:00;2022-11-04T00:00+01:00;2022-11-03;3;14471;100,0;24;24;0;90;99,38;9992;4389;771;1261;455;1902;1815;87
79854V625215;E6 V/KARIHAUGEN;EV6 S17D1 m5998;2022-11-03T00:00+01:00;2022-11-04T00:00+01:00;2022-11-03;4;16052;100,0;24;24;0;2;99,99;11633;4417;802;1291;477;1847;1759;88
79854V625215;E6 V/KARIHAUGEN;EV6 S17D1 m5998;2022-11-03T00:00+01:00;2022-11-04T00:00+01:00;2022-11-03;5;264;100,0;24;24;0;0;100,00;214;50;11;5;34;0;0;0
79854V625215;E6 V/KARIHAUGEN;EV6 S17D1 m5998;2022-11-03T00:00+01:00;2022-11-04T00:00+01:00;2022-11-03;6;82;100,0;24;24;0;0;100,00;65;17;2;0;13;2;1;1
79854V625215;E6 V/KARIHAUGEN;EV6 S17D1 m5998;2022-11-03T00:00+01:00;2022-11-04T00:00+01:00;2022-11-03;Totalt i retning Akershus grense;27275;100,0;24;24;0;115;99,58;21813;5347;1342;1447;538;2020;1927;93
79854V625215;E6 V/KARIHAUGEN;EV6 S17D1 m5998;2022-11-03T00:00+01:00;2022-11-04T00:00+01:00;2022-11-03;Totalt i retning Karihaugen;26027;100,0;24;24;0;3;99,99;21015;5009;1144;1399;539;1927;1837;90
79854V625215;E6 V/KARIHAUGEN;EV6 S17D1 m5998;2022-11-03T00:00+01:00;2022-11-04T00:00+01:00;2022-11-03;Totalt;53302;100,0;24;24;0;118;99,78;42828;10356;2486;2846;1077;3947;3764;183
79854V625215;E6 V/KARIHAUGEN;EV6 S17D1 m5998;2022-11-04T00:00+01:00;2022-11-05T00:00+01:00;2022-11-04;1;12976;100,0;24;24;0;1;99,99;12224;751;440;164;45;102;99;3
79854V625215;E6 V/KARIHAUGEN;EV6 S17D1 m5998;2022-11-04T00:00+01:00;2022-11-05T00:00+01:00;2022-11-04;2;9146;100,0;24;24;0;0;100,00;8681;465;304;76;34;51;51;0
79854V625215;E6 V/KARIHAUGEN;EV6 S17D1 m5998;2022-11-04T00:00+01:00;2022-11-05T00:00+01:00;2022-11-04;3;15375;100,0;24;24;0;0;100,00;11267;4108;820;1254;372;1662;1574;88
79854V625215;E6 V/KARIHAUGEN;EV6 S17D1 m5998;2022-11-04T00:00+01:00;2022-11-05T00:00+01:00;2022-11-04;4;15938;100,0;24;24;0;0;100,00;11989;3949;787;1184;366;1612;1541;71
79854V625215;E6 V/KARIHAUGEN;EV6 S17D1 m5998;2022-11-04T00:00+01:00;2022-11-05T00:00+01:00;2022-11-04;5;50;100,0;24;24;0;0;100,00;44;6;3;1;2;0;0;0
79854V625215;E6 V/KARIHAUGEN;EV6 S17D1 m5998;2022-11-04T00:00+01:00;2022-11-05T00:00+01:00;2022-11-04;6;78;100,0;24;24;0;0;100,00;65;13;1;2;10;0;0;0
79854V625215;E6 V/KARIHAUGEN;EV6 S17D1 m5998;2022-11-04T00:00+01:00;2022-11-05T00:00+01:00;2022-11-04;Totalt i retning Akershus grense;28400;100,0;24;24;0;1;100,00;23534;4865;1263;1419;419;1764;1673;91
79854V625215;E6 V/KARIHAUGEN;EV6 S17D1 m5998;2022-11-04T00:00+01:00;2022-11-05T00:00+01:00;2022-11-04;Totalt i retning Karihaugen;25163;100,0;24;24;0;0;100,00;20736;4427;1092;1262;410;1663;1592;71
79854V625215;E6 V/KARIHAUGEN;EV6 S17D1 m5998;2022-11-04T00:00+01:00;2022-11-05T00:00+01:00;2022-11-04;Totalt;53563;100,0;24;24;0;1;100,00;44270;9292;2355;2681;829;3427;3265;162
79854V625215;E6 V/KARIHAUGEN;EV6 S17D1 m5998;2022-11-05T00:00+01:00;2022-11-06T00:00+01:00;2022-11-05;1;5995;100,0;24;24;0;0;100,00;5789;206;128;36;33;9;9;0
79854V625215;E6 V/KARIHAUGEN;EV6 S17D1 m5998;2022-11-05T00:00+01:00;2022-11-06T00:00+01:00;2022-11-05;2;4604;100,0;24;24;0;0;100,00;4466;138;79;23;26;10;9;1
79854V625215;E6 V/KARIHAUGEN;EV6 S17D1 m5998;2022-11-05T00:00+01:00;2022-11-06T00:00+01:00;2022-11-05;3;12441;100,0;24;24;0;0;100,00;11108;1333;354;445;175;359;350;9
79854V625215;E6 V/KARIHAUGEN;EV6 S17D1 m5998;2022-11-05T00:00+01:00;2022-11-06T00:00+01:00;2022-11-05;4;13097;100,0;24;24;0;0;100,00;11704;1393;312;432;215;434;413;21
79854V625215;E6 V/KARIHAUGEN;EV6 S17D1 m5998;2022-11-05T00:00+01:00;2022-11-06T00:00+01:00;2022-11-05;5;8;100,0;24;24;0;0;100,00;7;1;0;0;0;1;1;0
79854V625215;E6 V/KARIHAUGEN;EV6 S17D1 m5998;2022-11-05T00:00+01:00;2022-11-06T00:00+01:00;2022-11-05;6;36;100,0;24;24;0;0;100,00;32;4;1;0;3;0;0;0
79854V625215;E6 V/KARIHAUGEN;EV6 S17D1 m5998;2022-11-05T00:00+01:00;2022-11-06T00:00+01:00;2022-11-05;Totalt i retning Akershus grense;18444;100,0;24;24;0;0;100,00;16904;1540;482;481;208;369;360;9
79854V625215;E6 V/KARIHAUGEN;EV6 S17D1 m5998;2022-11-05T00:00+01:00;2022-11-06T00:00+01:00;2022-11-05;Totalt i retning Karihaugen;17737;100,0;24;24;0;0;100,00;16202;1535;392;455;244;444;422;22
79854V625215;E6 V/KARIHAUGEN;EV6 S17D1 m5998;2022-11-05T00:00+01:00;2022-11-06T00:00+01:00;2022-11-05;Totalt;36181;100,0;24;24;0;0;100,00;33106;3075;874;936;452;813;782;31
79854V625215;E6 V/KARIHAUGEN;EV6 S17D1 m5998;2022-11-06T00:00+01:00;2022-11-07T00:00+01:00;2022-11-06;1;6940;100,0;24;24;0;2;99,97;6709;229;128;47;33;21;20;1
79854V625215;E6 V/KARIHAUGEN;EV6 S17D1 m5998;2022-11-06T00:00+01:00;2022-11-07T00:00+01:00;2022-11-06;2;7635;100,0;24;24;0;68;99,11;7423;144;84;30;15;15;14;1
79854V625215;E6 V/KARIHAUGEN;EV6 S17D1 m5998;2022-11-06T00:00+01:00;2022-11-07T00:00+01:00;2022-11-06;3;12735;100,0;24;24;0;0;100,00;11357;1378;321;375;185;497;480;17
79854V625215;E6 V/KARIHAUGEN;EV6 S17D1 m5998;2022-11-06T00:00+01:00;2022-11-07T00:00+01:00;2022-11-06;4;14582;100,0;24;24;0;48;99,67;13176;1358;290;412;187;469;443;26
79854V625215;E6 V/KARIHAUGEN;EV6 S17D1 m5998;2022-11-06T00:00+01:00;2022-11-07T00:00+01:00;2022-11-06;5;7;100,0;24;24;0;0;100,00;7;0;0;0;0;0;0;0
79854V625215;E6 V/KARIHAUGEN;EV6 S17D1 m5998;2022-11-06T00:00+01:00;2022-11-07T00:00+01:00;2022-11-06;6;179;100,0;24;24;0;1;99,44;166;12;1;4;7;0;0;0
79854V625215;E6 V/KARIHAUGEN;EV6 S17D1 m5998;2022-11-06T00:00+01:00;2022-11-07T00:00+01:00;2022-11-06;Totalt i retning Akershus grense;19682;100,0;24;24;0;2;99,99;18073;1607;449;422;218;518;500;18
79854V625215;E6 V/KARIHAUGEN;EV6 S17D1 m5998;2022-11-06T00:00+01:00;2022-11-07T00:00+01:00;2022-11-06;Totalt i retning Karihaugen;22396;100,0;24;24;0;117;99,48;20765;1514;375;446;209;484;457;27
79854V625215;E6 V/KARIHAUGEN;EV6 S17D1 m5998;2022-11-06T00:00+01:00;2022-11-07T00:00+01:00;2022-11-06;Totalt;42078;100,0;24;24;0;119;99,72;38838;3121;824;868;427;1002;957;45
79854V625215;E6 V/KARIHAUGEN;EV6 S17D1 m5998;2022-11-07T00:00+01:00;2022-11-08T00:00+01:00;2022-11-07;1;11569;100,0;24;24;0;1;99,99;10738;830;517;140;57;116;113;3
79854V625215;E6 V/KARIHAUGEN;EV6 S17D1 m5998;2022-11-07T00:00+01:00;2022-11-08T00:00+01:00;2022-11-07;2;9065;100,0;24;24;0;1;99,99;8502;562;363;86;35;78;76;2
79854V625215;E6 V/KARIHAUGEN;EV6 S17D1 m5998;2022-11-07T00:00+01:00;2022-11-08T00:00+01:00;2022-11-07;3;14397;100,0;24;24;0;5;99,97;9735;4657;852;1223;516;2066;1962;104
79854V625215;E6 V/KARIHAUGEN;EV6 S17D1 m5998;2022-11-07T00:00+01:00;2022-11-08T00:00+01:00;2022-11-07;4;15748;100,0;24;24;0;0;100,00;11420;4328;794;1240;527;1767;1685;82
79854V625215;E6 V/KARIHAUGEN;EV6 S17D1 m5998;2022-11-07T00:00+01:00;2022-11-08T00:00+01:00;2022-11-07;5;29;100,0;24;24;0;0;100,00;29;0;0;0;0;0;0;0
79854V625215;E6 V/KARIHAUGEN;EV6 S17D1 m5998;2022-11-07T00:00+01:00;2022-11-08T00:00+01:00;2022-11-07;6;84;100,0;24;24;0;0;100,00;69;15;1;1;13;0;0;0
79854V625215;E6 V/KARIHAUGEN;EV6 S17D1 m5998;2022-11-07T00:00+01:00;2022-11-08T00:00+01:00;2022-11-07;Totalt i retning Akershus grense;25995;100,0;24;24;0;6;99,98;20502;5487;1369;1363;573;2182;2075;107
79854V625215;E6 V/KARIHAUGEN;EV6 S17D1 m5998;2022-11-07T00:00+01:00;2022-11-08T00:00+01:00;2022-11-07;Totalt i retning Karihaugen;24897;100,0;24;24;0;1;100,00;19991;4905;1158;1327;575;1845;1761;84
79854V625215;E6 V/KARIHAUGEN;EV6 S17D1 m5998;2022-11-07T00:00+01:00;2022-11-08T00:00+01:00;2022-11-07;Totalt;50892;100,0;24;24;0;7;99,99;40493;10392;2527;2690;1148;4027;3836;191
79854V625215;E6 V/KARIHAUGEN;EV6 S17D1 m5998;2022-11-08T00:00+01:00;2022-11-09T00:00+01:00;2022-11-08;1;12032;100,0;24;24;0;2;99,98;11155;875;513;158;59;145;135;10
79854V625215;E6 V/KARIHAUGEN;EV6 S17D1 m5998;2022-11-08T00:00+01:00;2022-11-09T00:00+01:00;2022-11-08;2;9191;100,0;24;24;0;1;99,99;8660;530;344;69;41;76;74;2
79854V625215;E6 V/KARIHAUGEN;EV6 S17D1 m5998;2022-11-08T00:00+01:00;2022-11-09T00:00+01:00;2022-11-08;3;14510;100,0;24;24;0;1;99,99;9861;4648;817;1245;533;2053;1968;85
79854V625215;E6 V/KARIHAUGEN;EV6 S17D1 m5998;2022-11-08T00:00+01:00;2022-11-09T00:00+01:00;2022-11-08;4;15592;100,0;24;24;0;1;99,99;11128;4463;802;1195;527;1939;1845;94
79854V625215;E6 V/KARIHAUGEN;EV6 S17D1 m5998;2022-11-08T00:00+01:00;2022-11-09T00:00+01:00;2022-11-08;5;25;100,0;24;24;0;0;100,00;24;1;0;0;1;0;0;0
79854V625215;E6 V/KARIHAUGEN;EV6 S17D1 m5998;2022-11-08T00:00+01:00;2022-11-09T00:00+01:00;2022-11-08;6;66;100,0;24;24;0;0;100,00;52;14;1;1;12;0;0;0
79854V625215;E6 V/KARIHAUGEN;EV6 S17D1 m5998;2022-11-08T00:00+01:00;2022-11-09T00:00+01:00;2022-11-08;Totalt i retning Akershus grense;26567;100,0;24;24;0;3;99,99;21040;5524;1330;1403;593;2198;2103;95
79854V625215;E6 V/KARIHAUGEN;EV6 S17D1 m5998;2022-11-08T00:00+01:00;2022-11-09T00:00+01:00;2022-11-08;Totalt i retning Karihaugen;24849;100,0;24;24;0;2;99,99;19840;5007;1147;1265;580;2015;1919;96
79854V625215;E6 V/KARIHAUGEN;EV6 S17D1 m5998;2022-11-08T00:00+01:00;2022-11-09T00:00+01:00;2022-11-08;Totalt;51416;100,0;24;24;0;5;99,99;40880;10531;2477;2668;1173;4213;4022;191
79854V625215;E6 V/KARIHAUGEN;EV6 S17D1 m5998;2022-11-09T00:00+01:00;2022-11-10T00:00+01:00;2022-11-09;1;11968;100,0;24;24;0;61;99,49;11040;867;514;179;65;109;106;3
79854V625215;E6 V/KARIHAUGEN;EV6 S17D1 m5998;2022-11-09T00:00+01:00;2022-11-10T00:00+01:00;2022-11-09;2;9766;100,0;24;24;0;0;100,00;9206;560;338;94;49;79;77;2
79854V625215;E6 V/KARIHAUGEN;EV6 S17D1 m5998;2022-11-09T00:00+01:00;2022-11-10T00:00+01:00;2022-11-09;3;14525;100,0;24;24;0;79;99,46;9795;4651;788;1225;519;2119;2021;98
79854V625215;E6 V/KARIHAUGEN;EV6 S17D1 m5998;2022-11-09T00:00+01:00;2022-11-10T00:00+01:00;2022-11-09;4;16106;100,0;24;24;0;0;100,00;11577;4529;815;1245;578;1891;1802;89
79854V625215;E6 V/KARIHAUGEN;EV6 S17D1 m5998;2022-11-09T00:00+01:00;2022-11-10T00:00+01:00;2022-11-09;5;257;100,0;24;24;0;0;100,00;208;49;14;6;29;0;0;0
79854V625215;E6 V/KARIHAUGEN;EV6 S17D1 m5998;2022-11-09T00:00+01:00;2022-11-10T00:00+01:00;2022-11-09;6;95;100,0;24;24;0;0;100,00;84;11;3;1;7;0;0;0
79854V625215;E6 V/KARIHAUGEN;EV6 S17D1 m5998;2022-11-09T00:00+01:00;2022-11-10T00:00+01:00;2022-11-09;Totalt i retning Akershus grense;26749;100,0;24;24;0;140;99,48;21043;5566;1316;1410;613;2227;2126;101
79854V625215;E6 V/KARIHAUGEN;EV6 S17D1 m5998;2022-11-09T00:00+01:00;2022-11-10T00:00+01:00;2022-11-09;Totalt i retning Karihaugen;25968;100,0;24;24;0;0;100,00;20867;5101;1156;1340;634;1971;1880;91
79854V625215;E6 V/KARIHAUGEN;EV6 S17D1 m5998;2022-11-09T00:00+01:00;2022-11-10T00:00+01:00;2022-11-09;Totalt;52717;100,0;24;24;0;140;99,73;41910;10667;2472;2750;1247;4198;4006;192
79854V625215;E6 V/KARIHAUGEN;EV6 S17D1 m5998;2022-11-10T00:00+01:00;2022-11-11T00:00+01:00;2022-11-10;1;12998;100,0;24;24;0;25;99,81;12039;934;546;193;58;137;128;9
79854V625215;E6 V/KARIHAUGEN;EV6 S17D1 m5998;2022-11-10T00:00+01:00;2022-11-11T00:00+01:00;2022-11-10;2;10339;100,0;24;24;0;0;100,00;9765;574;336;92;44;102;97;5
79854V625215;E6 V/KARIHAUGEN;EV6 S17D1 m5998;2022-11-10T00:00+01:00;2022-11-11T00:00+01:00;2022-11-10;3;14724;100,0;24;24;0;118;99,20;10091;4515;797;1270;496;1952;1863;89
79854V625215;E6 V/KARIHAUGEN;EV6 S17D1 m5998;2022-11-10T00:00+01:00;2022-11-11T00:00+01:00;2022-11-10;4;16454;100,0;24;24;0;0;100,00;11762;4692;852;1337;539;1964;1883;81
79854V625215;E6 V/KARIHAUGEN;EV6 S17D1 m5998;2022-11-10T00:00+01:00;2022-11-11T00:00+01:00;2022-11-10;5;307;100,0;24;24;0;0;100,00;252;55;13;4;38;0;0;0
79854V625215;E6 V/KARIHAUGEN;EV6 S17D1 m5998;2022-11-10T00:00+01:00;2022-11-11T00:00+01:00;2022-11-10;6;88;100,0;24;24;0;0;100,00;80;8;0;0;8;0;0;0
79854V625215;E6 V/KARIHAUGEN;EV6 S17D1 m5998;2022-11-10T00:00+01:00;2022-11-11T00:00+01:00;2022-11-10;Totalt i retning Akershus grense;28029;100,0;24;24;0;143;99,49;22382;5504;1356;1467;592;2089;1991;98
79854V625215;E6 V/KARIHAUGEN;EV6 S17D1 m5998;2022-11-10T00:00+01:00;2022-11-11T00:00+01:00;2022-11-10;Totalt i retning Karihaugen;26881;100,0;24;24;0;0;100,00;21607;5274;1188;1429;591;2066;1980;86
79854V625215;E6 V/KARIHAUGEN;EV6 S17D1 m5998;2022-11-10T00:00+01:00;2022-11-11T00:00+01:00;2022-11-10;Totalt;54910;100,0;24;24;0;143;99,74;43989;10778;2544;2896;1183;4155;3971;184
79854V625215;E6 V/KARIHAUGEN;EV6 S17D1 m5998;2022-11-11T00:00+01:00;2022-11-12T00:00+01:00;2022-11-11;1;13299;100,0;24;24;0;30;99,77;12470;799;495;167;48;89;85;4
79854V625215;E6 V/KARIHAUGEN;EV6 S17D1 m5998;2022-11-11T00:00+01:00;2022-11-12T00:00+01:00;2022-11-11;2;9800;100,0;24;24;0;1;99,99;9309;490;302;85;33;70;67;3
79854V625215;E6 V/KARIHAUGEN;EV6 S17D1 m5998;2022-11-11T00:00+01:00;2022-11-12T00:00+01:00;2022-11-11;3;15079;100,0;24;24;0;56;99,63;11019;4004;754;1110;413;1727;1652;75
79854V625215;E6 V/KARIHAUGEN;EV6 S17D1 m5998;2022-11-11T00:00+01:00;2022-11-12T00:00+01:00;2022-11-11;4;16431;100,0;24;24;0;1;99,99;12284;4146;828;1170;480;1668;1593;75
79854V625215;E6 V/KARIHAUGEN;EV6 S17D1 m5998;2022-11-11T00:00+01:00;2022-11-12T00:00+01:00;2022-11-11;5;288;100,0;24;24;0;0;100,00;252;36;8;2;26;0;0;0
79854V625215;E6 V/KARIHAUGEN;EV6 S17D1 m5998;2022-11-11T00:00+01:00;2022-11-12T00:00+01:00;2022-11-11;6;75;100,0;24;24;0;0;100,00;59;16;1;3;11;1;1;0
79854V625215;E6 V/KARIHAUGEN;EV6 S17D1 m5998;2022-11-11T00:00+01:00;2022-11-12T00:00+01:00;2022-11-11;Totalt i retning Akershus grense;28667;100,0;24;24;0;86;99,70;23741;4840;1257;1280;487;1816;1737;79
79854V625215;E6 V/KARIHAUGEN;EV6 S17D1 m5998;2022-11-11T00:00+01:00;2022-11-12T00:00+01:00;2022-11-11;Totalt i retning Karihaugen;26305;100,0;24;24;0;2;99,99;21652;4651;1131;1257;524;1739;1661;78
79854V625215;E6 V/KARIHAUGEN;EV6 S17D1 m5998;2022-11-11T00:00+01:00;2022-11-12T00:00+01:00;2022-11-11;Totalt;54972;100,0;24;24;0;88;99,84;45393;9491;2388;2537;1011;3555;3398;157
79854V625215;E6 V/KARIHAUGEN;EV6 S17D1 m5998;2022-11-12T00:00+01:00;2022-11-13T00:00+01:00;2022-11-12;1;6404;100,0;24;24;0;1;99,98;6200;203;137;34;20;12;12;0
79854V625215;E6 V/KARIHAUGEN;EV6 S17D1 m5998;2022-11-12T00:00+01:00;2022-11-13T00:00+01:00;2022-11-12;2;5140;100,0;24;24;0;0;100,00;5020;120;80;16;12;12;12;0
79854V625215;E6 V/KARIHAUGEN;EV6 S17D1 m5998;2022-11-12T00:00+01:00;2022-11-13T00:00+01:00;2022-11-12;3;12693;100,0;24;24;0;2;99,98;11324;1367;337;461;198;371;361;10
79854V625215;E6 V/KARIHAUGEN;EV6 S17D1 m5998;2022-11-12T00:00+01:00;2022-11-13T00:00+01:00;2022-11-12;4;13105;100,0;24;24;0;0;100,00;11666;1439;324;446;210;459;444;15
79854V625215;E6 V/KARIHAUGEN;EV6 S17D1 m5998;2022-11-12T00:00+01:00;2022-11-13T00:00+01:00;2022-11-12;5;5;100,0;24;24;0;0;100,00;4;1;0;0;1;0;0;0
79854V625215;E6 V/KARIHAUGEN;EV6 S17D1 m5998;2022-11-12T00:00+01:00;2022-11-13T00:00+01:00;2022-11-12;6;65;100,0;24;24;0;0;100,00;56;9;1;1;7;0;0;0
79854V625215;E6 V/KARIHAUGEN;EV6 S17D1 m5998;2022-11-12T00:00+01:00;2022-11-13T00:00+01:00;2022-11-12;Totalt i retning Akershus grense;19102;100,0;24;24;0;3;99,98;17528;1571;474;495;219;383;373;10
79854V625215;E6 V/KARIHAUGEN;EV6 S17D1 m5998;2022-11-12T00:00+01:00;2022-11-13T00:00+01:00;2022-11-12;Totalt i retning Karihaugen;18310;100,0;24;24;0;0;100,00;16742;1568;405;463;229;471;456;15
79854V625215;E6 V/KARIHAUGEN;EV6 S17D1 m5998;2022-11-12T00:00+01:00;2022-11-13T00:00+01:00;2022-11-12;Totalt;37412;100,0;24;24;0;3;99,99;34270;3139;879;958;448;854;829;25
79854V625215;E6 V/KARIHAUGEN;EV6 S17D1 m5998;2022-11-13T00:00+01:00;2022-11-14T00:00+01:00;2022-11-13;1;7555;100,0;24;24;0;0;100,00;7351;204;125;36;24;19;19;0
79854V625215;E6 V/KARIHAUGEN;EV6 S17D1 m5998;2022-11-13T00:00+01:00;2022-11-14T00:00+01:00;2022-11-13;2;8883;100,0;24;24;0;0;100,00;8737;146;94;36;9;7;6;1
79854V625215;E6 V/KARIHAUGEN;EV6 S17D1 m5998;2022-11-13T00:00+01:00;2022-11-14T00:00+01:00;2022-11-13;3;13594;100,0;24;24;0;2;99,99;12144;1448;345;363;198;542;520;22
79854V625215;E6 V/KARIHAUGEN;EV6 S17D1 m5998;2022-11-13T00:00+01:00;2022-11-14T00:00+01:00;2022-11-13;4;15532;100,0;24;24;0;0;100,00;14129;1403;303;414;195;491;468;23
79854V625215;E6 V/KARIHAUGEN;EV6 S17D1 m5998;2022-11-13T00:00+01:00;2022-11-14T00:00+01:00;2022-11-13;5;11;100,0;24;24;0;0;100,00;11;0;0;0;0;0;0;0
79854V625215;E6 V/KARIHAUGEN;EV6 S17D1 m5998;2022-11-13T00:00+01:00;2022-11-14T00:00+01:00;2022-11-13;6;91;100,0;24;24;0;0;100,00;80;11;2;2;7;0;0;0
79854V625215;E6 V/KARIHAUGEN;EV6 S17D1 m5998;2022-11-13T00:00+01:00;2022-11-14T00:00+01:00;2022-11-13;Totalt i retning Akershus grense;21159;100,0;24;24;0;2;99,99;19506;1651;469;399;222;561;539;22
79854V625215;E6 V/KARIHAUGEN;EV6 S17D1 m5998;2022-11-13T00:00+01:00;2022-11-14T00:00+01:00;2022-11-13;Totalt i retning Karihaugen;24507;100,0;24;24;0;0;100,00;22946;1561;400;452;211;498;474;24
79854V625215;E6 V/KARIHAUGEN;EV6 S17D1 m5998;2022-11-13T00:00+01:00;2022-11-14T00:00+01:00;2022-11-13;Totalt;45666;100,0;24;24;0;2;100,00;42452;3212;869;851;433;1059;1013;46
79854V625215;E6 V/KARIHAUGEN;EV6 S17D1 m5998;2022-11-14T00:00+01:00;2022-11-15T00:00+01:00;2022-11-14;1;11600;100,0;24;24;0;1;99,99;10787;812;498;148;48;118;117;1
79854V625215;E6 V/KARIHAUGEN;EV6 S17D1 m5998;2022-11-14T00:00+01:00;2022-11-15T00:00+01:00;2022-11-14;2;9565;100,0;24;24;0;1;99,99;9036;528;318;103;28;79;78;1
79854V625215;E6 V/KARIHAUGEN;EV6 S17D1 m5998;2022-11-14T00:00+01:00;2022-11-15T00:00+01:00;2022-11-14;3;14631;100,0;24;24;0;3;99,98;9933;4695;850;1313;536;1996;1907;89
79854V625215;E6 V/KARIHAUGEN;EV6 S17D1 m5998;2022-11-14T00:00+01:00;2022-11-15T00:00+01:00;2022-11-14;4;15707;100,0;24;24;0;0;100,00;11265;4442;849;1305;540;1748;1673;75
79854V625215;E6 V/KARIHAUGEN;EV6 S17D1 m5998;2022-11-14T00:00+01:00;2022-11-15T00:00+01:00;2022-11-14;5;36;100,0;24;24;0;0;100,00;34;2;1;0;1;0;0;0
79854V625215;E6 V/KARIHAUGEN;EV6 S17D1 m5998;2022-11-14T00:00+01:00;2022-11-15T00:00+01:00;2022-11-14;6;86;100,0;24;24;0;0;100,00;74;12;0;4;7;1;1;0
79854V625215;E6 V/KARIHAUGEN;EV6 S17D1 m5998;2022-11-14T00:00+01:00;2022-11-15T00:00+01:00;2022-11-14;Totalt i retning Akershus grense;26266;100,0;24;24;0;3;99,99;20754;5509;1349;1461;585;2114;2024;90
79854V625215;E6 V/KARIHAUGEN;EV6 S17D1 m5998;2022-11-14T00:00+01:00;2022-11-15T00:00+01:00;2022-11-14;Totalt i retning Karihaugen;25359;100,0;24;24;0;2;99,99;20375;4982;1167;1412;575;1828;1752;76
79854V625215;E6 V/KARIHAUGEN;EV6 S17D1 m5998;2022-11-14T00:00+01:00;2022-11-15T00:00+01:00;2022-11-14;Totalt;51625;100,0;24;24;0;5;99,99;41129;10491;2516;2873;1160;3942;3776;166
79854V625215;E6 V/KARIHAUGEN;EV6 S17D1 m5998;2022-11-15T00:00+01:00;2022-11-16T00:00+01:00;2022-11-15;1;11933;100,0;24;24;0;0;100,00;11087;846;521;138;41;146;134;12
79854V625215;E6 V/KARIHAUGEN;EV6 S17D1 m5998;2022-11-15T00:00+01:00;2022-11-16T00:00+01:00;2022-11-15;2;9755;100,0;24;24;0;1;99,99;9176;578;336;92;52;98;97;1
79854V625215;E6 V/KARIHAUGEN;EV6 S17D1 m5998;2022-11-15T00:00+01:00;2022-11-16T00:00+01:00;2022-11-15;3;15072;100,0;24;24;0;3;99,98;10265;4804;853;1318;571;2062;1983;79
79854V625215;E6 V/KARIHAUGEN;EV6 S17D1 m5998;2022-11-15T00:00+01:00;2022-11-16T00:00+01:00;2022-11-15;4;15980;100,0;24;24;0;4;99,97;11341;4635;868;1302;535;1930;1853;77
79854V625215;E6 V/KARIHAUGEN;EV6 S17D1 m5998;2022-11-15T00:00+01:00;2022-11-16T00:00+01:00;2022-11-15;5;25;100,0;24;24;0;0;100,00;24;1;1;0;0;0;0;0
79854V625215;E6 V/KARIHAUGEN;EV6 S17D1 m5998;2022-11-15T00:00+01:00;2022-11-16T00:00+01:00;2022-11-15;6;75;100,0;24;24;0;0;100,00;65;10;2;1;7;0;0;0
79854V625215;E6 V/KARIHAUGEN;EV6 S17D1 m5998;2022-11-15T00:00+01:00;2022-11-16T00:00+01:00;2022-11-15;Totalt i retning Akershus grense;27031;100,0;24;24;0;4;99,99;21376;5651;1375;1456;612;2208;2117;91
79854V625215;E6 V/KARIHAUGEN;EV6 S17D1 m5998;2022-11-15T00:00+01:00;2022-11-16T00:00+01:00;2022-11-15;Totalt i retning Karihaugen;25809;100,0;24;24;0;4;99,98;20582;5223;1206;1395;594;2028;1950;78
79854V625215;E6 V/KARIHAUGEN;EV6 S17D1 m5998;2022-11-15T00:00+01:00;2022-11-16T00:00+01:00;2022-11-15;Totalt;52840;100,0;24;24;0;8;99,98;41958;10874;2581;2851;1206;4236;4067;169
79854V625215;E6 V/KARIHAUGEN;EV6 S17D1 m5998;2022-11-16T00:00+01:00;2022-11-17T00:00+01:00;2022-11-16;1;12365;100,0;24;24;0;1;99,99;11506;858;525;148;49;136;129;7
79854V625215;E6 V/KARIHAUGEN;EV6 S17D1 m5998;2022-11-16T00:00+01:00;2022-11-17T00:00+01:00;2022-11-16;2;9954;100,0;24;24;0;0;100,00;9407;547;328;97;44;78;77;1
79854V625215;E6 V/KARIHAUGEN;EV6 S17D1 m5998;2022-11-16T00:00+01:00;2022-11-17T00:00+01:00;2022-11-16;3;15326;100,0;24;24;0;0;100,00;10595;4731;867;1335;554;1975;1885;90
79854V625215;E6 V/KARIHAUGEN;EV6 S17D1 m5998;2022-11-16T00:00+01:00;2022-11-17T00:00+01:00;2022-11-16;4;16180;100,0;24;24;0;0;100,00;11595;4585;862;1276;569;1878;1794;84
79854V625215;E6 V/KARIHAUGEN;EV6 S17D1 m5998;2022-11-16T00:00+01:00;2022-11-17T00:00+01:00;2022-11-16;5;40;100,0;24;24;0;0;100,00;37;3;1;1;1;0;0;0
79854V625215;E6 V/KARIHAUGEN;EV6 S17D1 m5998;2022-11-16T00:00+01:00;2022-11-17T00:00+01:00;2022-11-16;6;90;100,0;24;24;0;0;100,00;71;19;1;2;15;1;1;0
79854V625215;E6 V/KARIHAUGEN;EV6 S17D1 m5998;2022-11-16T00:00+01:00;2022-11-17T00:00+01:00;2022-11-16;Totalt i retning Akershus grense;27731;100,0;24;24;0;1;100,00;22138;5592;1393;1484;604;2111;2014;97
79854V625215;E6 V/KARIHAUGEN;EV6 S17D1 m5998;2022-11-16T00:00+01:00;2022-11-17T00:00+01:00;2022-11-16;Totalt i retning Karihaugen;26224;100,0;24;24;0;0;100,00;21073;5151;1191;1375;628;1957;1872;85
79854V625215;E6 V/KARIHAUGEN;EV6 S17D1 m5998;2022-11-16T00:00+01:00;2022-11-17T00:00+01:00;2022-11-16;Totalt;53955;100,0;24;24;0;1;100,00;43211;10743;2584;2859;1232;4068;3886;182
79854V625215;E6 V/KARIHAUGEN;EV6 S17D1 m5998;2022-11-17T00:00+01:00;2022-11-18T00:00+01:00;2022-11-17;1;13120;100,0;24;24;0;25;99,81;12197;898;535;199;54;110;108;2
79854V625215;E6 V/KARIHAUGEN;EV6 S17D1 m5998;2022-11-17T00:00+01:00;2022-11-18T00:00+01:00;2022-11-17;2;10052;100,0;24;24;0;0;100,00;9519;533;339;78;43;73;71;2
79854V625215;E6 V/KARIHAUGEN;EV6 S17D1 m5998;2022-11-17T00:00+01:00;2022-11-18T00:00+01:00;2022-11-17;3;15488;100,0;24;24;0;108;99,30;10731;4649;882;1322;551;1894;1802;92
79854V625215;E6 V/KARIHAUGEN;EV6 S17D1 m5998;2022-11-17T00:00+01:00;2022-11-18T00:00+01:00;2022-11-17;4;16795;100,0;24;24;0;1;99,99;12168;4626;830;1305;579;1912;1821;91
79854V625215;E6 V/KARIHAUGEN;EV6 S17D1 m5998;2022-11-17T00:00+01:00;2022-11-18T00:00+01:00;2022-11-17;5;242;100,0;24;24;0;0;100,00;204;38;8;7;23;0;0;0
79854V625215;E6 V/KARIHAUGEN;EV6 S17D1 m5998;2022-11-17T00:00+01:00;2022-11-18T00:00+01:00;2022-11-17;6;72;100,0;24;24;0;0;100,00;53;19;3;4;11;1;1;0
79854V625215;E6 V/KARIHAUGEN;EV6 S17D1 m5998;2022-11-17T00:00+01:00;2022-11-18T00:00+01:00;2022-11-17;Totalt i retning Akershus grense;28850;100,0;24;24;0;133;99,54;23132;5585;1425;1528;628;2004;1910;94
79854V625215;E6 V/KARIHAUGEN;EV6 S17D1 m5998;2022-11-17T00:00+01:00;2022-11-18T00:00+01:00;2022-11-17;Totalt i retning Karihaugen;26919;100,0;24;24;0;1;100,00;21740;5178;1172;1387;633;1986;1893;93
79854V625215;E6 V/KARIHAUGEN;EV6 S17D1 m5998;2022-11-17T00:00+01:00;2022-11-18T00:00+01:00;2022-11-17;Totalt;55769;100,0;24;24;0;134;99,76;44872;10763;2597;2915;1261;3990;3803;187
79854V625215;E6 V/KARIHAUGEN;EV6 S17D1 m5998;2022-11-18T00:00+01:00;2022-11-19T00:00+01:00;2022-11-18;1;12959;100,0;24;24;0;15;99,88;12130;814;496;175;43;100;98;2
79854V625215;E6 V/KARIHAUGEN;EV6 S17D1 m5998;2022-11-18T00:00+01:00;2022-11-19T00:00+01:00;2022-11-18;2;9431;100,0;24;24;0;0;100,00;8938;493;311;72;42;68;64;4
79854V625215;E6 V/KARIHAUGEN;EV6 S17D1 m5998;2022-11-18T00:00+01:00;2022-11-19T00:00+01:00;2022-11-18;3;15437;100,0;24;24;0;50;99,68;11331;4056;801;1260;404;1591;1521;70
79854V625215;E6 V/KARIHAUGEN;EV6 S17D1 m5998;2022-11-18T00:00+01:00;2022-11-19T00:00+01:00;2022-11-18;4;16375;100,0;24;24;0;2;99,99;12277;4096;820;1263;456;1557;1492;65
79854V625215;E6 V/KARIHAUGEN;EV6 S17D1 m5998;2022-11-18T00:00+01:00;2022-11-19T00:00+01:00;2022-11-18;5;420;100,0;24;24;0;0;100,00;368;52;12;10;30;0;0;0
79854V625215;E6 V/KARIHAUGEN;EV6 S17D1 m5998;2022-11-18T00:00+01:00;2022-11-19T00:00+01:00;2022-11-18;6;60;100,0;24;24;0;0;100,00;52;8;1;2;5;0;0;0
79854V625215;E6 V/KARIHAUGEN;EV6 S17D1 m5998;2022-11-18T00:00+01:00;2022-11-19T00:00+01:00;2022-11-18;Totalt i retning Akershus grense;28816;100,0;24;24;0;65;99,77;23829;4922;1309;1445;477;1691;1619;72
79854V625215;E6 V/KARIHAUGEN;EV6 S17D1 m5998;2022-11-18T00:00+01:00;2022-11-19T00:00+01:00;2022-11-18;Totalt i retning Karihaugen;25866;100,0;24;24;0;2;99,99;21267;4597;1132;1337;503;1625;1556;69
79854V625215;E6 V/KARIHAUGEN;EV6 S17D1 m5998;2022-11-18T00:00+01:00;2022-11-19T00:00+01:00;2022-11-18;Totalt;54682;100,0;24;24;0;67;99,88;45096;9519;2441;2782;980;3316;3175;141
79854V625215;E6 V/KARIHAUGEN;EV6 S17D1 m5998;2022-11-19T00:00+01:00;2022-11-20T00:00+01:00;2022-11-19;1;6716;100,0;24;24;0;0;100,00;6507;209;146;32;22;9;9;0
79854V625215;E6 V/KARIHAUGEN;EV6 S17D1 m5998;2022-11-19T00:00+01:00;2022-11-20T00:00+01:00;2022-11-19;2;5298;100,0;24;24;0;0;100,00;5147;151;88;34;21;8;7;1
79854V625215;E6 V/KARIHAUGEN;EV6 S17D1 m5998;2022-11-19T00:00+01:00;2022-11-20T00:00+01:00;2022-11-19;3;13241;100,0;24;24;0;0;100,00;11911;1330;370;406;188;366;356;10
79854V625215;E6 V/KARIHAUGEN;EV6 S17D1 m5998;2022-11-19T00:00+01:00;2022-11-20T00:00+01:00;2022-11-19;4;13844;100,0;24;24;0;0;100,00;12423;1421;365;418;192;446;432;14
79854V625215;E6 V/KARIHAUGEN;EV6 S17D1 m5998;2022-11-19T00:00+01:00;2022-11-20T00:00+01:00;2022-11-19;5;11;100,0;24;24;0;0;100,00;11;0;0;0;0;0;0;0
79854V625215;E6 V/KARIHAUGEN;EV6 S17D1 m5998;2022-11-19T00:00+01:00;2022-11-20T00:00+01:00;2022-11-19;6;51;100,0;24;24;0;0;100,00;46;5;1;0;4;0;0;0
79854V625215;E6 V/KARIHAUGEN;EV6 S17D1 m5998;2022-11-19T00:00+01:00;2022-11-20T00:00+01:00;2022-11-19;Totalt i retning Akershus grense;19968;100,0;24;24;0;0;100,00;18429;1539;516;438;210;375;365;10
79854V625215;E6 V/KARIHAUGEN;EV6 S17D1 m5998;2022-11-19T00:00+01:00;2022-11-20T00:00+01:00;2022-11-19;Totalt i retning Karihaugen;19193;100,0;24;24;0;0;100,00;17616;1577;454;452;217;454;439;15
79854V625215;E6 V/KARIHAUGEN;EV6 S17D1 m5998;2022-11-19T00:00+01:00;2022-11-20T00:00+01:00;2022-11-19;Totalt;39161;100,0;24;24;0;0;100,00;36045;3116;970;890;427;829;804;25
79854V625215;E6 V/KARIHAUGEN;EV6 S17D1 m5998;2022-11-20T00:00+01:00;2022-11-21T00:00+01:00;2022-11-20;1;6624;100,0;24;24;0;0;100,00;6453;171;101;36;20;14;13;1
79854V625215;E6 V/KARIHAUGEN;EV6 S17D1 m5998;2022-11-20T00:00+01:00;2022-11-21T00:00+01:00;2022-11-20;2;8367;100,0;24;24;0;0;100,00;8217;150;91;33;16;10;10;0
79854V625215;E6 V/KARIHAUGEN;EV6 S17D1 m5998;2022-11-20T00:00+01:00;2022-11-21T00:00+01:00;2022-11-20;3;13286;100,0;24;24;0;1;99,99;11931;1354;346;321;182;505;483;22
79854V625215;E6 V/KARIHAUGEN;EV6 S17D1 m5998;2022-11-20T00:00+01:00;2022-11-21T00:00+01:00;2022-11-20;4;15392;100,0;24;24;0;0;100,00;14053;1339;333;389;180;437;418;19
79854V625215;E6 V/KARIHAUGEN;EV6 S17D1 m5998;2022-11-20T00:00+01:00;2022-11-21T00:00+01:00;2022-11-20;5;8;100,0;24;24;0;0;100,00;6;2;0;1;1;0;0;0
79854V625215;E6 V/KARIHAUGEN;EV6 S17D1 m5998;2022-11-20T00:00+01:00;2022-11-21T00:00+01:00;2022-11-20;6;55;100,0;24;24;0;0;100,00;50;5;1;3;1;0;0;0
79854V625215;E6 V/KARIHAUGEN;EV6 S17D1 m5998;2022-11-20T00:00+01:00;2022-11-21T00:00+01:00;2022-11-20;Totalt i retning Akershus grense;19918;100,0;24;24;0;1;99,99;18390;1527;447;358;203;519;496;23
79854V625215;E6 V/KARIHAUGEN;EV6 S17D1 m5998;2022-11-20T00:00+01:00;2022-11-21T00:00+01:00;2022-11-20;Totalt i retning Karihaugen;23814;100,0;24;24;0;0;100,00;22320;1494;425;425;197;447;428;19
79854V625215;E6 V/KARIHAUGEN;EV6 S17D1 m5998;2022-11-20T00:00+01:00;2022-11-21T00:00+01:00;2022-11-20;Totalt;43732;100,0;24;24;0;1;100,00;40710;3021;872;783;400;966;924;42
79854V625215;E6 V/KARIHAUGEN;EV6 S17D1 m5998;2022-11-21T00:00+01:00;2022-11-22T00:00+01:00;2022-11-21;1;11060;100,0;24;24;0;1;99,99;10154;905;491;186;57;171;167;4
79854V625215;E6 V/KARIHAUGEN;EV6 S17D1 m5998;2022-11-21T00:00+01:00;2022-11-22T00:00+01:00;2022-11-21;2;8921;100,0;24;24;0;0;100,00;8353;568;347;84;53;84;83;1
79854V625215;E6 V/KARIHAUGEN;EV6 S17D1 m5998;2022-11-21T00:00+01:00;2022-11-22T00:00+01:00;2022-11-21;3;14784;100,0;24;24;0;1;99,99;10172;4611;860;1328;511;1912;1828;84
79854V625215;E6 V/KARIHAUGEN;EV6 S17D1 m5998;2022-11-21T00:00+01:00;2022-11-22T00:00+01:00;2022-11-21;4;16259;100,0;24;24;0;0;100,00;11820;4439;886;1327;546;1680;1607;73
79854V625215;E6 V/KARIHAUGEN;EV6 S17D1 m5998;2022-11-21T00:00+01:00;2022-11-22T00:00+01:00;2022-11-21;5;10;100,0;24;24;0;0;100,00;8;2;0;1;1;0;0;0
79854V625215;E6 V/KARIHAUGEN;EV6 S17D1 m5998;2022-11-21T00:00+01:00;2022-11-22T00:00+01:00;2022-11-21;6;27;100,0;24;24;0;0;100,00;25;2;0;0;2;0;0;0
79854V625215;E6 V/KARIHAUGEN;EV6 S17D1 m5998;2022-11-21T00:00+01:00;2022-11-22T00:00+01:00;2022-11-21;Totalt i retning Akershus grense;25853;100,0;24;24;0;2;99,99;20334;5517;1351;1514;569;2083;1995;88
79854V625215;E6 V/KARIHAUGEN;EV6 S17D1 m5998;2022-11-21T00:00+01:00;2022-11-22T00:00+01:00;2022-11-21;Totalt i retning Karihaugen;25208;100,0;24;24;0;0;100,00;20198;5010;1233;1412;601;1764;1690;74
79854V625215;E6 V/KARIHAUGEN;EV6 S17D1 m5998;2022-11-21T00:00+01:00;2022-11-22T00:00+01:00;2022-11-21;Totalt;51061;100,0;24;24;0;2;100,00;40532;10527;2584;2926;1170;3847;3685;162
79854V625215;E6 V/KARIHAUGEN;EV6 S17D1 m5998;2022-11-22T00:00+01:00;2022-11-23T00:00+01:00;2022-11-22;1;11089;100,0;24;24;0;0;100,00;10237;852;507;155;56;134;129;5
79854V625215;E6 V/KARIHAUGEN;EV6 S17D1 m5998;2022-11-22T00:00+01:00;2022-11-23T00:00+01:00;2022-11-22;2;8894;100,0;24;24;0;0;100,00;8311;583;355;93;45;90;89;1
79854V625215;E6 V/KARIHAUGEN;EV6 S17D1 m5998;2022-11-22T00:00+01:00;2022-11-23T00:00+01:00;2022-11-22;3;14531;100,0;24;24;0;2;99,99;9881;4648;875;1243;487;2043;1960;83
79854V625215;E6 V/KARIHAUGEN;EV6 S17D1 m5998;2022-11-22T00:00+01:00;2022-11-23T00:00+01:00;2022-11-22;4;15838;100,0;24;24;0;2;99,99;11366;4470;832;1276;475;1887;1809;78
79854V625215;E6 V/KARIHAUGEN;EV6 S17D1 m5998;2022-11-22T00:00+01:00;2022-11-23T00:00+01:00;2022-11-22;5;21;100,0;24;24;0;0;100,00;17;4;1;3;0;0;0;0
79854V625215;E6 V/KARIHAUGEN;EV6 S17D1 m5998;2022-11-22T00:00+01:00;2022-11-23T00:00+01:00;2022-11-22;6;46;100,0;24;24;0;0;100,00;34;12;2;4;5;1;1;0
79854V625215;E6 V/KARIHAUGEN;EV6 S17D1 m5998;2022-11-22T00:00+01:00;2022-11-23T00:00+01:00;2022-11-22;Totalt i retning Akershus grense;25641;100,0;24;24;0;2;99,99;20135;5504;1383;1401;543;2177;2089;88
79854V625215;E6 V/KARIHAUGEN;EV6 S17D1 m5998;2022-11-22T00:00+01:00;2022-11-23T00:00+01:00;2022-11-22;Totalt i retning Karihaugen;24778;100,0;24;24;0;2;99,99;19711;5065;1189;1373;525;1978;1899;79
79854V625215;E6 V/KARIHAUGEN;EV6 S17D1 m5998;2022-11-22T00:00+01:00;2022-11-23T00:00+01:00;2022-11-22;Totalt;50419;100,0;24;24;0;4;99,99;39846;10569;2572;2774;1068;4155;3988;167
79854V625215;E6 V/KARIHAUGEN;EV6 S17D1 m5998;2022-11-23T00:00+01:00;2022-11-24T00:00+01:00;2022-11-23;1;10290;100,0;24;24;0;2;99,98;9437;851;523;148;54;126;119;7
79854V625215;E6 V/KARIHAUGEN;EV6 S17D1 m5998;2022-11-23T00:00+01:00;2022-11-24T00:00+01:00;2022-11-23;2;8293;100,0;24;24;0;0;100,00;7693;600;348;110;53;89;87;2
79854V625215;E6 V/KARIHAUGEN;EV6 S17D1 m5998;2022-11-23T00:00+01:00;2022-11-24T00:00+01:00;2022-11-23;3;15055;100,0;24;24;0;0;100,00;10491;4564;862;1180;499;2023;1937;86
79854V625215;E6 V/KARIHAUGEN;EV6 S17D1 m5998;2022-11-23T00:00+01:00;2022-11-24T00:00+01:00;2022-11-23;4;16117;100,0;24;24;0;0;100,00;11762;4355;806;1159;480;1910;1823;87
79854V625215;E6 V/KARIHAUGEN;EV6 S17D1 m5998;2022-11-23T00:00+01:00;2022-11-24T00:00+01:00;2022-11-23;5;13;100,0;24;24;0;0;100,00;8;5;0;2;3;0;0;0
79854V625215;E6 V/KARIHAUGEN;EV6 S17D1 m5998;2022-11-23T00:00+01:00;2022-11-24T00:00+01:00;2022-11-23;6;15;100,0;24;24;0;0;100,00;10;5;1;1;3;0;0;0
79854V625215;E6 V/KARIHAUGEN;EV6 S17D1 m5998;2022-11-23T00:00+01:00;2022-11-24T00:00+01:00;2022-11-23;Totalt i retning Akershus grense;25357;100,0;24;24;0;2;99,99;19936;5419;1385;1330;555;2149;2056;93
79854V625215;E6 V/KARIHAUGEN;EV6 S17D1 m5998;2022-11-23T00:00+01:00;2022-11-24T00:00+01:00;2022-11-23;Totalt i retning Karihaugen;24426;100,0;24;24;0;0;100,00;19465;4961;1155;1270;537;1999;1910;89
79854V625215;E6 V/KARIHAUGEN;EV6 S17D1 m5998;2022-11-23T00:00+01:00;2022-11-24T00:00+01:00;2022-11-23;Totalt;49783;100,0;24;24;0;2;100,00;39401;10380;2540;2600;1092;4148;3966;182
79854V625215;E6 V/KARIHAUGEN;EV6 S17D1 m5998;2022-11-24T00:00+01:00;2022-11-25T00:00+01:00;2022-11-24;1;12581;100,0;24;24;0;0;100,00;11667;914;543;162;66;143;139;4
79854V625215;E6 V/KARIHAUGEN;EV6 S17D1 m5998;2022-11-24T00:00+01:00;2022-11-25T00:00+01:00;2022-11-24;2;9829;100,0;24;24;0;0;100,00;9193;636;377;89;69;101;98;3
79854V625215;E6 V/KARIHAUGEN;EV6 S17D1 m5998;2022-11-24T00:00+01:00;2022-11-25T00:00+01:00;2022-11-24;3;15280;100,0;24;24;0;2;99,99;10565;4713;863;1268;590;1992;1896;96
79854V625215;E6 V/KARIHAUGEN;EV6 S17D1 m5998;2022-11-24T00:00+01:00;2022-11-25T00:00+01:00;2022-11-24;4;15984;100,0;24;24;0;0;100,00;11462;4522;818;1208;553;1943;1857;86
79854V625215;E6 V/KARIHAUGEN;EV6 S17D1 m5998;2022-11-24T00:00+01:00;2022-11-25T00:00+01:00;2022-11-24;5;39;100,0;24;24;0;0;100,00;31;8;2;2;4;0;0;0
79854V625215;E6 V/KARIHAUGEN;EV6 S17D1 m5998;2022-11-24T00:00+01:00;2022-11-25T00:00+01:00;2022-11-24;6;38;100,0;24;24;0;1;97,37;26;11;0;1;9;1;1;0
79854V625215;E6 V/KARIHAUGEN;EV6 S17D1 m5998;2022-11-24T00:00+01:00;2022-11-25T00:00+01:00;2022-11-24;Totalt i retning Akershus grense;27898;100,0;24;24;0;1;100,00;22263;5634;1408;1431;660;2135;2035;100
79854V625215;E6 V/KARIHAUGEN;EV6 S17D1 m5998;2022-11-24T00:00+01:00;2022-11-25T00:00+01:00;2022-11-24;Totalt i retning Karihaugen;25853;100,0;24;24;0;2;99,99;20681;5170;1195;1299;631;2045;1956;89
79854V625215;E6 V/KARIHAUGEN;EV6 S17D1 m5998;2022-11-24T00:00+01:00;2022-11-25T00:00+01:00;2022-11-24;Totalt;53751;100,0;24;24;0;3;99,99;42944;10804;2603;2730;1291;4180;3991;189
79854V625215;E6 V/KARIHAUGEN;EV6 S17D1 m5998;2022-11-25T00:00+01:00;2022-11-26T00:00+01:00;2022-11-25;1;13098;100,0;24;24;0;4;99,97;12305;789;489;153;59;88;85;3
79854V625215;E6 V/KARIHAUGEN;EV6 S17D1 m5998;2022-11-25T00:00+01:00;2022-11-26T00:00+01:00;2022-11-25;2;8992;100,0;24;24;0;0;100,00;8492;500;295;76;60;69;67;2
79854V625215;E6 V/KARIHAUGEN;EV6 S17D1 m5998;2022-11-25T00:00+01:00;2022-11-26T00:00+01:00;2022-11-25;3;15032;100,0;24;24;0;56;99,63;10962;4014;791;1172;450;1601;1532;69
79854V625215;E6 V/KARIHAUGEN;EV6 S17D1 m5998;2022-11-25T00:00+01:00;2022-11-26T00:00+01:00;2022-11-25;4;15945;100,0;24;24;0;1;99,99;11892;4052;811;1153;448;1640;1562;78
79854V625215;E6 V/KARIHAUGEN;EV6 S17D1 m5998;2022-11-25T00:00+01:00;2022-11-26T00:00+01:00;2022-11-25;5;172;100,0;24;24;0;0;100,00;149;23;4;4;15;0;0;0
79854V625215;E6 V/KARIHAUGEN;EV6 S17D1 m5998;2022-11-25T00:00+01:00;2022-11-26T00:00+01:00;2022-11-25;6;62;100,0;24;24;0;0;100,00;45;17;1;1;15;0;0;0
79854V625215;E6 V/KARIHAUGEN;EV6 S17D1 m5998;2022-11-25T00:00+01:00;2022-11-26T00:00+01:00;2022-11-25;Totalt i retning Akershus grense;28302;100,0;24;24;0;60;99,79;23416;4826;1284;1329;524;1689;1617;72
79854V625215;E6 V/KARIHAUGEN;EV6 S17D1 m5998;2022-11-25T00:00+01:00;2022-11-26T00:00+01:00;2022-11-25;Totalt i retning Karihaugen;24999;100,0;24;24;0;1;100,00;20429;4569;1107;1230;523;1709;1629;80
79854V625215;E6 V/KARIHAUGEN;EV6 S17D1 m5998;2022-11-25T00:00+01:00;2022-11-26T00:00+01:00;2022-11-25;Totalt;53301;100,0;24;24;0;61;99,89;43845;9395;2391;2559;1047;3398;3246;152
79854V625215;E6 V/KARIHAUGEN;EV6 S17D1 m5998;2022-11-26T00:00+01:00;2022-11-27T00:00+01:00;2022-11-26;1;6299;100,0;24;24;0;0;100,00;6091;208;149;39;13;7;7;0
79854V625215;E6 V/KARIHAUGEN;EV6 S17D1 m5998;2022-11-26T00:00+01:00;2022-11-27T00:00+01:00;2022-11-26;2;4577;100,0;24;24;0;0;100,00;4475;102;66;17;16;3;3;0
79854V625215;E6 V/KARIHAUGEN;EV6 S17D1 m5998;2022-11-26T00:00+01:00;2022-11-27T00:00+01:00;2022-11-26;3;12581;100,0;24;24;0;0;100,00;11229;1352;398;412;189;353;342;11
79854V625215;E6 V/KARIHAUGEN;EV6 S17D1 m5998;2022-11-26T00:00+01:00;2022-11-27T00:00+01:00;2022-11-26;4;12989;100,0;24;24;0;0;100,00;11555;1434;358;425;190;461;444;17
79854V625215;E6 V/KARIHAUGEN;EV6 S17D1 m5998;2022-11-26T00:00+01:00;2022-11-27T00:00+01:00;2022-11-26;5;7;100,0;24;24;0;0;100,00;7;0;0;0;0;0;0;0
79854V625215;E6 V/KARIHAUGEN;EV6 S17D1 m5998;2022-11-26T00:00+01:00;2022-11-27T00:00+01:00;2022-11-26;6;29;100,0;24;24;0;0;100,00;24;5;0;0;4;1;1;0
79854V625215;E6 V/KARIHAUGEN;EV6 S17D1 m5998;2022-11-26T00:00+01:00;2022-11-27T00:00+01:00;2022-11-26;Totalt i retning Akershus grense;18887;100,0;24;24;0;0;100,00;17327;1560;547;451;202;360;349;11
79854V625215;E6 V/KARIHAUGEN;EV6 S17D1 m5998;2022-11-26T00:00+01:00;2022-11-27T00:00+01:00;2022-11-26;Totalt i retning Karihaugen;17595;100,0;24;24;0;0;100,00;16054;1541;424;442;210;465;448;17
79854V625215;E6 V/KARIHAUGEN;EV6 S17D1 m5998;2022-11-26T00:00+01:00;2022-11-27T00:00+01:00;2022-11-26;Totalt;36482;100,0;24;24;0;0;100,00;33381;3101;971;893;412;825;797;28
79854V625215;E6 V/KARIHAUGEN;EV6 S17D1 m5998;2022-11-27T00:00+01:00;2022-11-28T00:00+01:00;2022-11-27;1;6650;100,0;24;24;0;0;100,00;6405;245;142;37;39;27;25;2
79854V625215;E6 V/KARIHAUGEN;EV6 S17D1 m5998;2022-11-27T00:00+01:00;2022-11-28T00:00+01:00;2022-11-27;2;7937;100,0;24;24;0;0;100,00;7799;138;77;20;28;13;12;1
79854V625215;E6 V/KARIHAUGEN;EV6 S17D1 m5998;2022-11-27T00:00+01:00;2022-11-28T00:00+01:00;2022-11-27;3;12565;100,0;24;24;0;0;100,00;11184;1381;337;294;210;540;519;21
79854V625215;E6 V/KARIHAUGEN;EV6 S17D1 m5998;2022-11-27T00:00+01:00;2022-11-28T00:00+01:00;2022-11-27;4;14927;100,0;24;24;0;0;100,00;13592;1335;286;369;205;475;453;22
79854V625215;E6 V/KARIHAUGEN;EV6 S17D1 m5998;2022-11-27T00:00+01:00;2022-11-28T00:00+01:00;2022-11-27;5;14;100,0;24;24;0;0;100,00;10;4;1;0;3;0;0;0
79854V625215;E6 V/KARIHAUGEN;EV6 S17D1 m5998;2022-11-27T00:00+01:00;2022-11-28T00:00+01:00;2022-11-27;6;46;100,0;24;24;0;0;100,00;41;5;1;0;3;1;1;0
79854V625215;E6 V/KARIHAUGEN;EV6 S17D1 m5998;2022-11-27T00:00+01:00;2022-11-28T00:00+01:00;2022-11-27;Totalt i retning Akershus grense;19229;100,0;24;24;0;0;100,00;17599;1630;480;331;252;567;544;23
79854V625215;E6 V/KARIHAUGEN;EV6 S17D1 m5998;2022-11-27T00:00+01:00;2022-11-28T00:00+01:00;2022-11-27;Totalt i retning Karihaugen;22910;100,0;24;24;0;0;100,00;21432;1478;364;389;236;489;466;23
79854V625215;E6 V/KARIHAUGEN;EV6 S17D1 m5998;2022-11-27T00:00+01:00;2022-11-28T00:00+01:00;2022-11-27;Totalt;42139;100,0;24;24;0;0;100,00;39031;3108;844;720;488;1056;1010;46
79854V625215;E6 V/KARIHAUGEN;EV6 S17D1 m5998;2022-11-28T00:00+01:00;2022-11-29T00:00+01:00;2022-11-28;1;11719;100,0;24;24;0;1;99,99;10866;852;528;150;52;122;120;2
79854V625215;E6 V/KARIHAUGEN;EV6 S17D1 m5998;2022-11-28T00:00+01:00;2022-11-29T00:00+01:00;2022-11-28;2;9305;100,0;24;24;0;0;100,00;8733;572;370;84;50;68;66;2
79854V625215;E6 V/KARIHAUGEN;EV6 S17D1 m5998;2022-11-28T00:00+01:00;2022-11-29T00:00+01:00;2022-11-28;3;14273;100,0;24;24;0;2;99,99;9548;4723;840;1247;556;2080;1983;97
79854V625215;E6 V/KARIHAUGEN;EV6 S17D1 m5998;2022-11-28T00:00+01:00;2022-11-29T00:00+01:00;2022-11-28;4;15602;100,0;24;24;0;1;99,99;11262;4339;828;1252;559;1700;1634;66
79854V625215;E6 V/KARIHAUGEN;EV6 S17D1 m5998;2022-11-28T00:00+01:00;2022-11-29T00:00+01:00;2022-11-28;5;35;100,0;24;24;0;0;100,00;31;4;1;1;2;0;0;0
79854V625215;E6 V/KARIHAUGEN;EV6 S17D1 m5998;2022-11-28T00:00+01:00;2022-11-29T00:00+01:00;2022-11-28;6;65;100,0;24;24;0;0;100,00;54;11;1;0;10;0;0;0
79854V625215;E6 V/KARIHAUGEN;EV6 S17D1 m5998;2022-11-28T00:00+01:00;2022-11-29T00:00+01:00;2022-11-28;Totalt i retning Akershus grense;26025;100,0;24;24;0;2;99,99;20445;5578;1369;1397;610;2202;2103;99
79854V625215;E6 V/KARIHAUGEN;EV6 S17D1 m5998;2022-11-28T00:00+01:00;2022-11-29T00:00+01:00;2022-11-28;Totalt i retning Karihaugen;24974;100,0;24;24;0;2;99,99;20049;4923;1199;1337;619;1768;1700;68
79854V625215;E6 V/KARIHAUGEN;EV6 S17D1 m5998;2022-11-28T00:00+01:00;2022-11-29T00:00+01:00;2022-11-28;Totalt;50999;100,0;24;24;0;4;99,99;40494;10501;2568;2734;1229;3970;3803;167
79854V625215;E6 V/KARIHAUGEN;EV6 S17D1 m5998;2022-11-29T00:00+01:00;2022-11-30T00:00+01:00;2022-11-29;1;11984;100,0;24;24;0;0;100,00;11087;897;524;173;63;137;129;8
79854V625215;E6 V/KARIHAUGEN;EV6 S17D1 m5998;2022-11-29T00:00+01:00;2022-11-30T00:00+01:00;2022-11-29;2;9487;100,0;24;24;0;0;100,00;8969;518;314;76;49;79;77;2
79854V625215;E6 V/KARIHAUGEN;EV6 S17D1 m5998;2022-11-29T00:00+01:00;2022-11-30T00:00+01:00;2022-11-29;3;14572;100,0;24;24;0;2;99,99;9784;4786;862;1283;563;2078;1999;79
79854V625215;E6 V/KARIHAUGEN;EV6 S17D1 m5998;2022-11-29T00:00+01:00;2022-11-30T00:00+01:00;2022-11-29;4;15765;100,0;24;24;0;2;99,99;11067;4696;862;1313;567;1954;1859;95
79854V625215;E6 V/KARIHAUGEN;EV6 S17D1 m5998;2022-11-29T00:00+01:00;2022-11-30T00:00+01:00;2022-11-29;5;25;100,0;24;24;0;0;100,00;22;3;2;0;1;0;0;0
79854V625215;E6 V/KARIHAUGEN;EV6 S17D1 m5998;2022-11-29T00:00+01:00;2022-11-30T00:00+01:00;2022-11-29;6;76;100,0;24;24;0;0;100,00;62;14;3;1;10;0;0;0
79854V625215;E6 V/KARIHAUGEN;EV6 S17D1 m5998;2022-11-29T00:00+01:00;2022-11-30T00:00+01:00;2022-11-29;Totalt i retning Akershus grense;26581;100,0;24;24;0;2;99,99;20893;5686;1388;1456;627;2215;2128;87
79854V625215;E6 V/KARIHAUGEN;EV6 S17D1 m5998;2022-11-29T00:00+01:00;2022-11-30T00:00+01:00;2022-11-29;Totalt i retning Karihaugen;25328;100,0;24;24;0;2;99,99;20098;5228;1179;1390;626;2033;1936;97
79854V625215;E6 V/KARIHAUGEN;EV6 S17D1 m5998;2022-11-29T00:00+01:00;2022-11-30T00:00+01:00;2022-11-29;Totalt;51909;100,0;24;24;0;4;99,99;40991;10914;2567;2846;1253;4248;4064;184
79854V625215;E6 V/KARIHAUGEN;EV6 S17D1 m5998;2022-11-30T00:00+01:00;2022-12-01T00:00+01:00;2022-11-30;1;12114;100,0;24;24;0;3;99,98;11232;879;560;142;49;128;125;3
79854V625215;E6 V/KARIHAUGEN;EV6 S17D1 m5998;2022-11-30T00:00+01:00;2022-12-01T00:00+01:00;2022-11-30;2;9726;100,0;24;24;0;0;100,00;9156;570;355;92;36;87;79;8
79854V625215;E6 V/KARIHAUGEN;EV6 S17D1 m5998;2022-11-30T00:00+01:00;2022-12-01T00:00+01:00;2022-11-30;3;14824;100,0;24;24;0;4;99,97;10049;4771;833;1311;515;2112;2011;101
79854V625215;E6 V/KARIHAUGEN;EV6 S17D1 m5998;2022-11-30T00:00+01:00;2022-12-01T00:00+01:00;2022-11-30;4;15991;100,0;24;24;0;1;99,99;11423;4567;824;1292;543;1908;1832;76
79854V625215;E6 V/KARIHAUGEN;EV6 S17D1 m5998;2022-11-30T00:00+01:00;2022-12-01T00:00+01:00;2022-11-30;5;25;100,0;24;24;0;2;92,00;21;2;1;0;1;0;0;0
79854V625215;E6 V/KARIHAUGEN;EV6 S17D1 m5998;2022-11-30T00:00+01:00;2022-12-01T00:00+01:00;2022-11-30;6;72;100,0;24;24;0;2;97,22;58;12;1;2;8;1;1;0
79854V625215;E6 V/KARIHAUGEN;EV6 S17D1 m5998;2022-11-30T00:00+01:00;2022-12-01T00:00+01:00;2022-11-30;Totalt i retning Akershus grense;26963;100,0;24;24;0;9;99,97;21302;5652;1394;1453;565;2240;2136;104
79854V625215;E6 V/KARIHAUGEN;EV6 S17D1 m5998;2022-11-30T00:00+01:00;2022-12-01T00:00+01:00;2022-11-30;Totalt i retning Karihaugen;25789;100,0;24;24;0;3;99,99;20637;5149;1180;1386;587;1996;1912;84
79854V625215;E6 V/KARIHAUGEN;EV6 S17D1 m5998;2022-11-30T00:00+01:00;2022-12-01T00:00+01:00;2022-11-30;Totalt;52752;100,0;24;24;0;12;99,98;41939;10801;2574;2839;1152;4236;4048;188
79854V625215;E6 V/KARIHAUGEN;EV6 S17D1 m5998;2022-12-01T00:00+01:00;2022-12-02T00:00+01:00;2022-12-01;1;13215;100,0;24;24;0;0;100,00;12307;908;559;160;56;133;129;4
79854V625215;E6 V/KARIHAUGEN;EV6 S17D1 m5998;2022-12-01T00:00+01:00;2022-12-02T00:00+01:00;2022-12-01;2;10287;100,0;24;24;0;0;100,00;9670;617;388;87;50;92;90;2
79854V625215;E6 V/KARIHAUGEN;EV6 S17D1 m5998;2022-12-01T00:00+01:00;2022-12-02T00:00+01:00;2022-12-01;3;15553;100,0;24;24;0;0;100,00;10870;4683;892;1332;474;1985;1906;79
79854V625215;E6 V/KARIHAUGEN;EV6 S17D1 m5998;2022-12-01T00:00+01:00;2022-12-02T00:00+01:00;2022-12-01;4;16510;100,0;24;24;0;0;100,00;11892;4618;847;1317;496;1958;1873;85
79854V625215;E6 V/KARIHAUGEN;EV6 S17D1 m5998;2022-12-01T00:00+01:00;2022-12-02T00:00+01:00;2022-12-01;5;44;100,0;24;24;0;0;100,00;38;6;1;1;4;0;0;0
79854V625215;E6 V/KARIHAUGEN;EV6 S17D1 m5998;2022-12-01T00:00+01:00;2022-12-02T00:00+01:00;2022-12-01;6;64;100,0;24;24;0;0;100,00;48;16;2;3;11;0;0;0
79854V625215;E6 V/KARIHAUGEN;EV6 S17D1 m5998;2022-12-01T00:00+01:00;2022-12-02T00:00+01:00;2022-12-01;Totalt i retning Akershus grense;28812;100,0;24;24;0;0;100,00;23215;5597;1452;1493;534;2118;2035;83
79854V625215;E6 V/KARIHAUGEN;EV6 S17D1 m5998;2022-12-01T00:00+01:00;2022-12-02T00:00+01:00;2022-12-01;Totalt i retning Karihaugen;26861;100,0;24;24;0;0;100,00;21610;5251;1237;1407;557;2050;1963;87
79854V625215;E6 V/KARIHAUGEN;EV6 S17D1 m5998;2022-12-01T00:00+01:00;2022-12-02T00:00+01:00;2022-12-01;Totalt;55673;100,0;24;24;0;0;100,00;44825;10848;2689;2900;1091;4168;3998;170
79854V625215;E6 V/KARIHAUGEN;EV6 S17D1 m5998;2022-12-02T00:00+01:00;2022-12-03T00:00+01:00;2022-12-02;1;12915;100,0;24;24;0;28;99,78;12051;836;516;167;42;111;108;3
79854V625215;E6 V/KARIHAUGEN;EV6 S17D1 m5998;2022-12-02T00:00+01:00;2022-12-03T00:00+01:00;2022-12-02;2;9265;100,0;24;24;0;0;100,00;8755;510;330;82;32;66;64;2
79854V625215;E6 V/KARIHAUGEN;EV6 S17D1 m5998;2022-12-02T00:00+01:00;2022-12-03T00:00+01:00;2022-12-02;3;15077;100,0;24;24;0;90;99,40;11100;3887;754;1141;386;1606;1537;69
79854V625215;E6 V/KARIHAUGEN;EV6 S17D1 m5998;2022-12-02T00:00+01:00;2022-12-03T00:00+01:00;2022-12-02;4;16189;100,0;24;24;0;0;100,00;12253;3936;834;1121;416;1565;1493;72
79854V625215;E6 V/KARIHAUGEN;EV6 S17D1 m5998;2022-12-02T00:00+01:00;2022-12-03T00:00+01:00;2022-12-02;5;363;100,0;24;24;0;0;100,00;319;44;6;8;30;0;0;0
79854V625215;E6 V/KARIHAUGEN;EV6 S17D1 m5998;2022-12-02T00:00+01:00;2022-12-03T00:00+01:00;2022-12-02;6;65;100,0;24;24;0;1;98,46;49;15;2;0;13;0;0;0
79854V625215;E6 V/KARIHAUGEN;EV6 S17D1 m5998;2022-12-02T00:00+01:00;2022-12-03T00:00+01:00;2022-12-02;Totalt i retning Akershus grense;28355;100,0;24;24;0;118;99,58;23470;4767;1276;1316;458;1717;1645;72
79854V625215;E6 V/KARIHAUGEN;EV6 S17D1 m5998;2022-12-02T00:00+01:00;2022-12-03T00:00+01:00;2022-12-02;Totalt i retning Karihaugen;25519;100,0;24;24;0;1;100,00;21057;4461;1166;1203;461;1631;1557;74
79854V625215;E6 V/KARIHAUGEN;EV6 S17D1 m5998;2022-12-02T00:00+01:00;2022-12-03T00:00+01:00;2022-12-02;Totalt;53874;100,0;24;24;0;119;99,78;44527;9228;2442;2519;919;3348;3202;146
79854V625215;E6 V/KARIHAUGEN;EV6 S17D1 m5998;2022-12-03T00:00+01:00;2022-12-04T00:00+01:00;2022-12-03;1;6299;100,0;24;24;0;0;100,00;6090;209;146;40;14;9;9;0
79854V625215;E6 V/KARIHAUGEN;EV6 S17D1 m5998;2022-12-03T00:00+01:00;2022-12-04T00:00+01:00;2022-12-03;2;4980;100,0;24;24;0;0;100,00;4865;115;71;21;18;5;5;0
79854V625215;E6 V/KARIHAUGEN;EV6 S17D1 m5998;2022-12-03T00:00+01:00;2022-12-04T00:00+01:00;2022-12-03;3;12748;100,0;24;24;0;1;99,99;11471;1276;353;362;182;379;368;11
79854V625215;E6 V/KARIHAUGEN;EV6 S17D1 m5998;2022-12-03T00:00+01:00;2022-12-04T00:00+01:00;2022-12-03;4;13107;100,0;24;24;0;0;100,00;11781;1326;322;354;191;459;440;19
79854V625215;E6 V/KARIHAUGEN;EV6 S17D1 m5998;2022-12-03T00:00+01:00;2022-12-04T00:00+01:00;2022-12-03;5;11;100,0;24;24;0;0;100,00;10;1;0;1;0;0;0;0
79854V625215;E6 V/KARIHAUGEN;EV6 S17D1 m5998;2022-12-03T00:00+01:00;2022-12-04T00:00+01:00;2022-12-03;6;27;100,0;24;24;0;0;100,00;23;4;2;0;2;0;0;0
79854V625215;E6 V/KARIHAUGEN;EV6 S17D1 m5998;2022-12-03T00:00+01:00;2022-12-04T00:00+01:00;2022-12-03;Totalt i retning Akershus grense;19058;100,0;24;24;0;1;99,99;17571;1486;499;403;196;388;377;11
79854V625215;E6 V/KARIHAUGEN;EV6 S17D1 m5998;2022-12-03T00:00+01:00;2022-12-04T00:00+01:00;2022-12-03;Totalt i retning Karihaugen;18114;100,0;24;24;0;0;100,00;16669;1445;395;375;211;464;445;19
79854V625215;E6 V/KARIHAUGEN;EV6 S17D1 m5998;2022-12-03T00:00+01:00;2022-12-04T00:00+01:00;2022-12-03;Totalt;37172;100,0;24;24;0;1;100,00;34240;2931;894;778;407;852;822;30
79854V625215;E6 V/KARIHAUGEN;EV6 S17D1 m5998;2022-12-04T00:00+01:00;2022-12-05T00:00+01:00;2022-12-04;1;6873;100,0;24;24;0;0;100,00;6660;213;119;37;30;27;25;2
79854V625215;E6 V/KARIHAUGEN;EV6 S17D1 m5998;2022-12-04T00:00+01:00;2022-12-05T00:00+01:00;2022-12-04;2;8761;100,0;24;24;0;0;100,00;8633;128;84;19;13;12;12;0
79854V625215;E6 V/KARIHAUGEN;EV6 S17D1 m5998;2022-12-04T00:00+01:00;2022-12-05T00:00+01:00;2022-12-04;3;12838;100,0;24;24;0;0;100,00;11501;1337;324;300;176;537;518;19
79854V625215;E6 V/KARIHAUGEN;EV6 S17D1 m5998;2022-12-04T00:00+01:00;2022-12-05T00:00+01:00;2022-12-04;4;15173;100,0;24;24;0;0;100,00;13825;1348;280;374;194;500;481;19
79854V625215;E6 V/KARIHAUGEN;EV6 S17D1 m5998;2022-12-04T00:00+01:00;2022-12-05T00:00+01:00;2022-12-04;5;15;100,0;24;24;0;0;100,00;13;2;1;0;1;0;0;0
79854V625215;E6 V/KARIHAUGEN;EV6 S17D1 m5998;2022-12-04T00:00+01:00;2022-12-05T00:00+01:00;2022-12-04;6;71;100,0;24;24;0;0;100,00;60;11;3;3;5;0;0;0
79854V625215;E6 V/KARIHAUGEN;EV6 S17D1 m5998;2022-12-04T00:00+01:00;2022-12-05T00:00+01:00;2022-12-04;Totalt i retning Akershus grense;19726;100,0;24;24;0;0;100,00;18174;1552;444;337;207;564;543;21
79854V625215;E6 V/KARIHAUGEN;EV6 S17D1 m5998;2022-12-04T00:00+01:00;2022-12-05T00:00+01:00;2022-12-04;Totalt i retning Karihaugen;24005;100,0;24;24;0;0;100,00;22518;1487;367;396;212;512;493;19
79854V625215;E6 V/KARIHAUGEN;EV6 S17D1 m5998;2022-12-04T00:00+01:00;2022-12-05T00:00+01:00;2022-12-04;Totalt;43731;100,0;24;24;0;0;100,00;40692;3039;811;733;419;1076;1036;40
79854V625215;E6 V/KARIHAUGEN;EV6 S17D1 m5998;2022-12-05T00:00+01:00;2022-12-06T00:00+01:00;2022-12-05;1;11421;100,0;24;24;0;0;100,00;10608;813;530;120;55;108;108;0
79854V625215;E6 V/KARIHAUGEN;EV6 S17D1 m5998;2022-12-05T00:00+01:00;2022-12-06T00:00+01:00;2022-12-05;2;9296;100,0;24;24;0;0;100,00;8741;555;373;76;33;73;71;2
79854V625215;E6 V/KARIHAUGEN;EV6 S17D1 m5998;2022-12-05T00:00+01:00;2022-12-06T00:00+01:00;2022-12-05;3;14810;100,0;24;24;0;1;99,99;10104;4705;885;1294;487;2039;1943;96
79854V625215;E6 V/KARIHAUGEN;EV6 S17D1 m5998;2022-12-05T00:00+01:00;2022-12-06T00:00+01:00;2022-12-05;4;16018;100,0;24;24;0;1;99,99;11755;4262;838;1248;493;1683;1615;68
79854V625215;E6 V/KARIHAUGEN;EV6 S17D1 m5998;2022-12-05T00:00+01:00;2022-12-06T00:00+01:00;2022-12-05;5;32;100,0;24;24;0;0;100,00;27;5;1;1;2;1;1;0
79854V625215;E6 V/KARIHAUGEN;EV6 S17D1 m5998;2022-12-05T00:00+01:00;2022-12-06T00:00+01:00;2022-12-05;6;64;100,0;24;24;0;0;100,00;47;17;3;0;13;1;1;0
79854V625215;E6 V/KARIHAUGEN;EV6 S17D1 m5998;2022-12-05T00:00+01:00;2022-12-06T00:00+01:00;2022-12-05;Totalt i retning Akershus grense;26263;100,0;24;24;0;1;100,00;20739;5523;1416;1415;544;2148;2052;96
79854V625215;E6 V/KARIHAUGEN;EV6 S17D1 m5998;2022-12-05T00:00+01:00;2022-12-06T00:00+01:00;2022-12-05;Totalt i retning Karihaugen;25378;100,0;24;24;0;1;100,00;20543;4834;1214;1324;539;1757;1687;70
79854V625215;E6 V/KARIHAUGEN;EV6 S17D1 m5998;2022-12-05T00:00+01:00;2022-12-06T00:00+01:00;2022-12-05;Totalt;51641;100,0;24;24;0;2;100,00;41282;10357;2630;2739;1083;3905;3739;166
79854V625215;E6 V/KARIHAUGEN;EV6 S17D1 m5998;2022-12-06T00:00+01:00;2022-12-07T00:00+01:00;2022-12-06;1;11165;100,0;24;24;0;1;99,99;10343;821;496;135;62;128;122;6
79854V625215;E6 V/KARIHAUGEN;EV6 S17D1 m5998;2022-12-06T00:00+01:00;2022-12-07T00:00+01:00;2022-12-06;2;9138;100,0;24;24;0;1;99,99;8573;564;363;74;42;85;81;4
79854V625215;E6 V/KARIHAUGEN;EV6 S17D1 m5998;2022-12-06T00:00+01:00;2022-12-07T00:00+01:00;2022-12-06;3;14714;100,0;24;24;0;3;99,98;10048;4663;896;1297;504;1966;1885;81
79854V625215;E6 V/KARIHAUGEN;EV6 S17D1 m5998;2022-12-06T00:00+01:00;2022-12-07T00:00+01:00;2022-12-06;4;15737;100,0;24;24;0;0;100,00;11282;4455;834;1269;517;1835;1758;77
79854V625215;E6 V/KARIHAUGEN;EV6 S17D1 m5998;2022-12-06T00:00+01:00;2022-12-07T00:00+01:00;2022-12-06;5;23;100,0;24;24;0;0;100,00;20;3;2;0;1;0;0;0
79854V625215;E6 V/KARIHAUGEN;EV6 S17D1 m5998;2022-12-06T00:00+01:00;2022-12-07T00:00+01:00;2022-12-06;6;61;100,0;24;24;0;1;98,36;46;14;4;0;10;0;0;0
79854V625215;E6 V/KARIHAUGEN;EV6 S17D1 m5998;2022-12-06T00:00+01:00;2022-12-07T00:00+01:00;2022-12-06;Totalt i retning Akershus grense;25902;100,0;24;24;0;3;99,99;20411;5488;1395;1432;567;2094;2007;87
79854V625215;E6 V/KARIHAUGEN;EV6 S17D1 m5998;2022-12-06T00:00+01:00;2022-12-07T00:00+01:00;2022-12-06;Totalt i retning Karihaugen;24936;100,0;24;24;0;3;99,99;19901;5032;1200;1343;569;1920;1839;81
79854V625215;E6 V/KARIHAUGEN;EV6 S17D1 m5998;2022-12-06T00:00+01:00;2022-12-07T00:00+01:00;2022-12-06;Totalt;50838;100,0;24;24;0;6;99,99;40312;10520;2595;2775;1136;4014;3846;168
79854V625215;E6 V/KARIHAUGEN;EV6 S17D1 m5998;2022-12-07T00:00+01:00;2022-12-08T00:00+01:00;2022-12-07;1;11663;100,0;24;24;0;13;99,89;10706;944;506;203;67;168;161;7
79854V625215;E6 V/KARIHAUGEN;EV6 S17D1 m5998;2022-12-07T00:00+01:00;2022-12-08T00:00+01:00;2022-12-07;2;9385;100,0;24;24;0;0;100,00;8826;559;335;93;43;88;81;7
79854V625215;E6 V/KARIHAUGEN;EV6 S17D1 m5998;2022-12-07T00:00+01:00;2022-12-08T00:00+01:00;2022-12-07;3;14316;100,0;24;24;0;92;99,36;9823;4401;814;1220;427;1940;1859;81
79854V625215;E6 V/KARIHAUGEN;EV6 S17D1 m5998;2022-12-07T00:00+01:00;2022-12-08T00:00+01:00;2022-12-07;4;15925;100,0;24;24;0;3;99,98;11498;4424;854;1260;474;1836;1758;78
79854V625215;E6 V/KARIHAUGEN;EV6 S17D1 m5998;2022-12-07T00:00+01:00;2022-12-08T00:00+01:00;2022-12-07;5;214;100,0;24;24;0;0;100,00;173;41;4;3;34;0;0;0
79854V625215;E6 V/KARIHAUGEN;EV6 S17D1 m5998;2022-12-07T00:00+01:00;2022-12-08T00:00+01:00;2022-12-07;6;26;100,0;24;24;0;0;100,00;18;8;0;0;8;0;0;0
79854V625215;E6 V/KARIHAUGEN;EV6 S17D1 m5998;2022-12-07T00:00+01:00;2022-12-08T00:00+01:00;2022-12-07;Totalt i retning Akershus grense;26193;100,0;24;24;0;105;99,60;20702;5386;1324;1426;528;2108;2020;88
79854V625215;E6 V/KARIHAUGEN;EV6 S17D1 m5998;2022-12-07T00:00+01:00;2022-12-08T00:00+01:00;2022-12-07;Totalt i retning Karihaugen;25336;100,0;24;24;0;3;99,99;20342;4991;1189;1353;525;1924;1839;85
79854V625215;E6 V/KARIHAUGEN;EV6 S17D1 m5998;2022-12-07T00:00+01:00;2022-12-08T00:00+01:00;2022-12-07;Totalt;51529;100,0;24;24;0;108;99,79;41044;10377;2513;2779;1053;4032;3859;173
79854V625215;E6 V/KARIHAUGEN;EV6 S17D1 m5998;2022-12-08T00:00+01:00;2022-12-09T00:00+01:00;2022-12-08;1;12944;100,0;24;24;0;1;99,99;11963;980;539;210;69;162;152;10
79854V625215;E6 V/KARIHAUGEN;EV6 S17D1 m5998;2022-12-08T00:00+01:00;2022-12-09T00:00+01:00;2022-12-08;2;9713;100,0;24;24;0;14;99,86;9102;597;369;99;46;83;77;6
79854V625215;E6 V/KARIHAUGEN;EV6 S17D1 m5998;2022-12-08T00:00+01:00;2022-12-09T00:00+01:00;2022-12-08;3;14926;100,0;24;24;0;45;99,70;10448;4433;792;1246;464;1931;1843;88
79854V625215;E6 V/KARIHAUGEN;EV6 S17D1 m5998;2022-12-08T00:00+01:00;2022-12-09T00:00+01:00;2022-12-08;4;16289;100,0;24;24;0;0;100,00;11896;4393;840;1231;480;1842;1758;84
79854V625215;E6 V/KARIHAUGEN;EV6 S17D1 m5998;2022-12-08T00:00+01:00;2022-12-09T00:00+01:00;2022-12-08;5;116;100,0;24;24;0;0;100,00;94;22;3;2;17;0;0;0
79854V625215;E6 V/KARIHAUGEN;EV6 S17D1 m5998;2022-12-08T00:00+01:00;2022-12-09T00:00+01:00;2022-12-08;6;37;100,0;24;24;0;1;97,30;28;8;0;2;6;0;0;0
79854V625215;E6 V/KARIHAUGEN;EV6 S17D1 m5998;2022-12-08T00:00+01:00;2022-12-09T00:00+01:00;2022-12-08;Totalt i retning Akershus grense;27987;100,0;24;24;0;47;99,83;22505;5435;1333;1459;550;2093;1995;98
79854V625215;E6 V/KARIHAUGEN;EV6 S17D1 m5998;2022-12-08T00:00+01:00;2022-12-09T00:00+01:00;2022-12-08;Totalt i retning Karihaugen;26038;100,0;24;24;0;14;99,95;21026;4998;1210;1331;532;1925;1835;90
79854V625215;E6 V/KARIHAUGEN;EV6 S17D1 m5998;2022-12-08T00:00+01:00;2022-12-09T00:00+01:00;2022-12-08;Totalt;54025;100,0;24;24;0;61;99,89;43531;10433;2543;2790;1082;4018;3830;188
79854V625215;E6 V/KARIHAUGEN;EV6 S17D1 m5998;2022-12-09T00:00+01:00;2022-12-10T00:00+01:00;2022-12-09;1;12509;100,0;24;24;0;35;99,72;11704;770;476;151;46;97;94;3
79854V625215;E6 V/KARIHAUGEN;EV6 S17D1 m5998;2022-12-09T00:00+01:00;2022-12-10T00:00+01:00;2022-12-09;2;8767;100,0;24;24;0;0;100,00;8222;545;350;87;40;68;68;0
79854V625215;E6 V/KARIHAUGEN;EV6 S17D1 m5998;2022-12-09T00:00+01:00;2022-12-10T00:00+01:00;2022-12-09;3;14831;100,0;24;24;0;90;99,39;10865;3876;797;1121;377;1581;1514;67
79854V625215;E6 V/KARIHAUGEN;EV6 S17D1 m5998;2022-12-09T00:00+01:00;2022-12-10T00:00+01:00;2022-12-09;4;15772;100,0;24;24;0;0;100,00;11891;3881;790;1084;392;1615;1541;74
79854V625215;E6 V/KARIHAUGEN;EV6 S17D1 m5998;2022-12-09T00:00+01:00;2022-12-10T00:00+01:00;2022-12-09;5;411;100,0;24;24;0;0;100,00;347;64;19;8;37;0;0;0
79854V625215;E6 V/KARIHAUGEN;EV6 S17D1 m5998;2022-12-09T00:00+01:00;2022-12-10T00:00+01:00;2022-12-09;6;47;100,0;24;24;0;0;100,00;39;8;0;1;7;0;0;0
79854V625215;E6 V/KARIHAUGEN;EV6 S17D1 m5998;2022-12-09T00:00+01:00;2022-12-10T00:00+01:00;2022-12-09;Totalt i retning Akershus grense;27751;100,0;24;24;0;125;99,55;22916;4710;1292;1280;460;1678;1608;70
79854V625215;E6 V/KARIHAUGEN;EV6 S17D1 m5998;2022-12-09T00:00+01:00;2022-12-10T00:00+01:00;2022-12-09;Totalt i retning Karihaugen;24586;100,0;24;24;0;0;100,00;20152;4434;1140;1172;439;1683;1609;74
79854V625215;E6 V/KARIHAUGEN;EV6 S17D1 m5998;2022-12-09T00:00+01:00;2022-12-10T00:00+01:00;2022-12-09;Totalt;52337;100,0;24;24;0;125;99,76;43068;9144;2432;2452;899;3361;3217;144
79854V625215;E6 V/KARIHAUGEN;EV6 S17D1 m5998;2022-12-10T00:00+01:00;2022-12-11T00:00+01:00;2022-12-10;1;5953;100,0;24;24;0;0;100,00;5766;187;125;27;21;14;14;0
79854V625215;E6 V/KARIHAUGEN;EV6 S17D1 m5998;2022-12-10T00:00+01:00;2022-12-11T00:00+01:00;2022-12-10;2;4621;100,0;24;24;0;0;100,00;4523;98;71;12;9;6;6;0
79854V625215;E6 V/KARIHAUGEN;EV6 S17D1 m5998;2022-12-10T00:00+01:00;2022-12-11T00:00+01:00;2022-12-10;3;12153;100,0;24;24;0;1;99,99;10916;1236;357;337;166;376;364;12
79854V625215;E6 V/KARIHAUGEN;EV6 S17D1 m5998;2022-12-10T00:00+01:00;2022-12-11T00:00+01:00;2022-12-10;4;12848;100,0;24;24;0;0;100,00;11469;1379;327;362;170;520;503;17
79854V625215;E6 V/KARIHAUGEN;EV6 S17D1 m5998;2022-12-10T00:00+01:00;2022-12-11T00:00+01:00;2022-12-10;5;1;100,0;24;24;0;0;100,00;1;0;0;0;0;0;0;0
79854V625215;E6 V/KARIHAUGEN;EV6 S17D1 m5998;2022-12-10T00:00+01:00;2022-12-11T00:00+01:00;2022-12-10;6;21;100,0;24;24;0;0;100,00;19;2;0;1;1;0;0;0
79854V625215;E6 V/KARIHAUGEN;EV6 S17D1 m5998;2022-12-10T00:00+01:00;2022-12-11T00:00+01:00;2022-12-10;Totalt i retning Akershus grense;18107;100,0;24;24;0;1;99,99;16683;1423;482;364;187;390;378;12
79854V625215;E6 V/KARIHAUGEN;EV6 S17D1 m5998;2022-12-10T00:00+01:00;2022-12-11T00:00+01:00;2022-12-10;Totalt i retning Karihaugen;17490;100,0;24;24;0;0;100,00;16011;1479;398;375;180;526;509;17
79854V625215;E6 V/KARIHAUGEN;EV6 S17D1 m5998;2022-12-10T00:00+01:00;2022-12-11T00:00+01:00;2022-12-10;Totalt;35597;100,0;24;24;0;1;100,00;32694;2902;880;739;367;916;887;29
79854V625215;E6 V/KARIHAUGEN;EV6 S17D1 m5998;2022-12-11T00:00+01:00;2022-12-12T00:00+01:00;2022-12-11;1;6668;100,0;24;24;0;0;100,00;6480;188;117;27;27;17;17;0
79854V625215;E6 V/KARIHAUGEN;EV6 S17D1 m5998;2022-12-11T00:00+01:00;2022-12-12T00:00+01:00;2022-12-11;2;8160;100,0;24;24;0;0;100,00;8016;144;77;24;26;17;17;0
79854V625215;E6 V/KARIHAUGEN;EV6 S17D1 m5998;2022-12-11T00:00+01:00;2022-12-12T00:00+01:00;2022-12-11;3;12640;100,0;24;24;0;0;100,00;11324;1316;322;272;173;549;528;21
79854V625215;E6 V/KARIHAUGEN;EV6 S17D1 m5998;2022-12-11T00:00+01:00;2022-12-12T00:00+01:00;2022-12-11;4;14732;100,0;24;24;0;0;100,00;13473;1259;271;307;185;496;470;26
79854V625215;E6 V/KARIHAUGEN;EV6 S17D1 m5998;2022-12-11T00:00+01:00;2022-12-12T00:00+01:00;2022-12-11;5;5;100,0;24;24;0;0;100,00;3;2;0;1;1;0;0;0
79854V625215;E6 V/KARIHAUGEN;EV6 S17D1 m5998;2022-12-11T00:00+01:00;2022-12-12T00:00+01:00;2022-12-11;6;20;100,0;24;24;0;0;100,00;16;4;0;1;3;0;0;0
79854V625215;E6 V/KARIHAUGEN;EV6 S17D1 m5998;2022-12-11T00:00+01:00;2022-12-12T00:00+01:00;2022-12-11;Totalt i retning Akershus grense;19313;100,0;24;24;0;0;100,00;17807;1506;439;300;201;566;545;21
79854V625215;E6 V/KARIHAUGEN;EV6 S17D1 m5998;2022-12-11T00:00+01:00;2022-12-12T00:00+01:00;2022-12-11;Totalt i retning Karihaugen;22912;100,0;24;24;0;0;100,00;21505;1407;348;332;214;513;487;26
79854V625215;E6 V/KARIHAUGEN;EV6 S17D1 m5998;2022-12-11T00:00+01:00;2022-12-12T00:00+01:00;2022-12-11;Totalt;42225;100,0;24;24;0;0;100,00;39312;2913;787;632;415;1079;1032;47
79854V625215;E6 V/KARIHAUGEN;EV6 S17D1 m5998;2022-12-12T00:00+01:00;2022-12-13T00:00+01:00;2022-12-12;1;11532;100,0;24;24;0;0;100,00;10681;851;528;157;57;109;106;3
79854V625215;E6 V/KARIHAUGEN;EV6 S17D1 m5998;2022-12-12T00:00+01:00;2022-12-13T00:00+01:00;2022-12-12;2;9240;100,0;24;24;0;0;100,00;8693;547;348;71;53;75;70;5
79854V625215;E6 V/KARIHAUGEN;EV6 S17D1 m5998;2022-12-12T00:00+01:00;2022-12-13T00:00+01:00;2022-12-12;3;14193;100,0;24;24;0;1;99,99;9853;4339;778;1192;516;1853;1758;95
79854V625215;E6 V/KARIHAUGEN;EV6 S17D1 m5998;2022-12-12T00:00+01:00;2022-12-13T00:00+01:00;2022-12-12;4;15949;100,0;24;24;0;1;99,99;11781;4167;825;1227;495;1620;1553;67
79854V625215;E6 V/KARIHAUGEN;EV6 S17D1 m5998;2022-12-12T00:00+01:00;2022-12-13T00:00+01:00;2022-12-12;5;24;100,0;24;24;0;0;100,00;22;2;0;1;1;0;0;0
79854V625215;E6 V/KARIHAUGEN;EV6 S17D1 m5998;2022-12-12T00:00+01:00;2022-12-13T00:00+01:00;2022-12-12;6;59;100,0;24;24;0;0;100,00;41;18;1;1;16;0;0;0
79854V625215;E6 V/KARIHAUGEN;EV6 S17D1 m5998;2022-12-12T00:00+01:00;2022-12-13T00:00+01:00;2022-12-12;Totalt i retning Akershus grense;25748;100,0;24;24;0;1;100,00;20555;5192;1306;1350;574;1962;1864;98
79854V625215;E6 V/KARIHAUGEN;EV6 S17D1 m5998;2022-12-12T00:00+01:00;2022-12-13T00:00+01:00;2022-12-12;Totalt i retning Karihaugen;25249;100,0;24;24;0;1;100,00;20516;4732;1174;1299;564;1695;1623;72
79854V625215;E6 V/KARIHAUGEN;EV6 S17D1 m5998;2022-12-12T00:00+01:00;2022-12-13T00:00+01:00;2022-12-12;Totalt;50997;100,0;24;24;0;2;100,00;41071;9924;2480;2649;1138;3657;3487;170
79854V625215;E6 V/KARIHAUGEN;EV6 S17D1 m5998;2022-12-13T00:00+01:00;2022-12-14T00:00+01:00;2022-12-13;1;11069;100,0;24;24;0;13;99,88;10050;1006;540;206;68;192;182;10
79854V625215;E6 V/KARIHAUGEN;EV6 S17D1 m5998;2022-12-13T00:00+01:00;2022-12-14T00:00+01:00;2022-12-13;2;8879;100,0;24;24;0;1;99,99;8276;602;342;92;41;127;124;3
79854V625215;E6 V/KARIHAUGEN;EV6 S17D1 m5998;2022-12-13T00:00+01:00;2022-12-14T00:00+01:00;2022-12-13;3;13399;100,0;24;24;0;72;99,46;9297;4030;713;1091;413;1813;1732;81
79854V625215;E6 V/KARIHAUGEN;EV6 S17D1 m5998;2022-12-13T00:00+01:00;2022-12-14T00:00+01:00;2022-12-13;4;15257;100,0;24;24;0;0;100,00;11030;4227;814;1142;451;1820;1733;87
79854V625215;E6 V/KARIHAUGEN;EV6 S17D1 m5998;2022-12-13T00:00+01:00;2022-12-14T00:00+01:00;2022-12-13;5;62;100,0;24;24;0;0;100,00;46;16;3;0;13;0;0;0
79854V625215;E6 V/KARIHAUGEN;EV6 S17D1 m5998;2022-12-13T00:00+01:00;2022-12-14T00:00+01:00;2022-12-13;6;61;100,0;24;24;0;0;100,00;52;9;3;0;6;0;0;0
79854V625215;E6 V/KARIHAUGEN;EV6 S17D1 m5998;2022-12-13T00:00+01:00;2022-12-14T00:00+01:00;2022-12-13;Totalt i retning Akershus grense;24529;100,0;24;24;0;85;99,65;19393;5051;1256;1296;494;2005;1914;91
79854V625215;E6 V/KARIHAUGEN;EV6 S17D1 m5998;2022-12-13T00:00+01:00;2022-12-14T00:00+01:00;2022-12-13;Totalt i retning Karihaugen;24198;100,0;24;24;0;1;100,00;19358;4839;1159;1235;498;1947;1857;90
79854V625215;E6 V/KARIHAUGEN;EV6 S17D1 m5998;2022-12-13T00:00+01:00;2022-12-14T00:00+01:00;2022-12-13;Totalt;48727;100,0;24;24;0;86;99,82;38751;9890;2415;2531;992;3952;3771;181
79854V625215;E6 V/KARIHAUGEN;EV6 S17D1 m5998;2022-12-14T00:00+01:00;2022-12-15T00:00+01:00;2022-12-14;1;11235;100,0;24;24;0;0;100,00;10190;1045;572;201;66;206;199;7
79854V625215;E6 V/KARIHAUGEN;EV6 S17D1 m5998;2022-12-14T00:00+01:00;2022-12-15T00:00+01:00;2022-12-14;2;8964;100,0;24;24;0;1;99,99;8296;667;367;122;48;130;128;2
79854V625215;E6 V/KARIHAUGEN;EV6 S17D1 m5998;2022-12-14T00:00+01:00;2022-12-15T00:00+01:00;2022-12-14;3;14071;100,0;24;24;0;0;100,00;9940;4131;743;1106;418;1864;1773;91
79854V625215;E6 V/KARIHAUGEN;EV6 S17D1 m5998;2022-12-14T00:00+01:00;2022-12-15T00:00+01:00;2022-12-14;4;15306;100,0;24;24;0;1;99,99;11275;4030;752;1131;413;1734;1645;89
79854V625215;E6 V/KARIHAUGEN;EV6 S17D1 m5998;2022-12-14T00:00+01:00;2022-12-15T00:00+01:00;2022-12-14;5;8;100,0;24;24;0;0;100,00;6;2;0;1;1;0;0;0
79854V625215;E6 V/KARIHAUGEN;EV6 S17D1 m5998;2022-12-14T00:00+01:00;2022-12-15T00:00+01:00;2022-12-14;6;41;100,0;24;24;0;0;100,00;28;13;1;2;10;0;0;0
79854V625215;E6 V/KARIHAUGEN;EV6 S17D1 m5998;2022-12-14T00:00+01:00;2022-12-15T00:00+01:00;2022-12-14;Totalt i retning Akershus grense;25314;100,0;24;24;0;0;100,00;20136;5178;1315;1308;485;2070;1972;98
79854V625215;E6 V/KARIHAUGEN;EV6 S17D1 m5998;2022-12-14T00:00+01:00;2022-12-15T00:00+01:00;2022-12-14;Totalt i retning Karihaugen;24311;100,0;24;24;0;2;99,99;19599;4710;1120;1255;471;1864;1773;91
79854V625215;E6 V/KARIHAUGEN;EV6 S17D1 m5998;2022-12-14T00:00+01:00;2022-12-15T00:00+01:00;2022-12-14;Totalt;49625;100,0;24;24;0;2;100,00;39735;9888;2435;2563;956;3934;3745;189
79854V625215;E6 V/KARIHAUGEN;EV6 S17D1 m5998;2022-12-15T00:00+01:00;2022-12-16T00:00+01:00;2022-12-15;1;12056;100,0;24;24;0;51;99,58;10940;1065;582;204;90;189;179;10
79854V625215;E6 V/KARIHAUGEN;EV6 S17D1 m5998;2022-12-15T00:00+01:00;2022-12-16T00:00+01:00;2022-12-15;2;9115;100,0;24;24;0;3;99,97;8490;622;359;106;69;88;82;6
79854V625215;E6 V/KARIHAUGEN;EV6 S17D1 m5998;2022-12-15T00:00+01:00;2022-12-16T00:00+01:00;2022-12-15;3;13665;100,0;24;24;0;218;98,40;9459;3988;715;1117;389;1767;1690;77
79854V625215;E6 V/KARIHAUGEN;EV6 S17D1 m5998;2022-12-15T00:00+01:00;2022-12-16T00:00+01:00;2022-12-15;4;14980;100,0;24;24;0;0;100,00;10982;3998;717;1093;429;1759;1680;79
79854V625215;E6 V/KARIHAUGEN;EV6 S17D1 m5998;2022-12-15T00:00+01:00;2022-12-16T00:00+01:00;2022-12-15;5;460;100,0;24;24;0;1;99,78;370;89;18;11;60;0;0;0
79854V625215;E6 V/KARIHAUGEN;EV6 S17D1 m5998;2022-12-15T00:00+01:00;2022-12-16T00:00+01:00;2022-12-15;6;22;100,0;24;24;0;0;100,00;18;4;0;0;4;0;0;0
79854V625215;E6 V/KARIHAUGEN;EV6 S17D1 m5998;2022-12-15T00:00+01:00;2022-12-16T00:00+01:00;2022-12-15;Totalt i retning Akershus grense;26182;100,0;24;24;0;270;98,97;20769;5143;1315;1333;539;1956;1869;87
79854V625215;E6 V/KARIHAUGEN;EV6 S17D1 m5998;2022-12-15T00:00+01:00;2022-12-16T00:00+01:00;2022-12-15;Totalt i retning Karihaugen;24116;100,0;24;24;0;3;99,99;19490;4623;1076;1198;502;1847;1762;85
79854V625215;E6 V/KARIHAUGEN;EV6 S17D1 m5998;2022-12-15T00:00+01:00;2022-12-16T00:00+01:00;2022-12-15;Totalt;50298;100,0;24;24;0;273;99,46;40259;9766;2391;2531;1041;3803;3631;172
79854V625215;E6 V/KARIHAUGEN;EV6 S17D1 m5998;2022-12-16T00:00+01:00;2022-12-17T00:00+01:00;2022-12-16;1;12571;100,0;24;24;0;30;99,76;11547;994;547;183;79;185;178;7
79854V625215;E6 V/KARIHAUGEN;EV6 S17D1 m5998;2022-12-16T00:00+01:00;2022-12-17T00:00+01:00;2022-12-16;2;9240;100,0;24;24;0;0;100,00;8649;591;332;100;50;109;100;9
79854V625215;E6 V/KARIHAUGEN;EV6 S17D1 m5998;2022-12-16T00:00+01:00;2022-12-17T00:00+01:00;2022-12-16;3;14204;100,0;24;24;0;141;99,01;10555;3508;723;986;325;1474;1406;68
79854V625215;E6 V/KARIHAUGEN;EV6 S17D1 m5998;2022-12-16T00:00+01:00;2022-12-17T00:00+01:00;2022-12-16;4;15860;100,0;24;24;0;2;99,99;12229;3629;771;997;378;1483;1420;63
79854V625215;E6 V/KARIHAUGEN;EV6 S17D1 m5998;2022-12-16T00:00+01:00;2022-12-17T00:00+01:00;2022-12-16;5;281;100,0;24;24;0;0;100,00;233;48;9;4;35;0;0;0
79854V625215;E6 V/KARIHAUGEN;EV6 S17D1 m5998;2022-12-16T00:00+01:00;2022-12-17T00:00+01:00;2022-12-16;6;26;100,0;24;24;0;0;100,00;20;6;1;0;5;0;0;0
79854V625215;E6 V/KARIHAUGEN;EV6 S17D1 m5998;2022-12-16T00:00+01:00;2022-12-17T00:00+01:00;2022-12-16;Totalt i retning Akershus grense;27056;100,0;24;24;0;171;99,37;22335;4550;1279;1173;439;1659;1584;75
79854V625215;E6 V/KARIHAUGEN;EV6 S17D1 m5998;2022-12-16T00:00+01:00;2022-12-17T00:00+01:00;2022-12-16;Totalt i retning Karihaugen;25126;100,0;24;24;0;2;99,99;20898;4226;1104;1097;433;1592;1520;72
79854V625215;E6 V/KARIHAUGEN;EV6 S17D1 m5998;2022-12-16T00:00+01:00;2022-12-17T00:00+01:00;2022-12-16;Totalt;52182;100,0;24;24;0;173;99,67;43233;8776;2383;2270;872;3251;3104;147
79854V625215;E6 V/KARIHAUGEN;EV6 S17D1 m5998;2022-12-17T00:00+01:00;2022-12-18T00:00+01:00;2022-12-17;1;7566;100,0;24;24;0;0;100,00;7174;392;193;89;50;60;54;6
79854V625215;E6 V/KARIHAUGEN;EV6 S17D1 m5998;2022-12-17T00:00+01:00;2022-12-18T00:00+01:00;2022-12-17;2;5784;100,0;24;24;0;1;99,98;5577;206;95;37;30;44;42;2
79854V625215;E6 V/KARIHAUGEN;EV6 S17D1 m5998;2022-12-17T00:00+01:00;2022-12-18T00:00+01:00;2022-12-17;3;10544;100,0;24;24;0;0;100,00;9527;1017;304;260;128;325;319;6
79854V625215;E6 V/KARIHAUGEN;EV6 S17D1 m5998;2022-12-17T00:00+01:00;2022-12-18T00:00+01:00;2022-12-17;4;11407;100,0;24;24;0;0;100,00;10279;1128;286;256;196;390;375;15
79854V625215;E6 V/KARIHAUGEN;EV6 S17D1 m5998;2022-12-17T00:00+01:00;2022-12-18T00:00+01:00;2022-12-17;5;31;100,0;24;24;0;0;100,00;21;10;0;6;4;0;0;0
79854V625215;E6 V/KARIHAUGEN;EV6 S17D1 m5998;2022-12-17T00:00+01:00;2022-12-18T00:00+01:00;2022-12-17;6;157;100,0;24;24;0;0;100,00;146;11;1;6;4;0;0;0
79854V625215;E6 V/KARIHAUGEN;EV6 S17D1 m5998;2022-12-17T00:00+01:00;2022-12-18T00:00+01:00;2022-12-17;Totalt i retning Akershus grense;18141;100,0;24;24;0;0;100,00;16722;1419;497;355;182;385;373;12
79854V625215;E6 V/KARIHAUGEN;EV6 S17D1 m5998;2022-12-17T00:00+01:00;2022-12-18T00:00+01:00;2022-12-17;Totalt i retning Karihaugen;17348;100,0;24;24;0;1;99,99;16002;1345;382;299;230;434;417;17
79854V625215;E6 V/KARIHAUGEN;EV6 S17D1 m5998;2022-12-17T00:00+01:00;2022-12-18T00:00+01:00;2022-12-17;Totalt;35489;100,0;24;24;0;1;100,00;32724;2764;879;654;412;819;790;29
79854V625215;E6 V/KARIHAUGEN;EV6 S17D1 m5998;2022-12-18T00:00+01:00;2022-12-19T00:00+01:00;2022-12-18;1;7034;100,0;24;24;0;0;100,00;6804;230;120;48;32;30;28;2
79854V625215;E6 V/KARIHAUGEN;EV6 S17D1 m5998;2022-12-18T00:00+01:00;2022-12-19T00:00+01:00;2022-12-18;2;7279;100,0;24;24;0;0;100,00;7125;154;72;40;19;23;21;2
79854V625215;E6 V/KARIHAUGEN;EV6 S17D1 m5998;2022-12-18T00:00+01:00;2022-12-19T00:00+01:00;2022-12-18;3;12787;100,0;24;24;0;0;100,00;11460;1327;304;285;172;566;545;21
79854V625215;E6 V/KARIHAUGEN;EV6 S17D1 m5998;2022-12-18T00:00+01:00;2022-12-19T00:00+01:00;2022-12-18;4;14308;100,0;24;24;0;0;100,00;13036;1272;259;302;190;521;493;28
79854V625215;E6 V/KARIHAUGEN;EV6 S17D1 m5998;2022-12-18T00:00+01:00;2022-12-19T00:00+01:00;2022-12-18;5;0;100,0;24;24;0;0;100,00;0;0;0;0;0;0;0;0
79854V625215;E6 V/KARIHAUGEN;EV6 S17D1 m5998;2022-12-18T00:00+01:00;2022-12-19T00:00+01:00;2022-12-18;6;3;100,0;24;24;0;0;100,00;3;0;0;0;0;0;0;0
79854V625215;E6 V/KARIHAUGEN;EV6 S17D1 m5998;2022-12-18T00:00+01:00;2022-12-19T00:00+01:00;2022-12-18;Totalt i retning Akershus grense;19821;100,0;24;24;0;0;100,00;18264;1557;424;333;204;596;573;23
79854V625215;E6 V/KARIHAUGEN;EV6 S17D1 m5998;2022-12-18T00:00+01:00;2022-12-19T00:00+01:00;2022-12-18;Totalt i retning Karihaugen;21590;100,0;24;24;0;0;100,00;20164;1426;331;342;209;544;514;30
79854V625215;E6 V/KARIHAUGEN;EV6 S17D1 m5998;2022-12-18T00:00+01:00;2022-12-19T00:00+01:00;2022-12-18;Totalt;41411;100,0;24;24;0;0;100,00;38428;2983;755;675;413;1140;1087;53
79854V625215;E6 V/KARIHAUGEN;EV6 S17D1 m5998;2022-12-19T00:00+01:00;2022-12-20T00:00+01:00;2022-12-19;1;10660;100,0;24;24;0;0;100,00;9724;936;519;160;66;191;183;8
79854V625215;E6 V/KARIHAUGEN;EV6 S17D1 m5998;2022-12-19T00:00+01:00;2022-12-20T00:00+01:00;2022-12-19;2;8627;100,0;24;24;0;1;99,99;8005;621;344;99;48;130;123;7
79854V625215;E6 V/KARIHAUGEN;EV6 S17D1 m5998;2022-12-19T00:00+01:00;2022-12-20T00:00+01:00;2022-12-19;3;14082;100,0;24;24;0;3;99,98;10066;4013;758;1167;405;1683;1602;81
79854V625215;E6 V/KARIHAUGEN;EV6 S17D1 m5998;2022-12-19T00:00+01:00;2022-12-20T00:00+01:00;2022-12-19;4;15303;100,0;24;24;0;0;100,00;11456;3847;810;1104;420;1513;1458;55
79854V625215;E6 V/KARIHAUGEN;EV6 S17D1 m5998;2022-12-19T00:00+01:00;2022-12-20T00:00+01:00;2022-12-19;5;13;100,0;24;24;0;0;100,00;8;5;0;0;5;0;0;0
79854V625215;E6 V/KARIHAUGEN;EV6 S17D1 m5998;2022-12-19T00:00+01:00;2022-12-20T00:00+01:00;2022-12-19;6;30;100,0;24;24;0;0;100,00;21;9;0;1;8;0;0;0
79854V625215;E6 V/KARIHAUGEN;EV6 S17D1 m5998;2022-12-19T00:00+01:00;2022-12-20T00:00+01:00;2022-12-19;Totalt i retning Akershus grense;24755;100,0;24;24;0;3;99,99;19798;4954;1277;1327;476;1874;1785;89
79854V625215;E6 V/KARIHAUGEN;EV6 S17D1 m5998;2022-12-19T00:00+01:00;2022-12-20T00:00+01:00;2022-12-19;Totalt i retning Karihaugen;23960;100,0;24;24;0;1;100,00;19482;4477;1154;1204;476;1643;1581;62
79854V625215;E6 V/KARIHAUGEN;EV6 S17D1 m5998;2022-12-19T00:00+01:00;2022-12-20T00:00+01:00;2022-12-19;Totalt;48715;100,0;24;24;0;4;99,99;39280;9431;2431;2531;952;3517;3366;151
79854V625215;E6 V/KARIHAUGEN;EV6 S17D1 m5998;2022-12-20T00:00+01:00;2022-12-21T00:00+01:00;2022-12-20;1;11054;100,0;24;24;0;0;100,00;10154;900;490;186;51;173;164;9
79854V625215;E6 V/KARIHAUGEN;EV6 S17D1 m5998;2022-12-20T00:00+01:00;2022-12-21T00:00+01:00;2022-12-20;2;8457;100,0;24;24;0;0;100,00;7891;566;327;83;36;120;116;4
79854V625215;E6 V/KARIHAUGEN;EV6 S17D1 m5998;2022-12-20T00:00+01:00;2022-12-21T00:00+01:00;2022-12-20;3;14459;100,0;24;24;0;2;99,99;10327;4130;743;1062;435;1890;1803;87
79854V625215;E6 V/KARIHAUGEN;EV6 S17D1 m5998;2022-12-20T00:00+01:00;2022-12-21T00:00+01:00;2022-12-20;4;15566;100,0;24;24;0;0;100,00;11455;4111;759;1086;475;1791;1708;83
79854V625215;E6 V/KARIHAUGEN;EV6 S17D1 m5998;2022-12-20T00:00+01:00;2022-12-21T00:00+01:00;2022-12-20;5;23;100,0;24;24;0;0;100,00;22;1;1;0;0;0;0;0
79854V625215;E6 V/KARIHAUGEN;EV6 S17D1 m5998;2022-12-20T00:00+01:00;2022-12-21T00:00+01:00;2022-12-20;6;19;100,0;24;24;0;0;100,00;11;8;0;1;7;0;0;0
79854V625215;E6 V/KARIHAUGEN;EV6 S17D1 m5998;2022-12-20T00:00+01:00;2022-12-21T00:00+01:00;2022-12-20;Totalt i retning Akershus grense;25534;100,0;24;24;0;1;100,00;20502;5031;1234;1248;486;2063;1967;96
79854V625215;E6 V/KARIHAUGEN;EV6 S17D1 m5998;2022-12-20T00:00+01:00;2022-12-21T00:00+01:00;2022-12-20;Totalt i retning Karihaugen;24044;100,0;24;24;0;1;100,00;19358;4685;1086;1170;518;1911;1824;87
79854V625215;E6 V/KARIHAUGEN;EV6 S17D1 m5998;2022-12-20T00:00+01:00;2022-12-21T00:00+01:00;2022-12-20;Totalt;49578;100,0;24;24;0;2;100,00;39860;9716;2320;2418;1004;3974;3791;183
79854V625215;E6 V/KARIHAUGEN;EV6 S17D1 m5998;2022-12-21T00:00+01:00;2022-12-22T00:00+01:00;2022-12-21;1;13446;100,0;24;24;0;37;99,72;12420;989;541;201;64;183;178;5
79854V625215;E6 V/KARIHAUGEN;EV6 S17D1 m5998;2022-12-21T00:00+01:00;2022-12-22T00:00+01:00;2022-12-21;2;9562;100,0;24;24;0;0;100,00;8919;643;362;112;55;114;108;6
79854V625215;E6 V/KARIHAUGEN;EV6 S17D1 m5998;2022-12-21T00:00+01:00;2022-12-22T00:00+01:00;2022-12-21;3;14814;100,0;24;24;0;238;98,39;10855;3721;619;1034;364;1704;1632;72
79854V625215;E6 V/KARIHAUGEN;EV6 S17D1 m5998;2022-12-21T00:00+01:00;2022-12-22T00:00+01:00;2022-12-21;4;16436;100,0;24;24;0;1;99,99;12469;3966;748;1050;442;1726;1648;78
79854V625215;E6 V/KARIHAUGEN;EV6 S17D1 m5998;2022-12-21T00:00+01:00;2022-12-22T00:00+01:00;2022-12-21;5;489;100,0;24;24;0;0;100,00;413;76;15;11;50;0;0;0
79854V625215;E6 V/KARIHAUGEN;EV6 S17D1 m5998;2022-12-21T00:00+01:00;2022-12-22T00:00+01:00;2022-12-21;6;55;100,0;24;24;0;0;100,00;44;11;1;0;10;0;0;0
79854V625215;E6 V/KARIHAUGEN;EV6 S17D1 m5998;2022-12-21T00:00+01:00;2022-12-22T00:00+01:00;2022-12-21;Totalt i retning Akershus grense;28748;100,0;24;24;0;274;99,05;23688;4786;1175;1246;478;1887;1810;77
79854V625215;E6 V/KARIHAUGEN;EV6 S17D1 m5998;2022-12-21T00:00+01:00;2022-12-22T00:00+01:00;2022-12-21;Totalt i retning Karihaugen;26054;100,0;24;24;0;2;99,99;21432;4620;1111;1162;507;1840;1756;84
79854V625215;E6 V/KARIHAUGEN;EV6 S17D1 m5998;2022-12-21T00:00+01:00;2022-12-22T00:00+01:00;2022-12-21;Totalt;54802;100,0;24;24;0;276;99,50;45120;9406;2286;2408;985;3727;3566;161
79854V625215;E6 V/KARIHAUGEN;EV6 S17D1 m5998;2022-12-22T00:00+01:00;2022-12-23T00:00+01:00;2022-12-22;1;13246;100,0;24;24;0;434;96,72;11930;882;455;208;78;141;135;6
79854V625215;E6 V/KARIHAUGEN;EV6 S17D1 m5998;2022-12-22T00:00+01:00;2022-12-23T00:00+01:00;2022-12-22;2;8929;100,0;24;24;0;2;99,98;8338;589;339;105;40;105;104;1
79854V625215;E6 V/KARIHAUGEN;EV6 S17D1 m5998;2022-12-22T00:00+01:00;2022-12-23T00:00+01:00;2022-12-22;3;13687;100,0;24;24;0;539;96,06;10168;2980;497;878;258;1347;1287;60
79854V625215;E6 V/KARIHAUGEN;EV6 S17D1 m5998;2022-12-22T00:00+01:00;2022-12-23T00:00+01:00;2022-12-22;4;15933;100,0;24;24;0;1;99,99;12283;3649;690;1053;386;1520;1456;64
79854V625215;E6 V/KARIHAUGEN;EV6 S17D1 m5998;2022-12-22T00:00+01:00;2022-12-23T00:00+01:00;2022-12-22;5;1373;100,0;24;24;0;0;100,00;1207;166;41;22;102;1;1;0
79854V625215;E6 V/KARIHAUGEN;EV6 S17D1 m5998;2022-12-22T00:00+01:00;2022-12-23T00:00+01:00;2022-12-22;6;28;100,0;24;24;0;0;100,00;21;7;0;1;6;0;0;0
79854V625215;E6 V/KARIHAUGEN;EV6 S17D1 m5998;2022-12-22T00:00+01:00;2022-12-23T00:00+01:00;2022-12-22;Totalt i retning Akershus grense;28306;100,0;24;24;0;973;96,56;23305;4028;992;1109;438;1489;1423;66
79854V625215;E6 V/KARIHAUGEN;EV6 S17D1 m5998;2022-12-22T00:00+01:00;2022-12-23T00:00+01:00;2022-12-22;Totalt i retning Karihaugen;24890;100,0;24;24;0;3;99,99;20642;4245;1030;1158;432;1625;1560;65
79854V625215;E6 V/KARIHAUGEN;EV6 S17D1 m5998;2022-12-22T00:00+01:00;2022-12-23T00:00+01:00;2022-12-22;Totalt;53196;100,0;24;24;0;976;98,17;43947;8273;2022;2267;870;3114;2983;131
79854V625215;E6 V/KARIHAUGEN;EV6 S17D1 m5998;2022-12-23T00:00+01:00;2022-12-24T00:00+01:00;2022-12-23;1;12094;100,0;24;24;0;102;99,16;11365;627;322;155;65;85;82;3
79854V625215;E6 V/KARIHAUGEN;EV6 S17D1 m5998;2022-12-23T00:00+01:00;2022-12-24T00:00+01:00;2022-12-23;2;7070;100,0;24;24;0;1;99,99;6696;373;224;57;26;66;63;3
79854V625215;E6 V/KARIHAUGEN;EV6 S17D1 m5998;2022-12-23T00:00+01:00;2022-12-24T00:00+01:00;2022-12-23;3;14319;100,0;24;24;0;279;98,05;11668;2372;500;651;246;975;937;38
79854V625215;E6 V/KARIHAUGEN;EV6 S17D1 m5998;2022-12-23T00:00+01:00;2022-12-24T00:00+01:00;2022-12-23;4;14784;100,0;24;24;0;0;100,00;12111;2673;581;679;314;1099;1043;56
79854V625215;E6 V/KARIHAUGEN;EV6 S17D1 m5998;2022-12-23T00:00+01:00;2022-12-24T00:00+01:00;2022-12-23;5;778;100,0;24;24;0;0;100,00;713;65;11;5;48;1;1;0
79854V625215;E6 V/KARIHAUGEN;EV6 S17D1 m5998;2022-12-23T00:00+01:00;2022-12-24T00:00+01:00;2022-12-23;6;11;100,0;24;24;0;0;100,00;10;1;0;0;1;0;0;0
79854V625215;E6 V/KARIHAUGEN;EV6 S17D1 m5998;2022-12-23T00:00+01:00;2022-12-24T00:00+01:00;2022-12-23;Totalt i retning Akershus grense;27190;100,0;24;24;0;380;98,60;23746;3064;833;811;359;1061;1020;41
79854V625215;E6 V/KARIHAUGEN;EV6 S17D1 m5998;2022-12-23T00:00+01:00;2022-12-24T00:00+01:00;2022-12-23;Totalt i retning Karihaugen;21866;100,0;24;24;0;2;99,99;18817;3047;805;736;341;1165;1106;59
79854V625215;E6 V/KARIHAUGEN;EV6 S17D1 m5998;2022-12-23T00:00+01:00;2022-12-24T00:00+01:00;2022-12-23;Totalt;49056;100,0;24;24;0;382;99,22;42563;6111;1638;1547;700;2226;2126;100
79854V625215;E6 V/KARIHAUGEN;EV6 S17D1 m5998;2022-12-24T00:00+01:00;2022-12-25T00:00+01:00;2022-12-24;1;4613;100,0;24;24;0;0;100,00;4523;90;63;9;12;6;6;0
79854V625215;E6 V/KARIHAUGEN;EV6 S17D1 m5998;2022-12-24T00:00+01:00;2022-12-25T00:00+01:00;2022-12-24;2;2727;100,0;24;24;0;0;100,00;2687;40;20;3;10;7;7;0
79854V625215;E6 V/KARIHAUGEN;EV6 S17D1 m5998;2022-12-24T00:00+01:00;2022-12-25T00:00+01:00;2022-12-24;3;10494;100,0;24;24;0;0;100,00;9969;525;161;72;94;198;193;5
79854V625215;E6 V/KARIHAUGEN;EV6 S17D1 m5998;2022-12-24T00:00+01:00;2022-12-25T00:00+01:00;2022-12-24;4;9925;100,0;24;24;0;0;100,00;9378;547;130;59;100;258;245;13
79854V625215;E6 V/KARIHAUGEN;EV6 S17D1 m5998;2022-12-24T00:00+01:00;2022-12-25T00:00+01:00;2022-12-24;5;0;100,0;24;24;0;0;100,00;0;0;0;0;0;0;0;0
79854V625215;E6 V/KARIHAUGEN;EV6 S17D1 m5998;2022-12-24T00:00+01:00;2022-12-25T00:00+01:00;2022-12-24;6;4;100,0;24;24;0;0;100,00;4;0;0;0;0;0;0;0
79854V625215;E6 V/KARIHAUGEN;EV6 S17D1 m5998;2022-12-24T00:00+01:00;2022-12-25T00:00+01:00;2022-12-24;Totalt i retning Akershus grense;15107;100,0;24;24;0;0;100,00;14492;615;224;81;106;204;199;5
79854V625215;E6 V/KARIHAUGEN;EV6 S17D1 m5998;2022-12-24T00:00+01:00;2022-12-25T00:00+01:00;2022-12-24;Totalt i retning Karihaugen;12656;100,0;24;24;0;0;100,00;12069;587;150;62;110;265;252;13
79854V625215;E6 V/KARIHAUGEN;EV6 S17D1 m5998;2022-12-24T00:00+01:00;2022-12-25T00:00+01:00;2022-12-24;Totalt;27763;100,0;24;24;0;0;100,00;26561;1202;374;143;216;469;451;18
79854V625215;E6 V/KARIHAUGEN;EV6 S17D1 m5998;2022-12-25T00:00+01:00;2022-12-26T00:00+01:00;2022-12-25;1;4975;100,0;24;24;0;0;100,00;4870;105;60;19;13;13;13;0
79854V625215;E6 V/KARIHAUGEN;EV6 S17D1 m5998;2022-12-25T00:00+01:00;2022-12-26T00:00+01:00;2022-12-25;2;3111;100,0;24;24;0;0;100,00;3075;36;18;4;8;6;6;0
79854V625215;E6 V/KARIHAUGEN;EV6 S17D1 m5998;2022-12-25T00:00+01:00;2022-12-26T00:00+01:00;2022-12-25;3;10467;100,0;24;24;0;0;100,00;9979;488;116;91;109;172;166;6
79854V625215;E6 V/KARIHAUGEN;EV6 S17D1 m5998;2022-12-25T00:00+01:00;2022-12-26T00:00+01:00;2022-12-25;4;9483;100,0;24;24;0;0;100,00;9083;400;74;64;105;157;155;2
79854V625215;E6 V/KARIHAUGEN;EV6 S17D1 m5998;2022-12-25T00:00+01:00;2022-12-26T00:00+01:00;2022-12-25;5;6;100,0;24;24;0;0;100,00;4;2;0;1;1;0;0;0
79854V625215;E6 V/KARIHAUGEN;EV6 S17D1 m5998;2022-12-25T00:00+01:00;2022-12-26T00:00+01:00;2022-12-25;6;10;100,0;24;24;0;0;100,00;8;2;1;1;0;0;0;0
79854V625215;E6 V/KARIHAUGEN;EV6 S17D1 m5998;2022-12-25T00:00+01:00;2022-12-26T00:00+01:00;2022-12-25;Totalt i retning Akershus grense;15448;100,0;24;24;0;0;100,00;14853;595;176;111;123;185;179;6
79854V625215;E6 V/KARIHAUGEN;EV6 S17D1 m5998;2022-12-25T00:00+01:00;2022-12-26T00:00+01:00;2022-12-25;Totalt i retning Karihaugen;12604;100,0;24;24;0;0;100,00;12166;438;93;69;113;163;161;2
79854V625215;E6 V/KARIHAUGEN;EV6 S17D1 m5998;2022-12-25T00:00+01:00;2022-12-26T00:00+01:00;2022-12-25;Totalt;28052;100,0;24;24;0;0;100,00;27019;1033;269;180;236;348;340;8
79854V625215;E6 V/KARIHAUGEN;EV6 S17D1 m5998;2022-12-26T00:00+01:00;2022-12-27T00:00+01:00;2022-12-26;1;5116;100,0;24;24;0;0;100,00;4960;156;62;23;38;33;32;1
79854V625215;E6 V/KARIHAUGEN;EV6 S17D1 m5998;2022-12-26T00:00+01:00;2022-12-27T00:00+01:00;2022-12-26;2;3646;100,0;24;24;0;0;100,00;3527;119;53;16;32;18;18;0
79854V625215;E6 V/KARIHAUGEN;EV6 S17D1 m5998;2022-12-26T00:00+01:00;2022-12-27T00:00+01:00;2022-12-26;3;12594;100,0;24;24;0;0;100,00;11776;818;204;158;149;307;294;13
79854V625215;E6 V/KARIHAUGEN;EV6 S17D1 m5998;2022-12-26T00:00+01:00;2022-12-27T00:00+01:00;2022-12-26;4;12220;100,0;24;24;0;0;100,00;11534;686;131;125;161;269;258;11
79854V625215;E6 V/KARIHAUGEN;EV6 S17D1 m5998;2022-12-26T00:00+01:00;2022-12-27T00:00+01:00;2022-12-26;5;14;100,0;24;24;0;0;100,00;7;7;1;4;2;0;0;0
79854V625215;E6 V/KARIHAUGEN;EV6 S17D1 m5998;2022-12-26T00:00+01:00;2022-12-27T00:00+01:00;2022-12-26;6;23;100,0;24;24;0;0;100,00;19;4;0;2;2;0;0;0
79854V625215;E6 V/KARIHAUGEN;EV6 S17D1 m5998;2022-12-26T00:00+01:00;2022-12-27T00:00+01:00;2022-12-26;Totalt i retning Akershus grense;17724;100,0;24;24;0;0;100,00;16743;981;267;185;189;340;326;14
79854V625215;E6 V/KARIHAUGEN;EV6 S17D1 m5998;2022-12-26T00:00+01:00;2022-12-27T00:00+01:00;2022-12-26;Totalt i retning Karihaugen;15889;100,0;24;24;0;0;100,00;15080;809;184;143;195;287;276;11
79854V625215;E6 V/KARIHAUGEN;EV6 S17D1 m5998;2022-12-26T00:00+01:00;2022-12-27T00:00+01:00;2022-12-26;Totalt;33613;100,0;24;24;0;0;100,00;31823;1790;451;328;384;627;602;25
79854V625215;E6 V/KARIHAUGEN;EV6 S17D1 m5998;2022-12-27T00:00+01:00;2022-12-28T00:00+01:00;2022-12-27;1;9578;100,0;24;24;0;0;100,00;9023;555;282;138;39;96;93;3
79854V625215;E6 V/KARIHAUGEN;EV6 S17D1 m5998;2022-12-27T00:00+01:00;2022-12-28T00:00+01:00;2022-12-27;2;6570;100,0;24;24;0;0;100,00;6255;315;142;66;33;74;72;2
79854V625215;E6 V/KARIHAUGEN;EV6 S17D1 m5998;2022-12-27T00:00+01:00;2022-12-28T00:00+01:00;2022-12-27;3;14528;100,0;24;24;0;1;99,99;11926;2601;540;725;261;1075;1027;48
79854V625215;E6 V/KARIHAUGEN;EV6 S17D1 m5998;2022-12-27T00:00+01:00;2022-12-28T00:00+01:00;2022-12-27;4;15162;100,0;24;24;0;0;100,00;12681;2481;517;716;271;977;938;39
79854V625215;E6 V/KARIHAUGEN;EV6 S17D1 m5998;2022-12-27T00:00+01:00;2022-12-28T00:00+01:00;2022-12-27;5;4;100,0;24;24;0;0;100,00;2;2;0;0;1;1;1;0
79854V625215;E6 V/KARIHAUGEN;EV6 S17D1 m5998;2022-12-27T00:00+01:00;2022-12-28T00:00+01:00;2022-12-27;6;14;100,0;24;24;0;0;100,00;12;2;0;0;2;0;0;0
79854V625215;E6 V/KARIHAUGEN;EV6 S17D1 m5998;2022-12-27T00:00+01:00;2022-12-28T00:00+01:00;2022-12-27;Totalt i retning Akershus grense;24110;100,0;24;24;0;1;100,00;20951;3158;822;863;301;1172;1121;51
79854V625215;E6 V/KARIHAUGEN;EV6 S17D1 m5998;2022-12-27T00:00+01:00;2022-12-28T00:00+01:00;2022-12-27;Totalt i retning Karihaugen;21746;100,0;24;24;0;0;100,00;18948;2798;659;782;306;1051;1010;41
79854V625215;E6 V/KARIHAUGEN;EV6 S17D1 m5998;2022-12-27T00:00+01:00;2022-12-28T00:00+01:00;2022-12-27;Totalt;45856;100,0;24;24;0;1;100,00;39899;5956;1481;1645;607;2223;2131;92
79854V625215;E6 V/KARIHAUGEN;EV6 S17D1 m5998;2022-12-28T00:00+01:00;2022-12-29T00:00+01:00;2022-12-28;1;9013;100,0;24;24;0;0;100,00;8519;494;281;104;30;79;73;6
79854V625215;E6 V/KARIHAUGEN;EV6 S17D1 m5998;2022-12-28T00:00+01:00;2022-12-29T00:00+01:00;2022-12-28;2;6893;100,0;24;24;0;0;100,00;6622;271;154;46;20;51;50;1
79854V625215;E6 V/KARIHAUGEN;EV6 S17D1 m5998;2022-12-28T00:00+01:00;2022-12-29T00:00+01:00;2022-12-28;3;13477;100,0;24;24;0;1;99,99;10801;2675;550;705;286;1134;1098;36
79854V625215;E6 V/KARIHAUGEN;EV6 S17D1 m5998;2022-12-28T00:00+01:00;2022-12-29T00:00+01:00;2022-12-28;4;15205;100,0;24;24;0;1;99,99;12579;2625;519;719;285;1102;1066;36
79854V625215;E6 V/KARIHAUGEN;EV6 S17D1 m5998;2022-12-28T00:00+01:00;2022-12-29T00:00+01:00;2022-12-28;5;3;100,0;24;24;0;0;100,00;2;1;0;0;1;0;0;0
79854V625215;E6 V/KARIHAUGEN;EV6 S17D1 m5998;2022-12-28T00:00+01:00;2022-12-29T00:00+01:00;2022-12-28;6;10;100,0;24;24;0;0;100,00;7;3;0;0;2;1;1;0
79854V625215;E6 V/KARIHAUGEN;EV6 S17D1 m5998;2022-12-28T00:00+01:00;2022-12-29T00:00+01:00;2022-12-28;Totalt i retning Akershus grense;22493;100,0;24;24;0;1;100,00;19322;3170;831;809;317;1213;1171;42
79854V625215;E6 V/KARIHAUGEN;EV6 S17D1 m5998;2022-12-28T00:00+01:00;2022-12-29T00:00+01:00;2022-12-28;Totalt i retning Karihaugen;22108;100,0;24;24;0;1;100,00;19208;2899;673;765;307;1154;1117;37
79854V625215;E6 V/KARIHAUGEN;EV6 S17D1 m5998;2022-12-28T00:00+01:00;2022-12-29T00:00+01:00;2022-12-28;Totalt;44601;100,0;24;24;0;2;100,00;38530;6069;1504;1574;624;2367;2288;79
79854V625215;E6 V/KARIHAUGEN;EV6 S17D1 m5998;2022-12-29T00:00+01:00;2022-12-30T00:00+01:00;2022-12-29;1;6334;100,0;24;24;0;0;100,00;5893;441;228;90;27;96;95;1
79854V625215;E6 V/KARIHAUGEN;EV6 S17D1 m5998;2022-12-29T00:00+01:00;2022-12-30T00:00+01:00;2022-12-29;2;5509;100,0;24;24;0;0;100,00;5133;376;171;79;31;95;92;3
79854V625215;E6 V/KARIHAUGEN;EV6 S17D1 m5998;2022-12-29T00:00+01:00;2022-12-30T00:00+01:00;2022-12-29;3;13203;100,0;24;24;0;2;99,98;10720;2481;578;637;249;1017;978;39
79854V625215;E6 V/KARIHAUGEN;EV6 S17D1 m5998;2022-12-29T00:00+01:00;2022-12-30T00:00+01:00;2022-12-29;4;14112;100,0;24;24;0;0;100,00;11823;2289;492;585;239;973;933;40
79854V625215;E6 V/KARIHAUGEN;EV6 S17D1 m5998;2022-12-29T00:00+01:00;2022-12-30T00:00+01:00;2022-12-29;5;13;100,0;24;24;0;0;100,00;8;5;0;5;0;0;0;0
79854V625215;E6 V/KARIHAUGEN;EV6 S17D1 m5998;2022-12-29T00:00+01:00;2022-12-30T00:00+01:00;2022-12-29;6;31;100,0;24;24;0;0;100,00;20;11;1;5;5;0;0;0
79854V625215;E6 V/KARIHAUGEN;EV6 S17D1 m5998;2022-12-29T00:00+01:00;2022-12-30T00:00+01:00;2022-12-29;Totalt i retning Akershus grense;19549;100,0;24;24;0;2;99,99;16621;2926;806;731;276;1113;1073;40
79854V625215;E6 V/KARIHAUGEN;EV6 S17D1 m5998;2022-12-29T00:00+01:00;2022-12-30T00:00+01:00;2022-12-29;Totalt i retning Karihaugen;19653;100,0;24;24;0;0;100,00;16976;2677;664;670;275;1068;1025;43
79854V625215;E6 V/KARIHAUGEN;EV6 S17D1 m5998;2022-12-29T00:00+01:00;2022-12-30T00:00+01:00;2022-12-29;Totalt;39202;100,0;24;24;0;2;99,99;33597;5603;1470;1401;551;2181;2098;83
79854V625215;E6 V/KARIHAUGEN;EV6 S17D1 m5998;2022-12-30T00:00+01:00;2022-12-31T00:00+01:00;2022-12-30;1;7738;100,0;24;24;0;0;100,00;7344;394;236;75;33;50;49;1
79854V625215;E6 V/KARIHAUGEN;EV6 S17D1 m5998;2022-12-30T00:00+01:00;2022-12-31T00:00+01:00;2022-12-30;2;7178;100,0;24;24;0;0;100,00;6911;267;164;36;28;39;39;0
79854V625215;E6 V/KARIHAUGEN;EV6 S17D1 m5998;2022-12-30T00:00+01:00;2022-12-31T00:00+01:00;2022-12-30;3;12868;100,0;24;24;0;0;100,00;10596;2272;476;650;251;895;863;32
79854V625215;E6 V/KARIHAUGEN;EV6 S17D1 m5998;2022-12-30T00:00+01:00;2022-12-31T00:00+01:00;2022-12-30;4;14714;100,0;24;24;0;1;99,99;12534;2179;478;632;250;819;784;35
79854V625215;E6 V/KARIHAUGEN;EV6 S17D1 m5998;2022-12-30T00:00+01:00;2022-12-31T00:00+01:00;2022-12-30;5;2;100,0;24;24;0;0;100,00;2;0;0;0;0;0;0;0
79854V625215;E6 V/KARIHAUGEN;EV6 S17D1 m5998;2022-12-30T00:00+01:00;2022-12-31T00:00+01:00;2022-12-30;6;24;100,0;24;24;0;0;100,00;19;5;0;0;5;0;0;0
79854V625215;E6 V/KARIHAUGEN;EV6 S17D1 m5998;2022-12-30T00:00+01:00;2022-12-31T00:00+01:00;2022-12-30;Totalt i retning Akershus grense;20608;100,0;24;24;0;0;100,00;17942;2666;712;725;284;945;912;33
79854V625215;E6 V/KARIHAUGEN;EV6 S17D1 m5998;2022-12-30T00:00+01:00;2022-12-31T00:00+01:00;2022-12-30;Totalt i retning Karihaugen;21916;100,0;24;24;0;1;100,00;19464;2451;642;668;283;858;823;35
79854V625215;E6 V/KARIHAUGEN;EV6 S17D1 m5998;2022-12-30T00:00+01:00;2022-12-31T00:00+01:00;2022-12-30;Totalt;42524;100,0;24;24;0;1;100,00;37406;5117;1354;1393;567;1803;1735;68
79854V625215;E6 V/KARIHAUGEN;EV6 S17D1 m5998;2022-12-31T00:00+01:00;2023-01-01T00:00+01:00;2022-12-31;1;2670;100,0;24;24;0;0;100,00;2594;76;49;11;11;5;5;0
79854V625215;E6 V/KARIHAUGEN;EV6 S17D1 m5998;2022-12-31T00:00+01:00;2023-01-01T00:00+01:00;2022-12-31;2;2682;100,0;24;24;0;0;100,00;2645;37;23;9;3;2;2;0
79854V625215;E6 V/KARIHAUGEN;EV6 S17D1 m5998;2022-12-31T00:00+01:00;2023-01-01T00:00+01:00;2022-12-31;3;8137;100,0;24;24;0;0;100,00;7592;545;163;85;105;192;188;4
79854V625215;E6 V/KARIHAUGEN;EV6 S17D1 m5998;2022-12-31T00:00+01:00;2023-01-01T00:00+01:00;2022-12-31;4;9609;100,0;24;24;0;0;100,00;8940;669;168;98;116;287;274;13
79854V625215;E6 V/KARIHAUGEN;EV6 S17D1 m5998;2022-12-31T00:00+01:00;2023-01-01T00:00+01:00;2022-12-31;5;0;100,0;24;24;0;0;100,00;0;0;0;0;0;0;0;0
79854V625215;E6 V/KARIHAUGEN;EV6 S17D1 m5998;2022-12-31T00:00+01:00;2023-01-01T00:00+01:00;2022-12-31;6;9;100,0;24;24;0;0;100,00;7;2;0;0;2;0;0;0
79854V625215;E6 V/KARIHAUGEN;EV6 S17D1 m5998;2022-12-31T00:00+01:00;2023-01-01T00:00+01:00;2022-12-31;Totalt i retning Akershus grense;10807;100,0;24;24;0;0;100,00;10186;621;212;96;116;197;193;4
79854V625215;E6 V/KARIHAUGEN;EV6 S17D1 m5998;2022-12-31T00:00+01:00;2023-01-01T00:00+01:00;2022-12-31;Totalt i retning Karihaugen;12300;100,0;24;24;0;0;100,00;11592;708;191;107;121;289;276;13
79854V625215;E6 V/KARIHAUGEN;EV6 S17D1 m5998;2022-12-31T00:00+01:00;2023-01-01T00:00+01:00;2022-12-31;Totalt;23107;100,0;24;24;0;0;100,00;21778;1329;403;203;237;486;469;17
79854V625215;E6 V/KARIHAUGEN;EV6 S17D1 m5998;2023-01-01T00:00+01:00;2023-01-02T00:00+01:00;2023-01-01;1;4032;100,0;24;24;0;0;100,00;3956;76;51;10;5;10;8;2
79854V625215;E6 V/KARIHAUGEN;EV6 S17D1 m5998;2023-01-01T00:00+01:00;2023-01-02T00:00+01:00;2023-01-01;2;10000;100,0;24;24;0;0;100,00;9877;123;72;28;14;9;9;0
79854V625215;E6 V/KARIHAUGEN;EV6 S17D1 m5998;2023-01-01T00:00+01:00;2023-01-02T00:00+01:00;2023-01-01;3;10223;100,0;24;24;0;0;100,00;9509;714;175;120;151;268;256;12
79854V625215;E6 V/KARIHAUGEN;EV6 S17D1 m5998;2023-01-01T00:00+01:00;2023-01-02T00:00+01:00;2023-01-01;4;14834;100,0;24;24;0;0;100,00;14059;775;160;208;143;264;249;15
79854V625215;E6 V/KARIHAUGEN;EV6 S17D1 m5998;2023-01-01T00:00+01:00;2023-01-02T00:00+01:00;2023-01-01;5;0;100,0;24;24;0;0;100,00;0;0;0;0;0;0;0;0
79854V625215;E6 V/KARIHAUGEN;EV6 S17D1 m5998;2023-01-01T00:00+01:00;2023-01-02T00:00+01:00;2023-01-01;6;49;100,0;24;24;0;0;100,00;46;3;1;1;1;0;0;0
79854V625215;E6 V/KARIHAUGEN;EV6 S17D1 m5998;2023-01-01T00:00+01:00;2023-01-02T00:00+01:00;2023-01-01;Totalt i retning Akershus grense;14255;100,0;24;24;0;0;100,00;13465;790;226;130;156;278;264;14
79854V625215;E6 V/KARIHAUGEN;EV6 S17D1 m5998;2023-01-01T00:00+01:00;2023-01-02T00:00+01:00;2023-01-01;Totalt i retning Karihaugen;24883;100,0;24;24;0;0;100,00;23982;901;233;237;158;273;258;15
79854V625215;E6 V/KARIHAUGEN;EV6 S17D1 m5998;2023-01-01T00:00+01:00;2023-01-02T00:00+01:00;2023-01-01;Totalt;39138;100,0;24;24;0;0;100,00;37447;1691;459;367;314;551;522;29
79854V625215;E6 V/KARIHAUGEN;EV6 S17D1 m5998;2023-01-02T00:00+01:00;2023-01-03T00:00+01:00;2023-01-02;1;8730;100,0;24;24;0;0;100,00;8171;559;339;98;49;73;71;2
79854V625215;E6 V/KARIHAUGEN;EV6 S17D1 m5998;2023-01-02T00:00+01:00;2023-01-03T00:00+01:00;2023-01-02;2;9409;100,0;24;24;0;0;100,00;9038;371;219;71;31;50;49;1
79854V625215;E6 V/KARIHAUGEN;EV6 S17D1 m5998;2023-01-02T00:00+01:00;2023-01-03T00:00+01:00;2023-01-02;3;13604;100,0;24;24;0;1;99,99;10417;3186;685;873;351;1277;1216;61
79854V625215;E6 V/KARIHAUGEN;EV6 S17D1 m5998;2023-01-02T00:00+01:00;2023-01-03T00:00+01:00;2023-01-02;4;16521;100,0;24;24;0;0;100,00;13466;3055;668;903;355;1129;1078;51
79854V625215;E6 V/KARIHAUGEN;EV6 S17D1 m5998;2023-01-02T00:00+01:00;2023-01-03T00:00+01:00;2023-01-02;5;2;100,0;24;24;0;0;100,00;2;0;0;0;0;0;0;0
79854V625215;E6 V/KARIHAUGEN;EV6 S17D1 m5998;2023-01-02T00:00+01:00;2023-01-03T00:00+01:00;2023-01-02;6;23;100,0;24;24;0;0;100,00;16;7;0;0;6;1;0;1
79854V625215;E6 V/KARIHAUGEN;EV6 S17D1 m5998;2023-01-02T00:00+01:00;2023-01-03T00:00+01:00;2023-01-02;Totalt i retning Akershus grense;22336;100,0;24;24;0;1;100,00;18590;3745;1024;971;400;1350;1287;63
79854V625215;E6 V/KARIHAUGEN;EV6 S17D1 m5998;2023-01-02T00:00+01:00;2023-01-03T00:00+01:00;2023-01-02;Totalt i retning Karihaugen;25953;100,0;24;24;0;0;100,00;22520;3433;887;974;392;1180;1127;53
79854V625215;E6 V/KARIHAUGEN;EV6 S17D1 m5998;2023-01-02T00:00+01:00;2023-01-03T00:00+01:00;2023-01-02;Totalt;48289;100,0;24;24;0;1;100,00;41110;7178;1911;1945;792;2530;2414;116
79854V625215;E6 V/KARIHAUGEN;EV6 S17D1 m5998;2023-01-03T00:00+01:00;2023-01-04T00:00+01:00;2023-01-03;1;9933;100,0;24;24;0;0;100,00;9209;724;415;146;49;114;108;6
79854V625215;E6 V/KARIHAUGEN;EV6 S17D1 m5998;2023-01-03T00:00+01:00;2023-01-04T00:00+01:00;2023-01-03;2;7983;100,0;24;24;0;0;100,00;7566;417;250;65;41;61;59;2
79854V625215;E6 V/KARIHAUGEN;EV6 S17D1 m5998;2023-01-03T00:00+01:00;2023-01-04T00:00+01:00;2023-01-03;3;13691;100,0;24;24;0;0;100,00;9934;3757;717;1027;422;1591;1527;64
79854V625215;E6 V/KARIHAUGEN;EV6 S17D1 m5998;2023-01-03T00:00+01:00;2023-01-04T00:00+01:00;2023-01-03;4;15331;100,0;24;24;0;1;99,99;11723;3607;679;1028;436;1464;1405;59
79854V625215;E6 V/KARIHAUGEN;EV6 S17D1 m5998;2023-01-03T00:00+01:00;2023-01-04T00:00+01:00;2023-01-03;5;3;100,0;24;24;0;0;100,00;2;1;0;1;0;0;0;0
79854V625215;E6 V/KARIHAUGEN;EV6 S17D1 m5998;2023-01-03T00:00+01:00;2023-01-04T00:00+01:00;2023-01-03;6;28;100,0;24;24;0;0;100,00;20;8;1;1;6;0;0;0
79854V625215;E6 V/KARIHAUGEN;EV6 S17D1 m5998;2023-01-03T00:00+01:00;2023-01-04T00:00+01:00;2023-01-03;Totalt i retning Akershus grense;23627;100,0;24;24;0;0;100,00;19145;4482;1132;1174;471;1705;1635;70
79854V625215;E6 V/KARIHAUGEN;EV6 S17D1 m5998;2023-01-03T00:00+01:00;2023-01-04T00:00+01:00;2023-01-03;Totalt i retning Karihaugen;23342;100,0;24;24;0;1;100,00;19309;4032;930;1094;483;1525;1464;61
79854V625215;E6 V/KARIHAUGEN;EV6 S17D1 m5998;2023-01-03T00:00+01:00;2023-01-04T00:00+01:00;2023-01-03;Totalt;46969;100,0;24;24;0;1;100,00;38454;8514;2062;2268;954;3230;3099;131
79854V625215;E6 V/KARIHAUGEN;EV6 S17D1 m5998;2023-01-04T00:00+01:00;2023-01-05T00:00+01:00;2023-01-04;1;6340;100,0;24;24;0;0;100,00;5566;774;337;170;55;212;197;15
79854V625215;E6 V/KARIHAUGEN;EV6 S17D1 m5998;2023-01-04T00:00+01:00;2023-01-05T00:00+01:00;2023-01-04;2;5302;100,0;24;24;0;0;100,00;4759;543;253;102;52;136;134;2
79854V625215;E6 V/KARIHAUGEN;EV6 S17D1 m5998;2023-01-04T00:00+01:00;2023-01-05T00:00+01:00;2023-01-04;3;9897;100,0;24;24;0;1;99,99;7069;2827;512;721;329;1265;1209;56
79854V625215;E6 V/KARIHAUGEN;EV6 S17D1 m5998;2023-01-04T00:00+01:00;2023-01-05T00:00+01:00;2023-01-04;4;10012;100,0;24;24;0;0;100,00;7382;2630;452;724;321;1133;1082;51
79854V625215;E6 V/KARIHAUGEN;EV6 S17D1 m5998;2023-01-04T00:00+01:00;2023-01-05T00:00+01:00;2023-01-04;5;42;100,0;24;24;0;0;100,00;32;10;1;7;2;0;0;0
79854V625215;E6 V/KARIHAUGEN;EV6 S17D1 m5998;2023-01-04T00:00+01:00;2023-01-05T00:00+01:00;2023-01-04;6;80;100,0;24;24;0;1;98,75;71;8;0;7;1;0;0;0
79854V625215;E6 V/KARIHAUGEN;EV6 S17D1 m5998;2023-01-04T00:00+01:00;2023-01-05T00:00+01:00;2023-01-04;Totalt i retning Akershus grense;16280;100,0;24;24;0;2;99,99;12667;3611;850;898;386;1477;1406;71
79854V625215;E6 V/KARIHAUGEN;EV6 S17D1 m5998;2023-01-04T00:00+01:00;2023-01-05T00:00+01:00;2023-01-04;Totalt i retning Karihaugen;15393;100,0;24;24;0;0;100,00;12212;3181;705;833;374;1269;1216;53
79854V625215;E6 V/KARIHAUGEN;EV6 S17D1 m5998;2023-01-04T00:00+01:00;2023-01-05T00:00+01:00;2023-01-04;Totalt;31673;100,0;24;24;0;2;99,99;24879;6792;1555;1731;760;2746;2622;124
79854V625215;E6 V/KARIHAUGEN;EV6 S17D1 m5998;2023-01-05T00:00+01:00;2023-01-06T00:00+01:00;2023-01-05;1;8691;100,0;24;24;0;0;100,00;7850;841;423;178;58;182;175;7
79854V625215;E6 V/KARIHAUGEN;EV6 S17D1 m5998;2023-01-05T00:00+01:00;2023-01-06T00:00+01:00;2023-01-05;2;6930;100,0;24;24;0;0;100,00;6374;556;265;113;51;127;123;4
79854V625215;E6 V/KARIHAUGEN;EV6 S17D1 m5998;2023-01-05T00:00+01:00;2023-01-06T00:00+01:00;2023-01-05;3;12686;100,0;24;24;0;0;100,00;9155;3531;659;913;420;1539;1468;71
79854V625215;E6 V/KARIHAUGEN;EV6 S17D1 m5998;2023-01-05T00:00+01:00;2023-01-06T00:00+01:00;2023-01-05;4;12702;100,0;24;24;0;1;99,99;9369;3332;572;897;404;1459;1396;63
79854V625215;E6 V/KARIHAUGEN;EV6 S17D1 m5998;2023-01-05T00:00+01:00;2023-01-06T00:00+01:00;2023-01-05;5;6;100,0;24;24;0;0;100,00;3;3;0;3;0;0;0;0
79854V625215;E6 V/KARIHAUGEN;EV6 S17D1 m5998;2023-01-05T00:00+01:00;2023-01-06T00:00+01:00;2023-01-05;6;26;100,0;24;24;0;0;100,00;17;9;0;8;0;1;1;0
79854V625215;E6 V/KARIHAUGEN;EV6 S17D1 m5998;2023-01-05T00:00+01:00;2023-01-06T00:00+01:00;2023-01-05;Totalt i retning Akershus grense;21383;100,0;24;24;0;0;100,00;17008;4375;1082;1094;478;1721;1643;78
79854V625215;E6 V/KARIHAUGEN;EV6 S17D1 m5998;2023-01-05T00:00+01:00;2023-01-06T00:00+01:00;2023-01-05;Totalt i retning Karihaugen;19658;100,0;24;24;0;1;99,99;15760;3897;837;1018;455;1587;1520;67
79854V625215;E6 V/KARIHAUGEN;EV6 S17D1 m5998;2023-01-05T00:00+01:00;2023-01-06T00:00+01:00;2023-01-05;Totalt;41041;100,0;24;24;0;1;100,00;32768;8272;1919;2112;933;3308;3163;145
79854V625215;E6 V/KARIHAUGEN;EV6 S17D1 m5998;2023-01-06T00:00+01:00;2023-01-07T00:00+01:00;2023-01-06;1;7982;100,0;24;24;0;69;99,14;7012;901;433;187;76;205;196;9
79854V625215;E6 V/KARIHAUGEN;EV6 S17D1 m5998;2023-01-06T00:00+01:00;2023-01-07T00:00+01:00;2023-01-06;2;6719;100,0;24;24;0;0;100,00;6054;665;298;156;58;153;147;6
79854V625215;E6 V/KARIHAUGEN;EV6 S17D1 m5998;2023-01-06T00:00+01:00;2023-01-07T00:00+01:00;2023-01-06;3;10568;100,0;24;24;0;69;99,35;7789;2710;560;724;305;1121;1082;39
79854V625215;E6 V/KARIHAUGEN;EV6 S17D1 m5998;2023-01-06T00:00+01:00;2023-01-07T00:00+01:00;2023-01-06;4;10451;100,0;24;24;0;1;99,99;7864;2586;501;657;303;1125;1081;44
79854V625215;E6 V/KARIHAUGEN;EV6 S17D1 m5998;2023-01-06T00:00+01:00;2023-01-07T00:00+01:00;2023-01-06;5;199;100,0;24;24;0;12;93,97;146;41;8;11;14;8;8;0
79854V625215;E6 V/KARIHAUGEN;EV6 S17D1 m5998;2023-01-06T00:00+01:00;2023-01-07T00:00+01:00;2023-01-06;6;59;100,0;24;24;0;0;100,00;50;9;1;7;1;0;0;0
79854V625215;E6 V/KARIHAUGEN;EV6 S17D1 m5998;2023-01-06T00:00+01:00;2023-01-07T00:00+01:00;2023-01-06;Totalt i retning Akershus grense;18749;100,0;24;24;0;150;99,20;14947;3652;1001;922;395;1334;1286;48
79854V625215;E6 V/KARIHAUGEN;EV6 S17D1 m5998;2023-01-06T00:00+01:00;2023-01-07T00:00+01:00;2023-01-06;Totalt i retning Karihaugen;17229;100,0;24;24;0;1;99,99;13968;3260;800;820;362;1278;1228;50
79854V625215;E6 V/KARIHAUGEN;EV6 S17D1 m5998;2023-01-06T00:00+01:00;2023-01-07T00:00+01:00;2023-01-06;Totalt;35978;100,0;24;24;0;151;99,58;28915;6912;1801;1742;757;2612;2514;98
79854V625215;E6 V/KARIHAUGEN;EV6 S17D1 m5998;2023-01-07T00:00+01:00;2023-01-08T00:00+01:00;2023-01-07;1;3537;100,0;24;24;0;0;100,00;3375;162;99;29;20;14;14;0
79854V625215;E6 V/KARIHAUGEN;EV6 S17D1 m5998;2023-01-07T00:00+01:00;2023-01-08T00:00+01:00;2023-01-07;2;3029;100,0;24;24;0;0;100,00;2927;102;43;17;27;15;15;0
79854V625215;E6 V/KARIHAUGEN;EV6 S17D1 m5998;2023-01-07T00:00+01:00;2023-01-08T00:00+01:00;2023-01-07;3;10433;100,0;24;24;0;0;100,00;9381;1052;284;263;178;327;321;6
79854V625215;E6 V/KARIHAUGEN;EV6 S17D1 m5998;2023-01-07T00:00+01:00;2023-01-08T00:00+01:00;2023-01-07;4;10776;100,0;24;24;0;0;100,00;9670;1106;265;272;168;401;390;11
79854V625215;E6 V/KARIHAUGEN;EV6 S17D1 m5998;2023-01-07T00:00+01:00;2023-01-08T00:00+01:00;2023-01-07;5;8;100,0;24;24;0;0;100,00;6;2;0;2;0;0;0;0
79854V625215;E6 V/KARIHAUGEN;EV6 S17D1 m5998;2023-01-07T00:00+01:00;2023-01-08T00:00+01:00;2023-01-07;6;9;100,0;24;24;0;0;100,00;5;4;0;3;1;0;0;0
79854V625215;E6 V/KARIHAUGEN;EV6 S17D1 m5998;2023-01-07T00:00+01:00;2023-01-08T00:00+01:00;2023-01-07;Totalt i retning Akershus grense;13978;100,0;24;24;0;0;100,00;12762;1216;383;294;198;341;335;6
79854V625215;E6 V/KARIHAUGEN;EV6 S17D1 m5998;2023-01-07T00:00+01:00;2023-01-08T00:00+01:00;2023-01-07;Totalt i retning Karihaugen;13814;100,0;24;24;0;0;100,00;12602;1212;308;292;196;416;405;11
79854V625215;E6 V/KARIHAUGEN;EV6 S17D1 m5998;2023-01-07T00:00+01:00;2023-01-08T00:00+01:00;2023-01-07;Totalt;27792;100,0;24;24;0;0;100,00;25364;2428;691;586;394;757;740;17
79854V625215;E6 V/KARIHAUGEN;EV6 S17D1 m5998;2023-01-08T00:00+01:00;2023-01-09T00:00+01:00;2023-01-08;1;4080;100,0;24;24;0;1;99,98;3924;155;88;18;25;24;22;2
79854V625215;E6 V/KARIHAUGEN;EV6 S17D1 m5998;2023-01-08T00:00+01:00;2023-01-09T00:00+01:00;2023-01-08;2;4900;100,0;24;24;0;0;100,00;4774;126;69;19;16;22;22;0
79854V625215;E6 V/KARIHAUGEN;EV6 S17D1 m5998;2023-01-08T00:00+01:00;2023-01-09T00:00+01:00;2023-01-08;3;10538;100,0;24;24;0;0;100,00;9395;1143;272;198;200;473;451;22
79854V625215;E6 V/KARIHAUGEN;EV6 S17D1 m5998;2023-01-08T00:00+01:00;2023-01-09T00:00+01:00;2023-01-08;4;13014;100,0;24;24;0;0;100,00;11979;1035;227;204;215;389;370;19
79854V625215;E6 V/KARIHAUGEN;EV6 S17D1 m5998;2023-01-08T00:00+01:00;2023-01-09T00:00+01:00;2023-01-08;5;2;100,0;24;24;0;0;100,00;2;0;0;0;0;0;0;0
79854V625215;E6 V/KARIHAUGEN;EV6 S17D1 m5998;2023-01-08T00:00+01:00;2023-01-09T00:00+01:00;2023-01-08;6;11;100,0;24;24;0;0;100,00;11;0;0;0;0;0;0;0
79854V625215;E6 V/KARIHAUGEN;EV6 S17D1 m5998;2023-01-08T00:00+01:00;2023-01-09T00:00+01:00;2023-01-08;Totalt i retning Akershus grense;14620;100,0;24;24;0;1;99,99;13321;1298;360;216;225;497;473;24
79854V625215;E6 V/KARIHAUGEN;EV6 S17D1 m5998;2023-01-08T00:00+01:00;2023-01-09T00:00+01:00;2023-01-08;Totalt i retning Karihaugen;17925;100,0;24;24;0;0;100,00;16764;1161;296;223;231;411;392;19
79854V625215;E6 V/KARIHAUGEN;EV6 S17D1 m5998;2023-01-08T00:00+01:00;2023-01-09T00:00+01:00;2023-01-08;Totalt;32545;100,0;24;24;0;1;100,00;30085;2459;656;439;456;908;865;43
79854V625215;E6 V/KARIHAUGEN;EV6 S17D1 m5998;2023-01-09T00:00+01:00;2023-01-10T00:00+01:00;2023-01-09;1;10262;100,0;24;24;0;0;100,00;9460;802;494;134;56;118;115;3
79854V625215;E6 V/KARIHAUGEN;EV6 S17D1 m5998;2023-01-09T00:00+01:00;2023-01-10T00:00+01:00;2023-01-09;2;8177;100,0;24;24;0;0;100,00;7661;516;319;83;40;74;73;1
79854V625215;E6 V/KARIHAUGEN;EV6 S17D1 m5998;2023-01-09T00:00+01:00;2023-01-10T00:00+01:00;2023-01-09;3;13521;100,0;24;24;0;1;99,99;9589;3931;787;1051;430;1663;1594;69
79854V625215;E6 V/KARIHAUGEN;EV6 S17D1 m5998;2023-01-09T00:00+01:00;2023-01-10T00:00+01:00;2023-01-09;4;14432;100,0;24;24;0;0;100,00;10729;3703;750;1025;445;1483;1425;58
79854V625215;E6 V/KARIHAUGEN;EV6 S17D1 m5998;2023-01-09T00:00+01:00;2023-01-10T00:00+01:00;2023-01-09;5;12;100,0;24;24;0;0;100,00;12;0;0;0;0;0;0;0
79854V625215;E6 V/KARIHAUGEN;EV6 S17D1 m5998;2023-01-09T00:00+01:00;2023-01-10T00:00+01:00;2023-01-09;6;24;100,0;24;24;0;0;100,00;21;3;0;0;3;0;0;0
79854V625215;E6 V/KARIHAUGEN;EV6 S17D1 m5998;2023-01-09T00:00+01:00;2023-01-10T00:00+01:00;2023-01-09;Totalt i retning Akershus grense;23795;100,0;24;24;0;1;100,00;19061;4733;1281;1185;486;1781;1709;72
79854V625215;E6 V/KARIHAUGEN;EV6 S17D1 m5998;2023-01-09T00:00+01:00;2023-01-10T00:00+01:00;2023-01-09;Totalt i retning Karihaugen;22633;100,0;24;24;0;0;100,00;18411;4222;1069;1108;488;1557;1498;59
79854V625215;E6 V/KARIHAUGEN;EV6 S17D1 m5998;2023-01-09T00:00+01:00;2023-01-10T00:00+01:00;2023-01-09;Totalt;46428;100,0;24;24;0;1;100,00;37472;8955;2350;2293;974;3338;3207;131
79854V625215;E6 V/KARIHAUGEN;EV6 S17D1 m5998;2023-01-10T00:00+01:00;2023-01-11T00:00+01:00;2023-01-10;1;10659;100,0;24;24;0;0;100,00;9839;820;506;127;55;132;127;5
79854V625215;E6 V/KARIHAUGEN;EV6 S17D1 m5998;2023-01-10T00:00+01:00;2023-01-11T00:00+01:00;2023-01-10;2;8371;100,0;24;24;0;0;100,00;7878;493;322;58;41;72;70;2
79854V625215;E6 V/KARIHAUGEN;EV6 S17D1 m5998;2023-01-10T00:00+01:00;2023-01-11T00:00+01:00;2023-01-10;3;13993;100,0;24;24;0;0;100,00;9727;4266;802;1162;417;1885;1799;86
79854V625215;E6 V/KARIHAUGEN;EV6 S17D1 m5998;2023-01-10T00:00+01:00;2023-01-11T00:00+01:00;2023-01-10;4;14347;100,0;24;24;0;1;99,99;10394;3952;720;1119;443;1670;1594;76
79854V625215;E6 V/KARIHAUGEN;EV6 S17D1 m5998;2023-01-10T00:00+01:00;2023-01-11T00:00+01:00;2023-01-10;5;14;100,0;24;24;0;0;100,00;12;2;1;0;1;0;0;0
79854V625215;E6 V/KARIHAUGEN;EV6 S17D1 m5998;2023-01-10T00:00+01:00;2023-01-11T00:00+01:00;2023-01-10;6;25;100,0;24;24;0;0;100,00;22;3;0;0;3;0;0;0
79854V625215;E6 V/KARIHAUGEN;EV6 S17D1 m5998;2023-01-10T00:00+01:00;2023-01-11T00:00+01:00;2023-01-10;Totalt i retning Akershus grense;24666;100,0;24;24;0;0;100,00;19579;5087;1309;1288;473;2017;1926;91
79854V625215;E6 V/KARIHAUGEN;EV6 S17D1 m5998;2023-01-10T00:00+01:00;2023-01-11T00:00+01:00;2023-01-10;Totalt i retning Karihaugen;22743;100,0;24;24;0;1;100,00;18293;4449;1042;1178;487;1742;1664;78
79854V625215;E6 V/KARIHAUGEN;EV6 S17D1 m5998;2023-01-10T00:00+01:00;2023-01-11T00:00+01:00;2023-01-10;Totalt;47409;100,0;24;24;0;1;100,00;37872;9536;2351;2466;960;3759;3590;169
79854V625215;E6 V/KARIHAUGEN;EV6 S17D1 m5998;2023-01-11T00:00+01:00;2023-01-12T00:00+01:00;2023-01-11;1;11290;100,0;24;24;0;1;99,99;10454;835;491;141;66;137;132;5
79854V625215;E6 V/KARIHAUGEN;EV6 S17D1 m5998;2023-01-11T00:00+01:00;2023-01-12T00:00+01:00;2023-01-11;2;9076;100,0;24;24;0;1;99,99;8559;516;313;73;43;87;85;2
79854V625215;E6 V/KARIHAUGEN;EV6 S17D1 m5998;2023-01-11T00:00+01:00;2023-01-12T00:00+01:00;2023-01-11;3;14049;100,0;24;24;0;1;99,99;9915;4133;758;1130;465;1780;1704;76
79854V625215;E6 V/KARIHAUGEN;EV6 S17D1 m5998;2023-01-11T00:00+01:00;2023-01-12T00:00+01:00;2023-01-11;4;14759;100,0;24;24;0;8;99,95;10742;4009;768;1039;499;1703;1627;76
79854V625215;E6 V/KARIHAUGEN;EV6 S17D1 m5998;2023-01-11T00:00+01:00;2023-01-12T00:00+01:00;2023-01-11;5;23;100,0;24;24;0;0;100,00;21;2;1;0;1;0;0;0
79854V625215;E6 V/KARIHAUGEN;EV6 S17D1 m5998;2023-01-11T00:00+01:00;2023-01-12T00:00+01:00;2023-01-11;6;51;100,0;24;24;0;1;98,04;39;11;2;0;9;0;0;0
79854V625215;E6 V/KARIHAUGEN;EV6 S17D1 m5998;2023-01-11T00:00+01:00;2023-01-12T00:00+01:00;2023-01-11;Totalt i retning Akershus grense;25363;100,0;24;24;0;3;99,99;20390;4970;1250;1271;532;1917;1836;81
79854V625215;E6 V/KARIHAUGEN;EV6 S17D1 m5998;2023-01-11T00:00+01:00;2023-01-12T00:00+01:00;2023-01-11;Totalt i retning Karihaugen;23885;100,0;24;24;0;9;99,96;19340;4536;1083;1112;551;1790;1712;78
79854V625215;E6 V/KARIHAUGEN;EV6 S17D1 m5998;2023-01-11T00:00+01:00;2023-01-12T00:00+01:00;2023-01-11;Totalt;49248;100,0;24;24;0;12;99,98;39730;9506;2333;2383;1083;3707;3548;159
79854V625215;E6 V/KARIHAUGEN;EV6 S17D1 m5998;2023-01-12T00:00+01:00;2023-01-13T00:00+01:00;2023-01-12;1;12913;100,0;24;24;0;32;99,75;11948;933;529;174;74;156;150;6
79854V625215;E6 V/KARIHAUGEN;EV6 S17D1 m5998;2023-01-12T00:00+01:00;2023-01-13T00:00+01:00;2023-01-12;2;9379;100,0;24;24;0;0;100,00;8814;565;348;76;55;86;82;4
79854V625215;E6 V/KARIHAUGEN;EV6 S17D1 m5998;2023-01-12T00:00+01:00;2023-01-13T00:00+01:00;2023-01-12;3;14461;100,0;24;24;0;67;99,54;10173;4221;769;1177;439;1836;1761;75
79854V625215;E6 V/KARIHAUGEN;EV6 S17D1 m5998;2023-01-12T00:00+01:00;2023-01-13T00:00+01:00;2023-01-12;4;15078;100,0;24;24;0;0;100,00;10934;4144;749;1134;480;1781;1696;85
79854V625215;E6 V/KARIHAUGEN;EV6 S17D1 m5998;2023-01-12T00:00+01:00;2023-01-13T00:00+01:00;2023-01-12;5;191;100,0;24;24;0;0;100,00;154;37;11;3;23;0;0;0
79854V625215;E6 V/KARIHAUGEN;EV6 S17D1 m5998;2023-01-12T00:00+01:00;2023-01-13T00:00+01:00;2023-01-12;6;36;100,0;24;24;0;0;100,00;29;7;0;1;6;0;0;0
79854V625215;E6 V/KARIHAUGEN;EV6 S17D1 m5998;2023-01-12T00:00+01:00;2023-01-13T00:00+01:00;2023-01-12;Totalt i retning Akershus grense;27563;100,0;24;24;0;98;99,64;22274;5191;1309;1354;536;1992;1911;81
79854V625215;E6 V/KARIHAUGEN;EV6 S17D1 m5998;2023-01-12T00:00+01:00;2023-01-13T00:00+01:00;2023-01-12;Totalt i retning Karihaugen;24495;100,0;24;24;0;1;100,00;19778;4716;1097;1211;541;1867;1778;89
79854V625215;E6 V/KARIHAUGEN;EV6 S17D1 m5998;2023-01-12T00:00+01:00;2023-01-13T00:00+01:00;2023-01-12;Totalt;52058;100,0;24;24;0;99;99,81;42052;9907;2406;2565;1077;3859;3689;170
79854V625215;E6 V/KARIHAUGEN;EV6 S17D1 m5998;2023-01-13T00:00+01:00;2023-01-14T00:00+01:00;2023-01-13;1;11444;100,0;24;24;0;284;97,52;10365;795;443;164;65;123;120;3
79854V625215;E6 V/KARIHAUGEN;EV6 S17D1 m5998;2023-01-13T00:00+01:00;2023-01-14T00:00+01:00;2023-01-13;2;8490;100,0;24;24;0;0;100,00;7981;509;310;76;39;84;82;2
79854V625215;E6 V/KARIHAUGEN;EV6 S17D1 m5998;2023-01-13T00:00+01:00;2023-01-14T00:00+01:00;2023-01-13;3;12734;100,0;24;24;0;472;96,29;8996;3266;627;928;318;1393;1333;60
79854V625215;E6 V/KARIHAUGEN;EV6 S17D1 m5998;2023-01-13T00:00+01:00;2023-01-14T00:00+01:00;2023-01-13;4;14924;100,0;24;24;0;0;100,00;11310;3614;696;1060;419;1439;1382;57
79854V625215;E6 V/KARIHAUGEN;EV6 S17D1 m5998;2023-01-13T00:00+01:00;2023-01-14T00:00+01:00;2023-01-13;5;1507;100,0;24;24;0;7;99,54;1330;170;45;22;101;2;2;0
79854V625215;E6 V/KARIHAUGEN;EV6 S17D1 m5998;2023-01-13T00:00+01:00;2023-01-14T00:00+01:00;2023-01-13;6;43;100,0;24;24;0;0;100,00;33;10;3;1;6;0;0;0
79854V625215;E6 V/KARIHAUGEN;EV6 S17D1 m5998;2023-01-13T00:00+01:00;2023-01-14T00:00+01:00;2023-01-13;Totalt i retning Akershus grense;25685;100,0;24;24;0;763;97,03;20691;4231;1115;1114;484;1518;1455;63
79854V625215;E6 V/KARIHAUGEN;EV6 S17D1 m5998;2023-01-13T00:00+01:00;2023-01-14T00:00+01:00;2023-01-13;Totalt i retning Karihaugen;23457;100,0;24;24;0;0;100,00;19324;4133;1009;1137;464;1523;1464;59
79854V625215;E6 V/KARIHAUGEN;EV6 S17D1 m5998;2023-01-13T00:00+01:00;2023-01-14T00:00+01:00;2023-01-13;Totalt;49142;100,0;24;24;0;763;98,45;40015;8364;2124;2251;948;3041;2919;122
79854V625215;E6 V/KARIHAUGEN;EV6 S17D1 m5998;2023-01-14T00:00+01:00;2023-01-15T00:00+01:00;2023-01-14;1;5551;100,0;24;24;0;0;100,00;5379;172;103;34;21;14;13;1
79854V625215;E6 V/KARIHAUGEN;EV6 S17D1 m5998;2023-01-14T00:00+01:00;2023-01-15T00:00+01:00;2023-01-14;2;4365;100,0;24;24;0;0;100,00;4255;110;62;17;22;9;9;0
79854V625215;E6 V/KARIHAUGEN;EV6 S17D1 m5998;2023-01-14T00:00+01:00;2023-01-15T00:00+01:00;2023-01-14;3;12132;100,0;24;24;0;1;99,99;10964;1167;349;325;161;332;322;10
79854V625215;E6 V/KARIHAUGEN;EV6 S17D1 m5998;2023-01-14T00:00+01:00;2023-01-15T00:00+01:00;2023-01-14;4;12227;100,0;24;24;0;1;99,99;11051;1175;269;307;168;431;412;19
79854V625215;E6 V/KARIHAUGEN;EV6 S17D1 m5998;2023-01-14T00:00+01:00;2023-01-15T00:00+01:00;2023-01-14;5;6;100,0;24;24;0;0;100,00;6;0;0;0;0;0;0;0
79854V625215;E6 V/KARIHAUGEN;EV6 S17D1 m5998;2023-01-14T00:00+01:00;2023-01-15T00:00+01:00;2023-01-14;6;23;100,0;24;24;0;0;100,00;22;1;0;0;0;1;1;0
79854V625215;E6 V/KARIHAUGEN;EV6 S17D1 m5998;2023-01-14T00:00+01:00;2023-01-15T00:00+01:00;2023-01-14;Totalt i retning Akershus grense;17689;100,0;24;24;0;1;99,99;16349;1339;452;359;182;346;335;11
79854V625215;E6 V/KARIHAUGEN;EV6 S17D1 m5998;2023-01-14T00:00+01:00;2023-01-15T00:00+01:00;2023-01-14;Totalt i retning Karihaugen;16615;100,0;24;24;0;1;99,99;15328;1286;331;324;190;441;422;19
79854V625215;E6 V/KARIHAUGEN;EV6 S17D1 m5998;2023-01-14T00:00+01:00;2023-01-15T00:00+01:00;2023-01-14;Totalt;34304;100,0;24;24;0;2;99,99;31677;2625;783;683;372;787;757;30
79854V625215;E6 V/KARIHAUGEN;EV6 S17D1 m5998;2023-01-15T00:00+01:00;2023-01-16T00:00+01:00;2023-01-15;1;5288;100,0;24;24;0;0;100,00;5065;223;102;37;34;50;49;1
79854V625215;E6 V/KARIHAUGEN;EV6 S17D1 m5998;2023-01-15T00:00+01:00;2023-01-16T00:00+01:00;2023-01-15;2;8521;100,0;24;24;0;0;100,00;8364;157;83;27;22;25;25;0
79854V625215;E6 V/KARIHAUGEN;EV6 S17D1 m5998;2023-01-15T00:00+01:00;2023-01-16T00:00+01:00;2023-01-15;3;12197;100,0;24;24;0;1;99,99;11019;1177;282;221;187;487;470;17
79854V625215;E6 V/KARIHAUGEN;EV6 S17D1 m5998;2023-01-15T00:00+01:00;2023-01-16T00:00+01:00;2023-01-15;4;14110;100,0;24;24;0;1;99,99;12964;1145;256;279;181;429;404;25
79854V625215;E6 V/KARIHAUGEN;EV6 S17D1 m5998;2023-01-15T00:00+01:00;2023-01-16T00:00+01:00;2023-01-15;5;13;100,0;24;24;0;0;100,00;7;6;0;3;3;0;0;0
79854V625215;E6 V/KARIHAUGEN;EV6 S17D1 m5998;2023-01-15T00:00+01:00;2023-01-16T00:00+01:00;2023-01-15;6;33;100,0;24;24;0;0;100,00;27;6;0;4;2;0;0;0
79854V625215;E6 V/KARIHAUGEN;EV6 S17D1 m5998;2023-01-15T00:00+01:00;2023-01-16T00:00+01:00;2023-01-15;Totalt i retning Akershus grense;17497;100,0;24;24;0;0;100,00;16091;1406;384;261;224;537;519;18
79854V625215;E6 V/KARIHAUGEN;EV6 S17D1 m5998;2023-01-15T00:00+01:00;2023-01-16T00:00+01:00;2023-01-15;Totalt i retning Karihaugen;22665;100,0;24;24;0;2;99,99;21355;1308;339;310;205;454;429;25
79854V625215;E6 V/KARIHAUGEN;EV6 S17D1 m5998;2023-01-15T00:00+01:00;2023-01-16T00:00+01:00;2023-01-15;Totalt;40162;100,0;24;24;0;2;100,00;37446;2714;723;571;429;991;948;43
79854V625215;E6 V/KARIHAUGEN;EV6 S17D1 m5998;2023-01-16T00:00+01:00;2023-01-17T00:00+01:00;2023-01-16;1;10897;100,0;24;24;0;1;99,99;10038;858;529;163;46;120;120;0
79854V625215;E6 V/KARIHAUGEN;EV6 S17D1 m5998;2023-01-16T00:00+01:00;2023-01-17T00:00+01:00;2023-01-16;2;8609;100,0;24;24;0;0;100,00;8041;568;352;91;32;93;90;3
79854V625215;E6 V/KARIHAUGEN;EV6 S17D1 m5998;2023-01-16T00:00+01:00;2023-01-17T00:00+01:00;2023-01-16;3;14036;100,0;24;24;0;0;100,00;9810;4226;805;1160;463;1798;1720;78
79854V625215;E6 V/KARIHAUGEN;EV6 S17D1 m5998;2023-01-16T00:00+01:00;2023-01-17T00:00+01:00;2023-01-16;4;15021;100,0;24;24;0;1;99,99;11154;3866;753;1108;505;1500;1439;61
79854V625215;E6 V/KARIHAUGEN;EV6 S17D1 m5998;2023-01-16T00:00+01:00;2023-01-17T00:00+01:00;2023-01-16;5;6;100,0;24;24;0;0;100,00;5;1;0;1;0;0;0;0
79854V625215;E6 V/KARIHAUGEN;EV6 S17D1 m5998;2023-01-16T00:00+01:00;2023-01-17T00:00+01:00;2023-01-16;6;8;100,0;24;24;0;0;100,00;7;1;0;0;1;0;0;0
79854V625215;E6 V/KARIHAUGEN;EV6 S17D1 m5998;2023-01-16T00:00+01:00;2023-01-17T00:00+01:00;2023-01-16;Totalt i retning Akershus grense;24940;100,0;24;24;0;2;99,99;19853;5085;1334;1324;509;1918;1840;78
79854V625215;E6 V/KARIHAUGEN;EV6 S17D1 m5998;2023-01-16T00:00+01:00;2023-01-17T00:00+01:00;2023-01-16;Totalt i retning Karihaugen;23637;100,0;24;24;0;0;100,00;19202;4435;1105;1199;538;1593;1529;64
79854V625215;E6 V/KARIHAUGEN;EV6 S17D1 m5998;2023-01-16T00:00+01:00;2023-01-17T00:00+01:00;2023-01-16;Totalt;48577;100,0;24;24;0;2;100,00;39055;9520;2439;2523;1047;3511;3369;142
79854V625215;E6 V/KARIHAUGEN;EV6 S17D1 m5998;2023-01-17T00:00+01:00;2023-01-18T00:00+01:00;2023-01-17;1;10552;100,0;24;24;0;0;100,00;9663;889;497;174;69;149;143;6
79854V625215;E6 V/KARIHAUGEN;EV6 S17D1 m5998;2023-01-17T00:00+01:00;2023-01-18T00:00+01:00;2023-01-17;2;8144;100,0;24;24;0;0;100,00;7534;610;343;90;72;105;99;6
79854V625215;E6 V/KARIHAUGEN;EV6 S17D1 m5998;2023-01-17T00:00+01:00;2023-01-18T00:00+01:00;2023-01-17;3;14024;100,0;24;24;0;0;100,00;9792;4232;834;1050;504;1844;1758;86
79854V625215;E6 V/KARIHAUGEN;EV6 S17D1 m5998;2023-01-17T00:00+01:00;2023-01-18T00:00+01:00;2023-01-17;4;14256;100,0;24;24;0;3;99,98;10343;3910;712;1019;513;1666;1589;77
79854V625215;E6 V/KARIHAUGEN;EV6 S17D1 m5998;2023-01-17T00:00+01:00;2023-01-18T00:00+01:00;2023-01-17;5;27;100,0;24;24;0;0;100,00;16;11;0;8;3;0;0;0
79854V625215;E6 V/KARIHAUGEN;EV6 S17D1 m5998;2023-01-17T00:00+01:00;2023-01-18T00:00+01:00;2023-01-17;6;20;100,0;24;24;0;0;100,00;13;7;1;2;3;1;1;0
79854V625215;E6 V/KARIHAUGEN;EV6 S17D1 m5998;2023-01-17T00:00+01:00;2023-01-18T00:00+01:00;2023-01-17;Totalt i retning Akershus grense;24604;100,0;24;24;0;1;100,00;19471;5132;1331;1232;576;1993;1901;92
79854V625215;E6 V/KARIHAUGEN;EV6 S17D1 m5998;2023-01-17T00:00+01:00;2023-01-18T00:00+01:00;2023-01-17;Totalt i retning Karihaugen;22419;100,0;24;24;0;2;99,99;17890;4527;1056;1111;588;1772;1689;83
79854V625215;E6 V/KARIHAUGEN;EV6 S17D1 m5998;2023-01-17T00:00+01:00;2023-01-18T00:00+01:00;2023-01-17;Totalt;47023;100,0;24;24;0;3;99,99;37361;9659;2387;2343;1164;3765;3590;175
79854V625215;E6 V/KARIHAUGEN;EV6 S17D1 m5998;2023-01-18T00:00+01:00;2023-01-19T00:00+01:00;2023-01-18;1;11066;100,0;24;24;0;0;100,00;10204;862;522;152;77;111;105;6
79854V625215;E6 V/KARIHAUGEN;EV6 S17D1 m5998;2023-01-18T00:00+01:00;2023-01-19T00:00+01:00;2023-01-18;2;8932;100,0;24;24;0;1;99,99;8337;594;360;100;50;84;79;5
79854V625215;E6 V/KARIHAUGEN;EV6 S17D1 m5998;2023-01-18T00:00+01:00;2023-01-19T00:00+01:00;2023-01-18;3;14187;100,0;24;24;0;3;99,98;9927;4257;774;1102;460;1921;1846;75
79854V625215;E6 V/KARIHAUGEN;EV6 S17D1 m5998;2023-01-18T00:00+01:00;2023-01-19T00:00+01:00;2023-01-18;4;14925;100,0;24;24;0;0;100,00;10818;4107;751;1064;521;1771;1692;79
79854V625215;E6 V/KARIHAUGEN;EV6 S17D1 m5998;2023-01-18T00:00+01:00;2023-01-19T00:00+01:00;2023-01-18;5;21;100,0;24;24;0;0;100,00;15;6;1;3;1;1;1;0
79854V625215;E6 V/KARIHAUGEN;EV6 S17D1 m5998;2023-01-18T00:00+01:00;2023-01-19T00:00+01:00;2023-01-18;6;31;100,0;24;24;0;0;100,00;22;9;1;3;5;0;0;0
79854V625215;E6 V/KARIHAUGEN;EV6 S17D1 m5998;2023-01-18T00:00+01:00;2023-01-19T00:00+01:00;2023-01-18;Totalt i retning Akershus grense;25276;100,0;24;24;0;4;99,98;20146;5126;1297;1258;538;2033;1952;81
79854V625215;E6 V/KARIHAUGEN;EV6 S17D1 m5998;2023-01-18T00:00+01:00;2023-01-19T00:00+01:00;2023-01-18;Totalt i retning Karihaugen;23886;100,0;24;24;0;0;100,00;19177;4709;1112;1166;576;1855;1771;84
79854V625215;E6 V/KARIHAUGEN;EV6 S17D1 m5998;2023-01-18T00:00+01:00;2023-01-19T00:00+01:00;2023-01-18;Totalt;49162;100,0;24;24;0;4;99,99;39323;9835;2409;2424;1114;3888;3723;165
79854V625215;E6 V/KARIHAUGEN;EV6 S17D1 m5998;2023-01-19T00:00+01:00;2023-01-20T00:00+01:00;2023-01-19;1;12725;100,0;24;24;0;31;99,76;11736;958;571;187;59;141;139;2
79854V625215;E6 V/KARIHAUGEN;EV6 S17D1 m5998;2023-01-19T00:00+01:00;2023-01-20T00:00+01:00;2023-01-19;2;8972;100,0;24;24;0;0;100,00;8407;565;340;80;44;101;99;2
79854V625215;E6 V/KARIHAUGEN;EV6 S17D1 m5998;2023-01-19T00:00+01:00;2023-01-20T00:00+01:00;2023-01-19;3;14374;100,0;24;24;0;187;98,70;10030;4157;785;1116;436;1820;1724;96
79854V625215;E6 V/KARIHAUGEN;EV6 S17D1 m5998;2023-01-19T00:00+01:00;2023-01-20T00:00+01:00;2023-01-19;4;15527;100,0;24;24;0;2;99,99;11406;4119;756;1105;524;1734;1641;93
79854V625215;E6 V/KARIHAUGEN;EV6 S17D1 m5998;2023-01-19T00:00+01:00;2023-01-20T00:00+01:00;2023-01-19;5;533;100,0;24;24;0;0;100,00;451;82;21;5;56;0;0;0
79854V625215;E6 V/KARIHAUGEN;EV6 S17D1 m5998;2023-01-19T00:00+01:00;2023-01-20T00:00+01:00;2023-01-19;6;26;100,0;24;24;0;0;100,00;16;10;0;3;7;0;0;0
79854V625215;E6 V/KARIHAUGEN;EV6 S17D1 m5998;2023-01-19T00:00+01:00;2023-01-20T00:00+01:00;2023-01-19;Totalt i retning Akershus grense;27632;100,0;24;24;0;218;99,21;22217;5197;1377;1308;551;1961;1863;98
79854V625215;E6 V/KARIHAUGEN;EV6 S17D1 m5998;2023-01-19T00:00+01:00;2023-01-20T00:00+01:00;2023-01-19;Totalt i retning Karihaugen;24525;100,0;24;24;0;2;99,99;19829;4694;1096;1188;575;1835;1740;95
79854V625215;E6 V/KARIHAUGEN;EV6 S17D1 m5998;2023-01-19T00:00+01:00;2023-01-20T00:00+01:00;2023-01-19;Totalt;52157;100,0;24;24;0;220;99,58;42046;9891;2473;2496;1126;3796;3603;193
79854V625215;E6 V/KARIHAUGEN;EV6 S17D1 m5998;2023-01-20T00:00+01:00;2023-01-21T00:00+01:00;2023-01-20;1;11318;100,0;24;24;0;513;95,47;10027;778;449;167;65;97;94;3
79854V625215;E6 V/KARIHAUGEN;EV6 S17D1 m5998;2023-01-20T00:00+01:00;2023-01-21T00:00+01:00;2023-01-20;2;8177;100,0;24;24;0;1;99,99;7692;484;310;69;35;70;65;5
79854V625215;E6 V/KARIHAUGEN;EV6 S17D1 m5998;2023-01-20T00:00+01:00;2023-01-21T00:00+01:00;2023-01-20;3;12168;100,0;24;24;0;567;95,34;8536;3065;583;862;293;1327;1272;55
79854V625215;E6 V/KARIHAUGEN;EV6 S17D1 m5998;2023-01-20T00:00+01:00;2023-01-21T00:00+01:00;2023-01-20;4;14905;100,0;24;24;0;0;100,00;11287;3618;733;1002;401;1482;1418;64
79854V625215;E6 V/KARIHAUGEN;EV6 S17D1 m5998;2023-01-20T00:00+01:00;2023-01-21T00:00+01:00;2023-01-20;5;1594;100,0;24;24;0;16;99,00;1407;171;44;26;97;4;4;0
79854V625215;E6 V/KARIHAUGEN;EV6 S17D1 m5998;2023-01-20T00:00+01:00;2023-01-21T00:00+01:00;2023-01-20;6;25;100,0;24;24;0;0;100,00;21;4;0;0;4;0;0;0
79854V625215;E6 V/KARIHAUGEN;EV6 S17D1 m5998;2023-01-20T00:00+01:00;2023-01-21T00:00+01:00;2023-01-20;Totalt i retning Akershus grense;25073;100,0;24;24;0;1089;95,66;19970;4014;1076;1055;455;1428;1370;58
79854V625215;E6 V/KARIHAUGEN;EV6 S17D1 m5998;2023-01-20T00:00+01:00;2023-01-21T00:00+01:00;2023-01-20;Totalt i retning Karihaugen;23114;100,0;24;24;0;8;99,97;19000;4106;1043;1071;440;1552;1483;69
79854V625215;E6 V/KARIHAUGEN;EV6 S17D1 m5998;2023-01-20T00:00+01:00;2023-01-21T00:00+01:00;2023-01-20;Totalt;48187;100,0;24;24;0;1097;97,72;38970;8120;2119;2126;895;2980;2853;127
79854V625215;E6 V/KARIHAUGEN;EV6 S17D1 m5998;2023-01-21T00:00+01:00;2023-01-22T00:00+01:00;2023-01-21;1;5633;100,0;24;24;0;0;100,00;5431;202;130;38;24;10;10;0
79854V625215;E6 V/KARIHAUGEN;EV6 S17D1 m5998;2023-01-21T00:00+01:00;2023-01-22T00:00+01:00;2023-01-21;2;4186;100,0;24;24;0;0;100,00;4083;103;62;16;19;6;6;0
79854V625215;E6 V/KARIHAUGEN;EV6 S17D1 m5998;2023-01-21T00:00+01:00;2023-01-22T00:00+01:00;2023-01-21;3;11998;100,0;24;24;0;0;100,00;10943;1055;320;271;158;306;298;8
79854V625215;E6 V/KARIHAUGEN;EV6 S17D1 m5998;2023-01-21T00:00+01:00;2023-01-22T00:00+01:00;2023-01-21;4;12393;100,0;24;24;0;2;99,98;11168;1223;308;293;186;436;420;16
79854V625215;E6 V/KARIHAUGEN;EV6 S17D1 m5998;2023-01-21T00:00+01:00;2023-01-22T00:00+01:00;2023-01-21;5;2;100,0;24;24;0;0;100,00;1;1;0;1;0;0;0;0
79854V625215;E6 V/KARIHAUGEN;EV6 S17D1 m5998;2023-01-21T00:00+01:00;2023-01-22T00:00+01:00;2023-01-21;6;15;100,0;24;24;0;0;100,00;14;1;0;0;1;0;0;0
79854V625215;E6 V/KARIHAUGEN;EV6 S17D1 m5998;2023-01-21T00:00+01:00;2023-01-22T00:00+01:00;2023-01-21;Totalt i retning Akershus grense;17633;100,0;24;24;0;0;100,00;16375;1258;450;310;182;316;308;8
79854V625215;E6 V/KARIHAUGEN;EV6 S17D1 m5998;2023-01-21T00:00+01:00;2023-01-22T00:00+01:00;2023-01-21;Totalt i retning Karihaugen;16594;100,0;24;24;0;2;99,99;15265;1327;370;309;206;442;426;16
79854V625215;E6 V/KARIHAUGEN;EV6 S17D1 m5998;2023-01-21T00:00+01:00;2023-01-22T00:00+01:00;2023-01-21;Totalt;34227;100,0;24;24;0;2;99,99;31640;2585;820;619;388;758;734;24
79854V625215;E6 V/KARIHAUGEN;EV6 S17D1 m5998;2023-01-22T00:00+01:00;2023-01-23T00:00+01:00;2023-01-22;1;5667;99,9;24;24;0;0;100,00;5496;171;95;29;22;25;24;1
79854V625215;E6 V/KARIHAUGEN;EV6 S17D1 m5998;2023-01-22T00:00+01:00;2023-01-23T00:00+01:00;2023-01-22;2;9335;99,9;24;24;0;1;99,99;9185;149;81;28;18;22;22;0
79854V625215;E6 V/KARIHAUGEN;EV6 S17D1 m5998;2023-01-22T00:00+01:00;2023-01-23T00:00+01:00;2023-01-22;3;12014;99,9;24;24;0;0;100,00;10815;1199;274;234;175;516;495;21
79854V625215;E6 V/KARIHAUGEN;EV6 S17D1 m5998;2023-01-22T00:00+01:00;2023-01-23T00:00+01:00;2023-01-22;4;15125;99,9;24;24;0;0;100,00;14037;1088;224;252;168;444;420;24
79854V625215;E6 V/KARIHAUGEN;EV6 S17D1 m5998;2023-01-22T00:00+01:00;2023-01-23T00:00+01:00;2023-01-22;5;4;99,9;24;24;0;0;100,00;3;1;0;1;0;0;0;0
79854V625215;E6 V/KARIHAUGEN;EV6 S17D1 m5998;2023-01-22T00:00+01:00;2023-01-23T00:00+01:00;2023-01-22;6;49;99,9;24;24;0;0;100,00;48;1;1;0;0;0;0;0
79854V625215;E6 V/KARIHAUGEN;EV6 S17D1 m5998;2023-01-22T00:00+01:00;2023-01-23T00:00+01:00;2023-01-22;Totalt i retning Akershus grense;17685;99,9;24;24;0;0;100,00;16314;1371;369;264;197;541;519;22
79854V625215;E6 V/KARIHAUGEN;EV6 S17D1 m5998;2023-01-22T00:00+01:00;2023-01-23T00:00+01:00;2023-01-22;Totalt i retning Karihaugen;24509;99,9;24;24;0;1;100,00;23270;1238;306;280;186;466;442;24
79854V625215;E6 V/KARIHAUGEN;EV6 S17D1 m5998;2023-01-22T00:00+01:00;2023-01-23T00:00+01:00;2023-01-22;Totalt;42194;99,9;24;24;0;1;100,00;39584;2609;675;544;383;1007;961;46
79854V625215;E6 V/KARIHAUGEN;EV6 S17D1 m5998;2023-01-23T00:00+01:00;2023-01-24T00:00+01:00;2023-01-23;1;10818;100,0;24;24;0;1;99,99;9967;850;514;152;46;138;133;5
79854V625215;E6 V/KARIHAUGEN;EV6 S17D1 m5998;2023-01-23T00:00+01:00;2023-01-24T00:00+01:00;2023-01-23;2;8791;100,0;24;24;0;0;100,00;8296;495;317;75;38;65;63;2
79854V625215;E6 V/KARIHAUGEN;EV6 S17D1 m5998;2023-01-23T00:00+01:00;2023-01-24T00:00+01:00;2023-01-23;3;13975;100,0;24;24;0;2;99,99;9862;4111;834;1091;402;1784;1699;85
79854V625215;E6 V/KARIHAUGEN;EV6 S17D1 m5998;2023-01-23T00:00+01:00;2023-01-24T00:00+01:00;2023-01-23;4;15554;100,0;24;24;0;1;99,99;11622;3931;857;1082;423;1569;1503;66
79854V625215;E6 V/KARIHAUGEN;EV6 S17D1 m5998;2023-01-23T00:00+01:00;2023-01-24T00:00+01:00;2023-01-23;5;14;100,0;24;24;0;3;78,57;9;2;0;2;0;0;0;0
79854V625215;E6 V/KARIHAUGEN;EV6 S17D1 m5998;2023-01-23T00:00+01:00;2023-01-24T00:00+01:00;2023-01-23;6;40;100,0;24;24;0;0;100,00;34;6;1;1;3;1;1;0
79854V625215;E6 V/KARIHAUGEN;EV6 S17D1 m5998;2023-01-23T00:00+01:00;2023-01-24T00:00+01:00;2023-01-23;Totalt i retning Akershus grense;24801;100,0;24;24;0;5;99,98;19837;4959;1345;1244;448;1922;1832;90
79854V625215;E6 V/KARIHAUGEN;EV6 S17D1 m5998;2023-01-23T00:00+01:00;2023-01-24T00:00+01:00;2023-01-23;Totalt i retning Karihaugen;24391;100,0;24;24;0;2;99,99;19953;4436;1178;1159;464;1635;1567;68
79854V625215;E6 V/KARIHAUGEN;EV6 S17D1 m5998;2023-01-23T00:00+01:00;2023-01-24T00:00+01:00;2023-01-23;Totalt;49192;100,0;24;24;0;7;99,99;39790;9395;2523;2403;912;3557;3399;158
79854V625215;E6 V/KARIHAUGEN;EV6 S17D1 m5998;2023-01-24T00:00+01:00;2023-01-25T00:00+01:00;2023-01-24;1;10979;100,0;24;24;0;0;100,00;10151;828;507;134;61;126;119;7
79854V625215;E6 V/KARIHAUGEN;EV6 S17D1 m5998;2023-01-24T00:00+01:00;2023-01-25T00:00+01:00;2023-01-24;2;9086;100,0;24;24;0;0;100,00;8501;585;352;97;44;92;84;8
79854V625215;E6 V/KARIHAUGEN;EV6 S17D1 m5998;2023-01-24T00:00+01:00;2023-01-25T00:00+01:00;2023-01-24;3;13920;100,0;24;24;0;1;99,99;9606;4313;802;1098;432;1981;1896;85
79854V625215;E6 V/KARIHAUGEN;EV6 S17D1 m5998;2023-01-24T00:00+01:00;2023-01-25T00:00+01:00;2023-01-24;4;14808;100,0;24;24;0;1;99,99;10712;4095;734;1097;462;1802;1727;75
79854V625215;E6 V/KARIHAUGEN;EV6 S17D1 m5998;2023-01-24T00:00+01:00;2023-01-25T00:00+01:00;2023-01-24;5;20;100,0;24;24;0;0;100,00;19;1;1;0;0;0;0;0
79854V625215;E6 V/KARIHAUGEN;EV6 S17D1 m5998;2023-01-24T00:00+01:00;2023-01-25T00:00+01:00;2023-01-24;6;63;100,0;24;24;0;5;92,06;49;9;4;0;5;0;0;0
79854V625215;E6 V/KARIHAUGEN;EV6 S17D1 m5998;2023-01-24T00:00+01:00;2023-01-25T00:00+01:00;2023-01-24;Totalt i retning Akershus grense;24923;100,0;24;24;0;2;99,99;19777;5144;1313;1232;493;2106;2014;92
79854V625215;E6 V/KARIHAUGEN;EV6 S17D1 m5998;2023-01-24T00:00+01:00;2023-01-25T00:00+01:00;2023-01-24;Totalt i retning Karihaugen;23953;100,0;24;24;0;5;99,98;19261;4687;1087;1194;511;1895;1812;83
79854V625215;E6 V/KARIHAUGEN;EV6 S17D1 m5998;2023-01-24T00:00+01:00;2023-01-25T00:00+01:00;2023-01-24;Totalt;48876;100,0;24;24;0;7;99,99;39038;9831;2400;2426;1004;4001;3826;175
79854V625215;E6 V/KARIHAUGEN;EV6 S17D1 m5998;2023-01-25T00:00+01:00;2023-01-26T00:00+01:00;2023-01-25;1;11795;100,0;24;24;0;1;99,99;10944;850;526;142;53;129;122;7
79854V625215;E6 V/KARIHAUGEN;EV6 S17D1 m5998;2023-01-25T00:00+01:00;2023-01-26T00:00+01:00;2023-01-25;2;9318;100,0;24;24;0;0;100,00;8758;560;332;88;50;90;87;3
79854V625215;E6 V/KARIHAUGEN;EV6 S17D1 m5998;2023-01-25T00:00+01:00;2023-01-26T00:00+01:00;2023-01-25;3;14201;100,0;24;24;0;0;100,00;9996;4205;777;1147;399;1882;1810;72
79854V625215;E6 V/KARIHAUGEN;EV6 S17D1 m5998;2023-01-25T00:00+01:00;2023-01-26T00:00+01:00;2023-01-25;4;15183;100,0;24;24;0;0;100,00;11056;4127;780;1118;433;1796;1715;81
79854V625215;E6 V/KARIHAUGEN;EV6 S17D1 m5998;2023-01-25T00:00+01:00;2023-01-26T00:00+01:00;2023-01-25;5;14;100,0;24;24;0;0;100,00;11;3;1;1;0;1;1;0
79854V625215;E6 V/KARIHAUGEN;EV6 S17D1 m5998;2023-01-25T00:00+01:00;2023-01-26T00:00+01:00;2023-01-25;6;44;100,0;24;24;0;0;100,00;39;5;1;0;4;0;0;0
79854V625215;E6 V/KARIHAUGEN;EV6 S17D1 m5998;2023-01-25T00:00+01:00;2023-01-26T00:00+01:00;2023-01-25;Totalt i retning Akershus grense;26010;100,0;24;24;0;1;100,00;20951;5058;1304;1290;452;2012;1933;79
79854V625215;E6 V/KARIHAUGEN;EV6 S17D1 m5998;2023-01-25T00:00+01:00;2023-01-26T00:00+01:00;2023-01-25;Totalt i retning Karihaugen;24545;100,0;24;24;0;0;100,00;19853;4692;1113;1206;487;1886;1802;84
79854V625215;E6 V/KARIHAUGEN;EV6 S17D1 m5998;2023-01-25T00:00+01:00;2023-01-26T00:00+01:00;2023-01-25;Totalt;50555;100,0;24;24;0;1;100,00;40804;9750;2417;2496;939;3898;3735;163
79854V625215;E6 V/KARIHAUGEN;EV6 S17D1 m5998;2023-01-26T00:00+01:00;2023-01-27T00:00+01:00;2023-01-26;1;13116;100,0;24;24;0;38;99,71;12156;922;523;167;70;162;153;9
79854V625215;E6 V/KARIHAUGEN;EV6 S17D1 m5998;2023-01-26T00:00+01:00;2023-01-27T00:00+01:00;2023-01-26;2;9810;100,0;24;24;0;1;99,99;9241;568;343;77;50;98;95;3
79854V625215;E6 V/KARIHAUGEN;EV6 S17D1 m5998;2023-01-26T00:00+01:00;2023-01-27T00:00+01:00;2023-01-26;3;14366;100,0;24;24;0;89;99,38;10124;4153;750;1118;434;1851;1774;77
79854V625215;E6 V/KARIHAUGEN;EV6 S17D1 m5998;2023-01-26T00:00+01:00;2023-01-27T00:00+01:00;2023-01-26;4;15393;100,0;24;24;0;0;100,00;11147;4246;762;1116;465;1903;1821;82
79854V625215;E6 V/KARIHAUGEN;EV6 S17D1 m5998;2023-01-26T00:00+01:00;2023-01-27T00:00+01:00;2023-01-26;5;331;100,0;24;24;0;0;100,00;278;53;10;7;36;0;0;0
79854V625215;E6 V/KARIHAUGEN;EV6 S17D1 m5998;2023-01-26T00:00+01:00;2023-01-27T00:00+01:00;2023-01-26;6;55;100,0;24;24;0;1;98,18;48;6;0;1;5;0;0;0
79854V625215;E6 V/KARIHAUGEN;EV6 S17D1 m5998;2023-01-26T00:00+01:00;2023-01-27T00:00+01:00;2023-01-26;Totalt i retning Akershus grense;27813;100,0;24;24;0;127;99,54;22558;5128;1283;1292;540;2013;1927;86
79854V625215;E6 V/KARIHAUGEN;EV6 S17D1 m5998;2023-01-26T00:00+01:00;2023-01-27T00:00+01:00;2023-01-26;Totalt i retning Karihaugen;25258;100,0;24;24;0;2;99,99;20436;4820;1105;1194;520;2001;1916;85
79854V625215;E6 V/KARIHAUGEN;EV6 S17D1 m5998;2023-01-26T00:00+01:00;2023-01-27T00:00+01:00;2023-01-26;Totalt;53071;100,0;24;24;0;129;99,76;42994;9948;2388;2486;1060;4014;3843;171
79854V625215;E6 V/KARIHAUGEN;EV6 S17D1 m5998;2023-01-27T00:00+01:00;2023-01-28T00:00+01:00;2023-01-27;1;12723;100,0;24;24;0;210;98,35;11727;786;432;182;59;113;105;8
79854V625215;E6 V/KARIHAUGEN;EV6 S17D1 m5998;2023-01-27T00:00+01:00;2023-01-28T00:00+01:00;2023-01-27;2;8561;100,0;24;24;0;1;99,99;8092;468;295;84;34;55;52;3
79854V625215;E6 V/KARIHAUGEN;EV6 S17D1 m5998;2023-01-27T00:00+01:00;2023-01-28T00:00+01:00;2023-01-27;3;13518;100,0;24;24;0;329;97,57;9927;3262;619;918;327;1398;1336;62
79854V625215;E6 V/KARIHAUGEN;EV6 S17D1 m5998;2023-01-27T00:00+01:00;2023-01-28T00:00+01:00;2023-01-27;4;15366;100,0;24;24;0;0;100,00;11810;3556;688;1009;414;1445;1380;65
79854V625215;E6 V/KARIHAUGEN;EV6 S17D1 m5998;2023-01-27T00:00+01:00;2023-01-28T00:00+01:00;2023-01-27;5;1015;100,0;24;24;0;3;99,70;900;112;18;13;80;1;1;0
79854V625215;E6 V/KARIHAUGEN;EV6 S17D1 m5998;2023-01-27T00:00+01:00;2023-01-28T00:00+01:00;2023-01-27;6;43;100,0;24;24;0;0;100,00;34;9;0;2;7;0;0;0
79854V625215;E6 V/KARIHAUGEN;EV6 S17D1 m5998;2023-01-27T00:00+01:00;2023-01-28T00:00+01:00;2023-01-27;Totalt i retning Akershus grense;27254;100,0;24;24;0;540;98,02;22554;4160;1069;1113;466;1512;1442;70
79854V625215;E6 V/KARIHAUGEN;EV6 S17D1 m5998;2023-01-27T00:00+01:00;2023-01-28T00:00+01:00;2023-01-27;Totalt i retning Karihaugen;23972;100,0;24;24;0;3;99,99;19936;4033;983;1095;455;1500;1432;68
79854V625215;E6 V/KARIHAUGEN;EV6 S17D1 m5998;2023-01-27T00:00+01:00;2023-01-28T00:00+01:00;2023-01-27;Totalt;51226;100,0;24;24;0;543;98,94;42490;8193;2052;2208;921;3012;2874;138
79854V625215;E6 V/KARIHAUGEN;EV6 S17D1 m5998;2023-01-28T00:00+01:00;2023-01-29T00:00+01:00;2023-01-28;1;5961;100,0;24;24;0;0;100,00;5774;187;122;27;24;14;14;0
79854V625215;E6 V/KARIHAUGEN;EV6 S17D1 m5998;2023-01-28T00:00+01:00;2023-01-29T00:00+01:00;2023-01-28;2;4467;100,0;24;24;0;0;100,00;4361;106;70;14;19;3;3;0
79854V625215;E6 V/KARIHAUGEN;EV6 S17D1 m5998;2023-01-28T00:00+01:00;2023-01-29T00:00+01:00;2023-01-28;3;12286;100,0;24;24;0;0;100,00;11132;1154;331;332;164;327;312;15
79854V625215;E6 V/KARIHAUGEN;EV6 S17D1 m5998;2023-01-28T00:00+01:00;2023-01-29T00:00+01:00;2023-01-28;4;12722;100,0;24;24;0;0;100,00;11494;1228;300;338;183;407;390;17
79854V625215;E6 V/KARIHAUGEN;EV6 S17D1 m5998;2023-01-28T00:00+01:00;2023-01-29T00:00+01:00;2023-01-28;5;3;100,0;24;24;0;0;100,00;2;1;0;1;0;0;0;0
79854V625215;E6 V/KARIHAUGEN;EV6 S17D1 m5998;2023-01-28T00:00+01:00;2023-01-29T00:00+01:00;2023-01-28;6;15;100,0;24;24;0;0;100,00;13;2;1;0;1;0;0;0
79854V625215;E6 V/KARIHAUGEN;EV6 S17D1 m5998;2023-01-28T00:00+01:00;2023-01-29T00:00+01:00;2023-01-28;Totalt i retning Akershus grense;18250;100,0;24;24;0;0;100,00;16908;1342;453;360;188;341;326;15
79854V625215;E6 V/KARIHAUGEN;EV6 S17D1 m5998;2023-01-28T00:00+01:00;2023-01-29T00:00+01:00;2023-01-28;Totalt i retning Karihaugen;17204;100,0;24;24;0;0;100,00;15868;1336;371;352;203;410;393;17
79854V625215;E6 V/KARIHAUGEN;EV6 S17D1 m5998;2023-01-28T00:00+01:00;2023-01-29T00:00+01:00;2023-01-28;Totalt;35454;100,0;24;24;0;0;100,00;32776;2678;824;712;391;751;719;32
79854V625215;E6 V/KARIHAUGEN;EV6 S17D1 m5998;2023-01-29T00:00+01:00;2023-01-30T00:00+01:00;2023-01-29;1;6651;100,0;24;24;0;0;100,00;6498;153;94;19;29;11;11;0
79854V625215;E6 V/KARIHAUGEN;EV6 S17D1 m5998;2023-01-29T00:00+01:00;2023-01-30T00:00+01:00;2023-01-29;2;10353;100,0;24;24;0;0;100,00;10188;165;98;30;25;12;12;0
79854V625215;E6 V/KARIHAUGEN;EV6 S17D1 m5998;2023-01-29T00:00+01:00;2023-01-30T00:00+01:00;2023-01-29;3;12560;100,0;24;24;0;0;100,00;11316;1244;294;271;178;501;482;19
79854V625215;E6 V/KARIHAUGEN;EV6 S17D1 m5998;2023-01-29T00:00+01:00;2023-01-30T00:00+01:00;2023-01-29;4;15513;100,0;24;24;0;0;100,00;14340;1173;273;295;185;420;404;16
79854V625215;E6 V/KARIHAUGEN;EV6 S17D1 m5998;2023-01-29T00:00+01:00;2023-01-30T00:00+01:00;2023-01-29;5;7;100,0;24;24;0;0;100,00;6;1;0;1;0;0;0;0
79854V625215;E6 V/KARIHAUGEN;EV6 S17D1 m5998;2023-01-29T00:00+01:00;2023-01-30T00:00+01:00;2023-01-29;6;92;100,0;24;24;0;0;100,00;88;4;2;1;1;0;0;0
79854V625215;E6 V/KARIHAUGEN;EV6 S17D1 m5998;2023-01-29T00:00+01:00;2023-01-30T00:00+01:00;2023-01-29;Totalt i retning Akershus grense;19218;100,0;24;24;0;0;100,00;17820;1398;388;291;207;512;493;19
79854V625215;E6 V/KARIHAUGEN;EV6 S17D1 m5998;2023-01-29T00:00+01:00;2023-01-30T00:00+01:00;2023-01-29;Totalt i retning Karihaugen;25958;100,0;24;24;0;0;100,00;24616;1342;373;326;211;432;416;16
79854V625215;E6 V/KARIHAUGEN;EV6 S17D1 m5998;2023-01-29T00:00+01:00;2023-01-30T00:00+01:00;2023-01-29;Totalt;45176;100,0;24;24;0;0;100,00;42436;2740;761;617;418;944;909;35
79854V625215;E6 V/KARIHAUGEN;EV6 S17D1 m5998;2023-01-30T00:00+01:00;2023-01-31T00:00+01:00;2023-01-30;1;10955;100,0;24;24;0;3;99,97;10168;784;498;131;38;117;116;1
79854V625215;E6 V/KARIHAUGEN;EV6 S17D1 m5998;2023-01-30T00:00+01:00;2023-01-31T00:00+01:00;2023-01-30;2;8954;100,0;24;24;0;0;100,00;8475;479;331;59;40;49;49;0
79854V625215;E6 V/KARIHAUGEN;EV6 S17D1 m5998;2023-01-30T00:00+01:00;2023-01-31T00:00+01:00;2023-01-30;3;14270;100,0;24;24;0;1;99,99;10029;4240;829;1158;398;1855;1769;86
79854V625215;E6 V/KARIHAUGEN;EV6 S17D1 m5998;2023-01-30T00:00+01:00;2023-01-31T00:00+01:00;2023-01-30;4;15558;100,0;24;24;0;0;100,00;11565;3993;791;1147;421;1634;1556;78
79854V625215;E6 V/KARIHAUGEN;EV6 S17D1 m5998;2023-01-30T00:00+01:00;2023-01-31T00:00+01:00;2023-01-30;5;16;100,0;24;24;0;0;100,00;15;1;0;0;1;0;0;0
79854V625215;E6 V/KARIHAUGEN;EV6 S17D1 m5998;2023-01-30T00:00+01:00;2023-01-31T00:00+01:00;2023-01-30;6;50;100,0;24;24;0;0;100,00;43;7;2;0;5;0;0;0
79854V625215;E6 V/KARIHAUGEN;EV6 S17D1 m5998;2023-01-30T00:00+01:00;2023-01-31T00:00+01:00;2023-01-30;Totalt i retning Akershus grense;25240;100,0;24;24;0;3;99,99;20212;5025;1327;1289;437;1972;1885;87
79854V625215;E6 V/KARIHAUGEN;EV6 S17D1 m5998;2023-01-30T00:00+01:00;2023-01-31T00:00+01:00;2023-01-30;Totalt i retning Karihaugen;24563;100,0;24;24;0;1;100,00;20083;4479;1124;1206;466;1683;1605;78
79854V625215;E6 V/KARIHAUGEN;EV6 S17D1 m5998;2023-01-30T00:00+01:00;2023-01-31T00:00+01:00;2023-01-30;Totalt;49803;100,0;24;24;0;4;99,99;40295;9504;2451;2495;903;3655;3490;165
79854V625215;E6 V/KARIHAUGEN;EV6 S17D1 m5998;2023-01-31T00:00+01:00;2023-02-01T00:00+01:00;2023-01-31;1;10803;100,0;24;24;0;1;99,99;9988;814;486;144;62;122;115;7
79854V625215;E6 V/KARIHAUGEN;EV6 S17D1 m5998;2023-01-31T00:00+01:00;2023-02-01T00:00+01:00;2023-01-31;2;8813;100,0;24;24;0;0;100,00;8315;498;313;76;35;74;72;2
79854V625215;E6 V/KARIHAUGEN;EV6 S17D1 m5998;2023-01-31T00:00+01:00;2023-02-01T00:00+01:00;2023-01-31;3;14008;100,0;24;24;0;27;99,81;9770;4211;806;1146;387;1872;1785;87
79854V625215;E6 V/KARIHAUGEN;EV6 S17D1 m5998;2023-01-31T00:00+01:00;2023-02-01T00:00+01:00;2023-01-31;4;15166;100,0;24;24;0;1;99,99;11099;4066;763;1137;419;1747;1670;77
79854V625215;E6 V/KARIHAUGEN;EV6 S17D1 m5998;2023-01-31T00:00+01:00;2023-02-01T00:00+01:00;2023-01-31;5;97;100,0;24;24;0;0;100,00;77;20;4;1;15;0;0;0
79854V625215;E6 V/KARIHAUGEN;EV6 S17D1 m5998;2023-01-31T00:00+01:00;2023-02-01T00:00+01:00;2023-01-31;6;37;100,0;24;24;0;0;100,00;27;10;1;0;9;0;0;0
79854V625215;E6 V/KARIHAUGEN;EV6 S17D1 m5998;2023-01-31T00:00+01:00;2023-02-01T00:00+01:00;2023-01-31;Totalt i retning Akershus grense;24908;100,0;24;24;0;28;99,89;19835;5045;1296;1291;464;1994;1900;94
79854V625215;E6 V/KARIHAUGEN;EV6 S17D1 m5998;2023-01-31T00:00+01:00;2023-02-01T00:00+01:00;2023-01-31;Totalt i retning Karihaugen;24016;100,0;24;24;0;1;100,00;19441;4574;1077;1213;463;1821;1742;79
79854V625215;E6 V/KARIHAUGEN;EV6 S17D1 m5998;2023-01-31T00:00+01:00;2023-02-01T00:00+01:00;2023-01-31;Totalt;48924;100,0;24;24;0;29;99,94;39276;9619;2373;2504;927;3815;3642;173
79854V625215;E6 V/KARIHAUGEN;EV6 S17D1 m5998;2023-02-01T00:00+01:00;2023-02-02T00:00+01:00;2023-02-01;1;11283;100,0;24;24;0;0;100,00;10460;823;514;132;52;125;123;2
79854V625215;E6 V/KARIHAUGEN;EV6 S17D1 m5998;2023-02-01T00:00+01:00;2023-02-02T00:00+01:00;2023-02-01;2;9098;100,0;24;24;0;0;100,00;8579;519;327;81;43;68;68;0
79854V625215;E6 V/KARIHAUGEN;EV6 S17D1 m5998;2023-02-01T00:00+01:00;2023-02-02T00:00+01:00;2023-02-01;3;14519;100,0;24;24;0;2;99,99;10266;4251;843;1149;385;1874;1793;81
79854V625215;E6 V/KARIHAUGEN;EV6 S17D1 m5998;2023-02-01T00:00+01:00;2023-02-02T00:00+01:00;2023-02-01;4;15490;100,0;24;24;0;1;99,99;11319;4170;843;1098;401;1828;1751;77
79854V625215;E6 V/KARIHAUGEN;EV6 S17D1 m5998;2023-02-01T00:00+01:00;2023-02-02T00:00+01:00;2023-02-01;5;14;100,0;24;24;0;0;100,00;12;2;0;1;0;1;1;0
79854V625215;E6 V/KARIHAUGEN;EV6 S17D1 m5998;2023-02-01T00:00+01:00;2023-02-02T00:00+01:00;2023-02-01;6;63;100,0;24;24;0;0;100,00;43;20;2;0;17;1;1;0
79854V625215;E6 V/KARIHAUGEN;EV6 S17D1 m5998;2023-02-01T00:00+01:00;2023-02-02T00:00+01:00;2023-02-01;Totalt i retning Akershus grense;25816;100,0;24;24;0;2;99,99;20738;5076;1357;1282;437;2000;1917;83
79854V625215;E6 V/KARIHAUGEN;EV6 S17D1 m5998;2023-02-01T00:00+01:00;2023-02-02T00:00+01:00;2023-02-01;Totalt i retning Karihaugen;24651;100,0;24;24;0;1;100,00;19941;4709;1172;1179;461;1897;1820;77
79854V625215;E6 V/KARIHAUGEN;EV6 S17D1 m5998;2023-02-01T00:00+01:00;2023-02-02T00:00+01:00;2023-02-01;Totalt;50467;100,0;24;24;0;3;99,99;40679;9785;2529;2461;898;3897;3737;160
79854V625215;E6 V/KARIHAUGEN;EV6 S17D1 m5998;2023-02-02T00:00+01:00;2023-02-03T00:00+01:00;2023-02-02;1;13020;100,0;24;24;0;10;99,92;12148;862;493;139;67;163;153;10
79854V625215;E6 V/KARIHAUGEN;EV6 S17D1 m5998;2023-02-02T00:00+01:00;2023-02-03T00:00+01:00;2023-02-02;2;9535;100,0;24;24;0;0;100,00;9037;498;325;69;37;67;65;2
79854V625215;E6 V/KARIHAUGEN;EV6 S17D1 m5998;2023-02-02T00:00+01:00;2023-02-03T00:00+01:00;2023-02-02;3;14700;100,0;24;24;0;39;99,73;10566;4095;773;1088;426;1808;1729;79
79854V625215;E6 V/KARIHAUGEN;EV6 S17D1 m5998;2023-02-02T00:00+01:00;2023-02-03T00:00+01:00;2023-02-02;4;15843;100,0;24;24;0;0;100,00;11719;4124;788;1082;467;1787;1706;81
79854V625215;E6 V/KARIHAUGEN;EV6 S17D1 m5998;2023-02-02T00:00+01:00;2023-02-03T00:00+01:00;2023-02-02;5;132;100,0;24;24;0;1;99,24;111;20;6;5;9;0;0;0
79854V625215;E6 V/KARIHAUGEN;EV6 S17D1 m5998;2023-02-02T00:00+01:00;2023-02-03T00:00+01:00;2023-02-02;6;39;100,0;24;24;0;0;100,00;32;7;0;1;6;0;0;0
79854V625215;E6 V/KARIHAUGEN;EV6 S17D1 m5998;2023-02-02T00:00+01:00;2023-02-03T00:00+01:00;2023-02-02;Totalt i retning Akershus grense;27851;100,0;24;24;0;49;99,82;22825;4977;1272;1232;502;1971;1882;89
79854V625215;E6 V/KARIHAUGEN;EV6 S17D1 m5998;2023-02-02T00:00+01:00;2023-02-03T00:00+01:00;2023-02-02;Totalt i retning Karihaugen;25418;100,0;24;24;0;1;100,00;20788;4629;1113;1152;510;1854;1771;83
79854V625215;E6 V/KARIHAUGEN;EV6 S17D1 m5998;2023-02-02T00:00+01:00;2023-02-03T00:00+01:00;2023-02-02;Totalt;53269;100,0;24;24;0;50;99,91;43613;9606;2385;2384;1012;3825;3653;172
79854V625215;E6 V/KARIHAUGEN;EV6 S17D1 m5998;2023-02-03T00:00+01:00;2023-02-04T00:00+01:00;2023-02-03;1;12521;100,0;24;24;0;155;98,76;11472;894;491;172;83;148;144;4
79854V625215;E6 V/KARIHAUGEN;EV6 S17D1 m5998;2023-02-03T00:00+01:00;2023-02-04T00:00+01:00;2023-02-03;2;8304;100,0;24;24;0;0;100,00;7834;470;274;89;40;67;65;2
79854V625215;E6 V/KARIHAUGEN;EV6 S17D1 m5998;2023-02-03T00:00+01:00;2023-02-04T00:00+01:00;2023-02-03;3;13507;100,0;24;24;0;262;98,06;10072;3173;676;872;292;1333;1264;69
79854V625215;E6 V/KARIHAUGEN;EV6 S17D1 m5998;2023-02-03T00:00+01:00;2023-02-04T00:00+01:00;2023-02-03;4;15072;100,0;24;24;0;0;100,00;11627;3445;701;907;343;1494;1422;72
79854V625215;E6 V/KARIHAUGEN;EV6 S17D1 m5998;2023-02-03T00:00+01:00;2023-02-04T00:00+01:00;2023-02-03;5;1032;100,0;24;24;0;5;99,52;908;119;25;19;73;2;2;0
79854V625215;E6 V/KARIHAUGEN;EV6 S17D1 m5998;2023-02-03T00:00+01:00;2023-02-04T00:00+01:00;2023-02-03;6;32;100,0;24;24;0;0;100,00;24;8;0;1;7;0;0;0
79854V625215;E6 V/KARIHAUGEN;EV6 S17D1 m5998;2023-02-03T00:00+01:00;2023-02-04T00:00+01:00;2023-02-03;Totalt i retning Akershus grense;27057;100,0;24;24;0;421;98,44;22452;4184;1192;1061;448;1483;1410;73
79854V625215;E6 V/KARIHAUGEN;EV6 S17D1 m5998;2023-02-03T00:00+01:00;2023-02-04T00:00+01:00;2023-02-03;Totalt i retning Karihaugen;23411;100,0;24;24;0;1;100,00;19485;3925;975;999;390;1561;1487;74
79854V625215;E6 V/KARIHAUGEN;EV6 S17D1 m5998;2023-02-03T00:00+01:00;2023-02-04T00:00+01:00;2023-02-03;Totalt;50468;100,0;24;24;0;422;99,16;41937;8109;2167;2060;838;3044;2897;147
79854V625215;E6 V/KARIHAUGEN;EV6 S17D1 m5998;2023-02-04T00:00+01:00;2023-02-05T00:00+01:00;2023-02-04;1;5831;100,0;24;24;0;0;100,00;5655;176;111;30;22;13;13;0
79854V625215;E6 V/KARIHAUGEN;EV6 S17D1 m5998;2023-02-04T00:00+01:00;2023-02-05T00:00+01:00;2023-02-04;2;4539;100,0;24;24;0;0;100,00;4433;106;68;15;11;12;12;0
79854V625215;E6 V/KARIHAUGEN;EV6 S17D1 m5998;2023-02-04T00:00+01:00;2023-02-05T00:00+01:00;2023-02-04;3;12120;100,0;24;24;0;0;100,00;11035;1085;314;284;160;327;318;9
79854V625215;E6 V/KARIHAUGEN;EV6 S17D1 m5998;2023-02-04T00:00+01:00;2023-02-05T00:00+01:00;2023-02-04;4;12807;100,0;24;24;0;0;100,00;11626;1181;276;274;185;446;429;17
79854V625215;E6 V/KARIHAUGEN;EV6 S17D1 m5998;2023-02-04T00:00+01:00;2023-02-05T00:00+01:00;2023-02-04;5;1;100,0;24;24;0;0;100,00;0;1;1;0;0;0;0;0
79854V625215;E6 V/KARIHAUGEN;EV6 S17D1 m5998;2023-02-04T00:00+01:00;2023-02-05T00:00+01:00;2023-02-04;6;6;100,0;24;24;0;0;100,00;3;3;0;0;3;0;0;0
79854V625215;E6 V/KARIHAUGEN;EV6 S17D1 m5998;2023-02-04T00:00+01:00;2023-02-05T00:00+01:00;2023-02-04;Totalt i retning Akershus grense;17952;100,0;24;24;0;0;100,00;16690;1262;426;314;182;340;331;9
79854V625215;E6 V/KARIHAUGEN;EV6 S17D1 m5998;2023-02-04T00:00+01:00;2023-02-05T00:00+01:00;2023-02-04;Totalt i retning Karihaugen;17352;100,0;24;24;0;0;100,00;16062;1290;344;289;199;458;441;17
79854V625215;E6 V/KARIHAUGEN;EV6 S17D1 m5998;2023-02-04T00:00+01:00;2023-02-05T00:00+01:00;2023-02-04;Totalt;35304;100,0;24;24;0;0;100,00;32752;2552;770;603;381;798;772;26
79854V625215;E6 V/KARIHAUGEN;EV6 S17D1 m5998;2023-02-05T00:00+01:00;2023-02-06T00:00+01:00;2023-02-05;1;6308;100,0;24;24;0;1;99,98;6089;218;116;34;44;24;23;1
79854V625215;E6 V/KARIHAUGEN;EV6 S17D1 m5998;2023-02-05T00:00+01:00;2023-02-06T00:00+01:00;2023-02-05;2;9765;100,0;24;24;0;0;100,00;9599;166;90;29;28;19;19;0
79854V625215;E6 V/KARIHAUGEN;EV6 S17D1 m5998;2023-02-05T00:00+01:00;2023-02-06T00:00+01:00;2023-02-05;3;12807;100,0;24;24;0;0;100,00;11651;1156;307;214;197;438;422;16
79854V625215;E6 V/KARIHAUGEN;EV6 S17D1 m5998;2023-02-05T00:00+01:00;2023-02-06T00:00+01:00;2023-02-05;4;15083;100,0;24;24;0;0;100,00;13951;1132;241;278;186;427;405;22
79854V625215;E6 V/KARIHAUGEN;EV6 S17D1 m5998;2023-02-05T00:00+01:00;2023-02-06T00:00+01:00;2023-02-05;5;11;100,0;24;24;0;0;100,00;6;5;1;4;0;0;0;0
79854V625215;E6 V/KARIHAUGEN;EV6 S17D1 m5998;2023-02-05T00:00+01:00;2023-02-06T00:00+01:00;2023-02-05;6;65;100,0;24;24;0;0;100,00;54;11;3;3;5;0;0;0
79854V625215;E6 V/KARIHAUGEN;EV6 S17D1 m5998;2023-02-05T00:00+01:00;2023-02-06T00:00+01:00;2023-02-05;Totalt i retning Akershus grense;19126;100,0;24;24;0;1;99,99;17746;1379;424;252;241;462;445;17
79854V625215;E6 V/KARIHAUGEN;EV6 S17D1 m5998;2023-02-05T00:00+01:00;2023-02-06T00:00+01:00;2023-02-05;Totalt i retning Karihaugen;24913;100,0;24;24;0;0;100,00;23604;1309;334;310;219;446;424;22
79854V625215;E6 V/KARIHAUGEN;EV6 S17D1 m5998;2023-02-05T00:00+01:00;2023-02-06T00:00+01:00;2023-02-05;Totalt;44039;100,0;24;24;0;1;100,00;41350;2688;758;562;460;908;869;39
79854V625215;E6 V/KARIHAUGEN;EV6 S17D1 m5998;2023-02-06T00:00+01:00;2023-02-07T00:00+01:00;2023-02-06;1;10758;100,0;24;24;0;1;99,99;9957;800;501;141;45;113;109;4
79854V625215;E6 V/KARIHAUGEN;EV6 S17D1 m5998;2023-02-06T00:00+01:00;2023-02-07T00:00+01:00;2023-02-06;2;8751;100,0;24;24;0;0;100,00;8254;497;327;76;36;58;55;3
79854V625215;E6 V/KARIHAUGEN;EV6 S17D1 m5998;2023-02-06T00:00+01:00;2023-02-07T00:00+01:00;2023-02-06;3;14062;100,0;24;24;0;0;100,00;9855;4207;807;1124;404;1872;1790;82
79854V625215;E6 V/KARIHAUGEN;EV6 S17D1 m5998;2023-02-06T00:00+01:00;2023-02-07T00:00+01:00;2023-02-06;4;15226;100,0;24;24;0;3;99,98;11234;3989;778;1137;419;1655;1587;68
79854V625215;E6 V/KARIHAUGEN;EV6 S17D1 m5998;2023-02-06T00:00+01:00;2023-02-07T00:00+01:00;2023-02-06;5;25;100,0;24;24;0;0;100,00;22;3;2;0;1;0;0;0
79854V625215;E6 V/KARIHAUGEN;EV6 S17D1 m5998;2023-02-06T00:00+01:00;2023-02-07T00:00+01:00;2023-02-06;6;41;100,0;24;24;0;0;100,00;32;9;4;0;5;0;0;0
79854V625215;E6 V/KARIHAUGEN;EV6 S17D1 m5998;2023-02-06T00:00+01:00;2023-02-07T00:00+01:00;2023-02-06;Totalt i retning Akershus grense;24845;100,0;24;24;0;1;100,00;19834;5010;1310;1265;450;1985;1899;86
79854V625215;E6 V/KARIHAUGEN;EV6 S17D1 m5998;2023-02-06T00:00+01:00;2023-02-07T00:00+01:00;2023-02-06;Totalt i retning Karihaugen;24018;100,0;24;24;0;3;99,99;19520;4495;1109;1213;460;1713;1642;71
79854V625215;E6 V/KARIHAUGEN;EV6 S17D1 m5998;2023-02-06T00:00+01:00;2023-02-07T00:00+01:00;2023-02-06;Totalt;48863;100,0;24;24;0;4;99,99;39354;9505;2419;2478;910;3698;3541;157
79854V625215;E6 V/KARIHAUGEN;EV6 S17D1 m5998;2023-02-07T00:00+01:00;2023-02-08T00:00+01:00;2023-02-07;1;10794;100,0;24;24;0;1;99,99;9966;827;536;138;49;104;101;3
79854V625215;E6 V/KARIHAUGEN;EV6 S17D1 m5998;2023-02-07T00:00+01:00;2023-02-08T00:00+01:00;2023-02-07;2;8748;100,0;24;24;0;0;100,00;8276;472;333;61;23;55;53;2
79854V625215;E6 V/KARIHAUGEN;EV6 S17D1 m5998;2023-02-07T00:00+01:00;2023-02-08T00:00+01:00;2023-02-07;3;14163;100,0;24;24;0;0;100,00;9868;4295;799;1086;443;1967;1860;107
79854V625215;E6 V/KARIHAUGEN;EV6 S17D1 m5998;2023-02-07T00:00+01:00;2023-02-08T00:00+01:00;2023-02-07;4;15067;100,0;24;24;0;0;100,00;10882;4185;778;1113;484;1810;1731;79
79854V625215;E6 V/KARIHAUGEN;EV6 S17D1 m5998;2023-02-07T00:00+01:00;2023-02-08T00:00+01:00;2023-02-07;5;30;100,0;24;24;0;0;100,00;29;1;0;1;0;0;0;0
79854V625215;E6 V/KARIHAUGEN;EV6 S17D1 m5998;2023-02-07T00:00+01:00;2023-02-08T00:00+01:00;2023-02-07;6;57;100,0;24;24;0;0;100,00;47;10;2;1;7;0;0;0
79854V625215;E6 V/KARIHAUGEN;EV6 S17D1 m5998;2023-02-07T00:00+01:00;2023-02-08T00:00+01:00;2023-02-07;Totalt i retning Akershus grense;24986;100,0;24;24;0;1;100,00;19863;5122;1335;1224;492;2071;1961;110
79854V625215;E6 V/KARIHAUGEN;EV6 S17D1 m5998;2023-02-07T00:00+01:00;2023-02-08T00:00+01:00;2023-02-07;Totalt i retning Karihaugen;23873;100,0;24;24;0;0;100,00;19205;4668;1113;1176;514;1865;1784;81
79854V625215;E6 V/KARIHAUGEN;EV6 S17D1 m5998;2023-02-07T00:00+01:00;2023-02-08T00:00+01:00;2023-02-07;Totalt;48859;100,0;24;24;0;1;100,00;39068;9790;2448;2400;1006;3936;3745;191
79854V625215;E6 V/KARIHAUGEN;EV6 S17D1 m5998;2023-02-08T00:00+01:00;2023-02-09T00:00+01:00;2023-02-08;1;11293;100,0;24;24;0;153;98,65;10311;829;519;141;53;116;113;3
79854V625215;E6 V/KARIHAUGEN;EV6 S17D1 m5998;2023-02-08T00:00+01:00;2023-02-09T00:00+01:00;2023-02-08;2;9332;100,0;24;24;0;0;100,00;8765;567;357;90;46;74;74;0
79854V625215;E6 V/KARIHAUGEN;EV6 S17D1 m5998;2023-02-08T00:00+01:00;2023-02-09T00:00+01:00;2023-02-08;3;13887;100,0;24;24;0;107;99,23;9598;4182;779;1046;395;1962;1884;78
79854V625215;E6 V/KARIHAUGEN;EV6 S17D1 m5998;2023-02-08T00:00+01:00;2023-02-09T00:00+01:00;2023-02-08;4;15537;100,0;24;24;0;2;99,99;11297;4238;820;1089;460;1869;1778;91
79854V625215;E6 V/KARIHAUGEN;EV6 S17D1 m5998;2023-02-08T00:00+01:00;2023-02-09T00:00+01:00;2023-02-08;5;205;100,0;24;24;0;0;100,00;160;45;10;5;29;1;1;0
79854V625215;E6 V/KARIHAUGEN;EV6 S17D1 m5998;2023-02-08T00:00+01:00;2023-02-09T00:00+01:00;2023-02-08;6;69;100,0;24;24;0;1;98,55;53;15;3;2;10;0;0;0
79854V625215;E6 V/KARIHAUGEN;EV6 S17D1 m5998;2023-02-08T00:00+01:00;2023-02-09T00:00+01:00;2023-02-08;Totalt i retning Akershus grense;25383;100,0;24;24;0;259;98,98;20068;5056;1308;1192;477;2079;1998;81
79854V625215;E6 V/KARIHAUGEN;EV6 S17D1 m5998;2023-02-08T00:00+01:00;2023-02-09T00:00+01:00;2023-02-08;Totalt i retning Karihaugen;24940;100,0;24;24;0;4;99,98;20116;4820;1180;1181;516;1943;1852;91
79854V625215;E6 V/KARIHAUGEN;EV6 S17D1 m5998;2023-02-08T00:00+01:00;2023-02-09T00:00+01:00;2023-02-08;Totalt;50323;100,0;24;24;0;263;99,48;40184;9876;2488;2373;993;4022;3850;172
79854V625215;E6 V/KARIHAUGEN;EV6 S17D1 m5998;2023-02-09T00:00+01:00;2023-02-10T00:00+01:00;2023-02-09;1;12899;100,0;24;24;0;0;100,00;12109;790;509;123;53;105;103;2
79854V625215;E6 V/KARIHAUGEN;EV6 S17D1 m5998;2023-02-09T00:00+01:00;2023-02-10T00:00+01:00;2023-02-09;2;9471;100,0;24;24;0;1;99,99;8965;505;306;81;40;78;75;3
79854V625215;E6 V/KARIHAUGEN;EV6 S17D1 m5998;2023-02-09T00:00+01:00;2023-02-10T00:00+01:00;2023-02-09;3;15319;100,0;24;24;0;4;99,97;11001;4314;820;1175;414;1905;1799;106
79854V625215;E6 V/KARIHAUGEN;EV6 S17D1 m5998;2023-02-09T00:00+01:00;2023-02-10T00:00+01:00;2023-02-09;4;16000;100,0;24;24;0;0;100,00;11767;4233;798;1141;451;1843;1759;84
79854V625215;E6 V/KARIHAUGEN;EV6 S17D1 m5998;2023-02-09T00:00+01:00;2023-02-10T00:00+01:00;2023-02-09;5;47;100,0;24;24;0;0;100,00;41;6;1;2;3;0;0;0
79854V625215;E6 V/KARIHAUGEN;EV6 S17D1 m5998;2023-02-09T00:00+01:00;2023-02-10T00:00+01:00;2023-02-09;6;60;100,0;24;24;0;0;100,00;51;9;2;2;4;1;1;0
79854V625215;E6 V/KARIHAUGEN;EV6 S17D1 m5998;2023-02-09T00:00+01:00;2023-02-10T00:00+01:00;2023-02-09;Totalt i retning Akershus grense;28265;100,0;24;24;0;4;99,99;23151;5110;1330;1300;470;2010;1902;108
79854V625215;E6 V/KARIHAUGEN;EV6 S17D1 m5998;2023-02-09T00:00+01:00;2023-02-10T00:00+01:00;2023-02-09;Totalt i retning Karihaugen;25531;100,0;24;24;0;1;100,00;20783;4747;1106;1224;495;1922;1835;87
79854V625215;E6 V/KARIHAUGEN;EV6 S17D1 m5998;2023-02-09T00:00+01:00;2023-02-10T00:00+01:00;2023-02-09;Totalt;53796;100,0;24;24;0;5;99,99;43934;9857;2436;2524;965;3932;3737;195
79854V625215;E6 V/KARIHAUGEN;EV6 S17D1 m5998;2023-02-10T00:00+01:00;2023-02-11T00:00+01:00;2023-02-10;1;11560;100,0;24;24;0;367;96,83;10488;705;417;138;56;94;92;2
79854V625215;E6 V/KARIHAUGEN;EV6 S17D1 m5998;2023-02-10T00:00+01:00;2023-02-11T00:00+01:00;2023-02-10;2;8543;100,0;24;24;0;0;100,00;8036;507;298;89;47;73;71;2
79854V625215;E6 V/KARIHAUGEN;EV6 S17D1 m5998;2023-02-10T00:00+01:00;2023-02-11T00:00+01:00;2023-02-10;3;13130;100,0;24;24;0;394;97,00;9615;3121;636;892;262;1331;1270;61
79854V625215;E6 V/KARIHAUGEN;EV6 S17D1 m5998;2023-02-10T00:00+01:00;2023-02-11T00:00+01:00;2023-02-10;4;15353;100,0;24;24;0;0;100,00;11823;3530;780;975;366;1409;1341;68
79854V625215;E6 V/KARIHAUGEN;EV6 S17D1 m5998;2023-02-10T00:00+01:00;2023-02-11T00:00+01:00;2023-02-10;5;1090;100,0;24;24;0;11;98,99;929;150;39;19;88;4;3;1
79854V625215;E6 V/KARIHAUGEN;EV6 S17D1 m5998;2023-02-10T00:00+01:00;2023-02-11T00:00+01:00;2023-02-10;6;28;100,0;24;24;0;0;100,00;22;6;0;1;5;0;0;0
79854V625215;E6 V/KARIHAUGEN;EV6 S17D1 m5998;2023-02-10T00:00+01:00;2023-02-11T00:00+01:00;2023-02-10;Totalt i retning Akershus grense;25776;100,0;24;24;0;768;97,02;21032;3976;1092;1049;406;1429;1365;64
79854V625215;E6 V/KARIHAUGEN;EV6 S17D1 m5998;2023-02-10T00:00+01:00;2023-02-11T00:00+01:00;2023-02-10;Totalt i retning Karihaugen;23928;100,0;24;24;0;4;99,98;19881;4043;1078;1065;418;1482;1412;70
79854V625215;E6 V/KARIHAUGEN;EV6 S17D1 m5998;2023-02-10T00:00+01:00;2023-02-11T00:00+01:00;2023-02-10;Totalt;49704;100,0;24;24;0;772;98,45;40913;8019;2170;2114;824;2911;2777;134
79854V625215;E6 V/KARIHAUGEN;EV6 S17D1 m5998;2023-02-11T00:00+01:00;2023-02-12T00:00+01:00;2023-02-11;1;6630;100,0;24;24;0;0;100,00;6435;195;132;28;24;11;11;0
79854V625215;E6 V/KARIHAUGEN;EV6 S17D1 m5998;2023-02-11T00:00+01:00;2023-02-12T00:00+01:00;2023-02-11;2;4688;100,0;24;24;0;0;100,00;4583;105;70;16;12;7;7;0
79854V625215;E6 V/KARIHAUGEN;EV6 S17D1 m5998;2023-02-11T00:00+01:00;2023-02-12T00:00+01:00;2023-02-11;3;13372;100,0;24;24;0;0;100,00;12213;1159;335;337;168;319;306;13
79854V625215;E6 V/KARIHAUGEN;EV6 S17D1 m5998;2023-02-11T00:00+01:00;2023-02-12T00:00+01:00;2023-02-11;4;12887;100,0;24;24;0;0;100,00;11714;1173;300;308;188;377;359;18
79854V625215;E6 V/KARIHAUGEN;EV6 S17D1 m5998;2023-02-11T00:00+01:00;2023-02-12T00:00+01:00;2023-02-11;5;8;100,0;24;24;0;0;100,00;7;1;0;1;0;0;0;0
79854V625215;E6 V/KARIHAUGEN;EV6 S17D1 m5998;2023-02-11T00:00+01:00;2023-02-12T00:00+01:00;2023-02-11;6;29;100,0;24;24;0;0;100,00;27;2;1;0;1;0;0;0
79854V625215;E6 V/KARIHAUGEN;EV6 S17D1 m5998;2023-02-11T00:00+01:00;2023-02-12T00:00+01:00;2023-02-11;Totalt i retning Akershus grense;20010;100,0;24;24;0;0;100,00;18655;1355;467;366;192;330;317;13
79854V625215;E6 V/KARIHAUGEN;EV6 S17D1 m5998;2023-02-11T00:00+01:00;2023-02-12T00:00+01:00;2023-02-11;Totalt i retning Karihaugen;17604;100,0;24;24;0;0;100,00;16324;1280;371;324;201;384;366;18
79854V625215;E6 V/KARIHAUGEN;EV6 S17D1 m5998;2023-02-11T00:00+01:00;2023-02-12T00:00+01:00;2023-02-11;Totalt;37614;100,0;24;24;0;0;100,00;34979;2635;838;690;393;714;683;31
79854V625215;E6 V/KARIHAUGEN;EV6 S17D1 m5998;2023-02-12T00:00+01:00;2023-02-13T00:00+01:00;2023-02-12;1;7767;100,0;24;24;0;0;100,00;7564;203;118;35;36;14;14;0
79854V625215;E6 V/KARIHAUGEN;EV6 S17D1 m5998;2023-02-12T00:00+01:00;2023-02-13T00:00+01:00;2023-02-12;2;9691;100,0;24;24;0;0;100,00;9546;145;93;23;17;12;11;1
79854V625215;E6 V/KARIHAUGEN;EV6 S17D1 m5998;2023-02-12T00:00+01:00;2023-02-13T00:00+01:00;2023-02-12;3;13886;100,0;24;24;0;0;100,00;12691;1195;291;240;176;488;471;17
79854V625215;E6 V/KARIHAUGEN;EV6 S17D1 m5998;2023-02-12T00:00+01:00;2023-02-13T00:00+01:00;2023-02-12;4;15328;100,0;24;24;0;0;100,00;14213;1115;230;258;181;446;420;26
79854V625215;E6 V/KARIHAUGEN;EV6 S17D1 m5998;2023-02-12T00:00+01:00;2023-02-13T00:00+01:00;2023-02-12;5;5;100,0;24;24;0;0;100,00;4;1;0;1;0;0;0;0
79854V625215;E6 V/KARIHAUGEN;EV6 S17D1 m5998;2023-02-12T00:00+01:00;2023-02-13T00:00+01:00;2023-02-12;6;71;100,0;24;24;0;0;100,00;67;4;0;1;3;0;0;0
79854V625215;E6 V/KARIHAUGEN;EV6 S17D1 m5998;2023-02-12T00:00+01:00;2023-02-13T00:00+01:00;2023-02-12;Totalt i retning Akershus grense;21658;100,0;24;24;0;0;100,00;20259;1399;409;276;212;502;485;17
79854V625215;E6 V/KARIHAUGEN;EV6 S17D1 m5998;2023-02-12T00:00+01:00;2023-02-13T00:00+01:00;2023-02-12;Totalt i retning Karihaugen;25090;100,0;24;24;0;0;100,00;23826;1264;323;282;201;458;431;27
79854V625215;E6 V/KARIHAUGEN;EV6 S17D1 m5998;2023-02-12T00:00+01:00;2023-02-13T00:00+01:00;2023-02-12;Totalt;46748;100,0;24;24;0;0;100,00;44085;2663;732;558;413;960;916;44
79854V625215;E6 V/KARIHAUGEN;EV6 S17D1 m5998;2023-02-13T00:00+01:00;2023-02-14T00:00+01:00;2023-02-13;1;11093;100,0;24;24;0;1;99,99;10306;786;472;145;47;122;118;4
79854V625215;E6 V/KARIHAUGEN;EV6 S17D1 m5998;2023-02-13T00:00+01:00;2023-02-14T00:00+01:00;2023-02-13;2;9003;100,0;24;24;0;0;100,00;8505;498;328;70;38;62;61;1
79854V625215;E6 V/KARIHAUGEN;EV6 S17D1 m5998;2023-02-13T00:00+01:00;2023-02-14T00:00+01:00;2023-02-13;3;14360;100,0;24;24;0;1;99,99;10072;4287;834;1078;481;1894;1803;91
79854V625215;E6 V/KARIHAUGEN;EV6 S17D1 m5998;2023-02-13T00:00+01:00;2023-02-14T00:00+01:00;2023-02-13;4;15585;100,0;24;24;0;1;99,99;11561;4023;812;1085;536;1590;1511;79
79854V625215;E6 V/KARIHAUGEN;EV6 S17D1 m5998;2023-02-13T00:00+01:00;2023-02-14T00:00+01:00;2023-02-13;5;13;100,0;24;24;0;0;100,00;13;0;0;0;0;0;0;0
79854V625215;E6 V/KARIHAUGEN;EV6 S17D1 m5998;2023-02-13T00:00+01:00;2023-02-14T00:00+01:00;2023-02-13;6;38;100,0;24;24;0;0;100,00;31;7;0;0;7;0;0;0
79854V625215;E6 V/KARIHAUGEN;EV6 S17D1 m5998;2023-02-13T00:00+01:00;2023-02-14T00:00+01:00;2023-02-13;Totalt i retning Akershus grense;25466;100,0;24;24;0;2;99,99;20391;5073;1306;1223;528;2016;1921;95
79854V625215;E6 V/KARIHAUGEN;EV6 S17D1 m5998;2023-02-13T00:00+01:00;2023-02-14T00:00+01:00;2023-02-13;Totalt i retning Karihaugen;24626;100,0;24;24;0;1;100,00;20097;4528;1140;1155;581;1652;1572;80
79854V625215;E6 V/KARIHAUGEN;EV6 S17D1 m5998;2023-02-13T00:00+01:00;2023-02-14T00:00+01:00;2023-02-13;Totalt;50092;100,0;24;24;0;3;99,99;40488;9601;2446;2378;1109;3668;3493;175
79854V625215;E6 V/KARIHAUGEN;EV6 S17D1 m5998;2023-02-14T00:00+01:00;2023-02-15T00:00+01:00;2023-02-14;1;11439;100,0;24;24;0;27;99,76;10557;855;508;159;58;130;125;5
79854V625215;E6 V/KARIHAUGEN;EV6 S17D1 m5998;2023-02-14T00:00+01:00;2023-02-15T00:00+01:00;2023-02-14;2;9206;100,0;24;24;0;0;100,00;8681;525;342;68;46;69;68;1
79854V625215;E6 V/KARIHAUGEN;EV6 S17D1 m5998;2023-02-14T00:00+01:00;2023-02-15T00:00+01:00;2023-02-14;3;14261;100,0;24;24;0;50;99,65;9876;4335;792;1106;492;1945;1855;90
79854V625215;E6 V/KARIHAUGEN;EV6 S17D1 m5998;2023-02-14T00:00+01:00;2023-02-15T00:00+01:00;2023-02-14;4;15553;100,0;24;24;0;1;99,99;11295;4257;798;1106;530;1823;1744;79
79854V625215;E6 V/KARIHAUGEN;EV6 S17D1 m5998;2023-02-14T00:00+01:00;2023-02-15T00:00+01:00;2023-02-14;5;62;100,0;24;24;0;0;100,00;47;15;2;2;11;0;0;0
79854V625215;E6 V/KARIHAUGEN;EV6 S17D1 m5998;2023-02-14T00:00+01:00;2023-02-15T00:00+01:00;2023-02-14;6;58;100,0;24;24;0;0;100,00;48;10;0;3;7;0;0;0
79854V625215;E6 V/KARIHAUGEN;EV6 S17D1 m5998;2023-02-14T00:00+01:00;2023-02-15T00:00+01:00;2023-02-14;Totalt i retning Akershus grense;25760;100,0;24;24;0;76;99,70;20480;5204;1302;1266;561;2075;1980;95
79854V625215;E6 V/KARIHAUGEN;EV6 S17D1 m5998;2023-02-14T00:00+01:00;2023-02-15T00:00+01:00;2023-02-14;Totalt i retning Karihaugen;24819;100,0;24;24;0;2;99,99;20024;4793;1140;1178;583;1892;1812;80
79854V625215;E6 V/KARIHAUGEN;EV6 S17D1 m5998;2023-02-14T00:00+01:00;2023-02-15T00:00+01:00;2023-02-14;Totalt;50579;100,0;24;24;0;78;99,85;40504;9997;2442;2444;1144;3967;3792;175
79854V625215;E6 V/KARIHAUGEN;EV6 S17D1 m5998;2023-02-15T00:00+01:00;2023-02-16T00:00+01:00;2023-02-15;1;12057;100,0;24;24;0;1;99,99;11224;832;488;152;58;134;128;6
79854V625215;E6 V/KARIHAUGEN;EV6 S17D1 m5998;2023-02-15T00:00+01:00;2023-02-16T00:00+01:00;2023-02-15;2;9350;100,0;24;24;0;0;100,00;8878;472;311;69;43;49;48;1
79854V625215;E6 V/KARIHAUGEN;EV6 S17D1 m5998;2023-02-15T00:00+01:00;2023-02-16T00:00+01:00;2023-02-15;3;14913;100,0;24;24;0;2;99,99;10543;4368;787;1157;500;1924;1845;79
79854V625215;E6 V/KARIHAUGEN;EV6 S17D1 m5998;2023-02-15T00:00+01:00;2023-02-16T00:00+01:00;2023-02-15;4;15643;100,0;24;24;0;1;99,99;11421;4221;752;1115;547;1807;1722;85
79854V625215;E6 V/KARIHAUGEN;EV6 S17D1 m5998;2023-02-15T00:00+01:00;2023-02-16T00:00+01:00;2023-02-15;5;22;100,0;24;24;0;0;100,00;17;5;1;0;4;0;0;0
79854V625215;E6 V/KARIHAUGEN;EV6 S17D1 m5998;2023-02-15T00:00+01:00;2023-02-16T00:00+01:00;2023-02-15;6;59;100,0;24;24;0;0;100,00;46;13;3;1;9;0;0;0
79854V625215;E6 V/KARIHAUGEN;EV6 S17D1 m5998;2023-02-15T00:00+01:00;2023-02-16T00:00+01:00;2023-02-15;Totalt i retning Akershus grense;26992;100,0;24;24;0;3;99,99;21784;5205;1276;1309;562;2058;1973;85
79854V625215;E6 V/KARIHAUGEN;EV6 S17D1 m5998;2023-02-15T00:00+01:00;2023-02-16T00:00+01:00;2023-02-15;Totalt i retning Karihaugen;25052;100,0;24;24;0;1;100,00;20345;4706;1066;1185;599;1856;1770;86
79854V625215;E6 V/KARIHAUGEN;EV6 S17D1 m5998;2023-02-15T00:00+01:00;2023-02-16T00:00+01:00;2023-02-15;Totalt;52044;100,0;24;24;0;4;99,99;42129;9911;2342;2494;1161;3914;3743;171
79854V625215;E6 V/KARIHAUGEN;EV6 S17D1 m5998;2023-02-16T00:00+01:00;2023-02-17T00:00+01:00;2023-02-16;1;12963;100,0;24;24;0;24;99,81;12083;856;506;141;82;127;117;10
79854V625215;E6 V/KARIHAUGEN;EV6 S17D1 m5998;2023-02-16T00:00+01:00;2023-02-17T00:00+01:00;2023-02-16;2;9746;100,0;24;24;0;0;100,00;9196;550;359;78;51;62;61;1
79854V625215;E6 V/KARIHAUGEN;EV6 S17D1 m5998;2023-02-16T00:00+01:00;2023-02-17T00:00+01:00;2023-02-16;3;14763;100,0;24;24;0;112;99,24;10399;4252;789;1163;483;1817;1739;78
79854V625215;E6 V/KARIHAUGEN;EV6 S17D1 m5998;2023-02-16T00:00+01:00;2023-02-17T00:00+01:00;2023-02-16;4;16210;100,0;24;24;0;0;100,00;11996;4214;775;1092;576;1771;1692;79
79854V625215;E6 V/KARIHAUGEN;EV6 S17D1 m5998;2023-02-16T00:00+01:00;2023-02-17T00:00+01:00;2023-02-16;5;303;100,0;24;24;0;0;100,00;255;48;9;3;36;0;0;0
79854V625215;E6 V/KARIHAUGEN;EV6 S17D1 m5998;2023-02-16T00:00+01:00;2023-02-17T00:00+01:00;2023-02-16;6;62;100,0;24;24;0;0;100,00;51;11;2;1;8;0;0;0
79854V625215;E6 V/KARIHAUGEN;EV6 S17D1 m5998;2023-02-16T00:00+01:00;2023-02-17T00:00+01:00;2023-02-16;Totalt i retning Akershus grense;28027;100,0;24;24;0;136;99,51;22737;5154;1304;1306;601;1943;1855;88
79854V625215;E6 V/KARIHAUGEN;EV6 S17D1 m5998;2023-02-16T00:00+01:00;2023-02-17T00:00+01:00;2023-02-16;Totalt i retning Karihaugen;26020;100,0;24;24;0;0;100,00;21243;4777;1136;1172;635;1834;1754;80
79854V625215;E6 V/KARIHAUGEN;EV6 S17D1 m5998;2023-02-16T00:00+01:00;2023-02-17T00:00+01:00;2023-02-16;Totalt;54047;100,0;24;24;0;136;99,75;43980;9931;2440;2478;1236;3777;3609;168
79854V625215;E6 V/KARIHAUGEN;EV6 S17D1 m5998;2023-02-17T00:00+01:00;2023-02-18T00:00+01:00;2023-02-17;1;12871;100,0;24;24;0;337;97,38;11732;802;466;155;71;110;103;7
79854V625215;E6 V/KARIHAUGEN;EV6 S17D1 m5998;2023-02-17T00:00+01:00;2023-02-18T00:00+01:00;2023-02-17;2;8993;100,0;24;24;0;0;100,00;8478;515;322;77;47;69;66;3
79854V625215;E6 V/KARIHAUGEN;EV6 S17D1 m5998;2023-02-17T00:00+01:00;2023-02-18T00:00+01:00;2023-02-17;3;13904;100,0;24;24;0;341;97,55;10284;3279;649;930;318;1382;1323;59
79854V625215;E6 V/KARIHAUGEN;EV6 S17D1 m5998;2023-02-17T00:00+01:00;2023-02-18T00:00+01:00;2023-02-17;4;15868;100,0;24;24;0;1;99,99;12260;3607;735;996;413;1463;1397;66
79854V625215;E6 V/KARIHAUGEN;EV6 S17D1 m5998;2023-02-17T00:00+01:00;2023-02-18T00:00+01:00;2023-02-17;5;1010;100,0;24;24;0;2;99,80;889;119;30;18;69;2;2;0
79854V625215;E6 V/KARIHAUGEN;EV6 S17D1 m5998;2023-02-17T00:00+01:00;2023-02-18T00:00+01:00;2023-02-17;6;52;100,0;24;24;0;0;100,00;39;13;3;2;8;0;0;0
79854V625215;E6 V/KARIHAUGEN;EV6 S17D1 m5998;2023-02-17T00:00+01:00;2023-02-18T00:00+01:00;2023-02-17;Totalt i retning Akershus grense;27785;100,0;24;24;0;680;97,55;22905;4200;1145;1103;458;1494;1428;66
79854V625215;E6 V/KARIHAUGEN;EV6 S17D1 m5998;2023-02-17T00:00+01:00;2023-02-18T00:00+01:00;2023-02-17;Totalt i retning Karihaugen;24913;100,0;24;24;0;1;100,00;20777;4135;1060;1075;468;1532;1463;69
79854V625215;E6 V/KARIHAUGEN;EV6 S17D1 m5998;2023-02-17T00:00+01:00;2023-02-18T00:00+01:00;2023-02-17;Totalt;52698;100,0;24;24;0;681;98,71;43682;8335;2205;2178;926;3026;2891;135
79854V625215;E6 V/KARIHAUGEN;EV6 S17D1 m5998;2023-02-18T00:00+01:00;2023-02-19T00:00+01:00;2023-02-18;1;9149;100,0;24;24;0;0;100,00;8915;234;149;43;26;16;16;0
79854V625215;E6 V/KARIHAUGEN;EV6 S17D1 m5998;2023-02-18T00:00+01:00;2023-02-19T00:00+01:00;2023-02-18;2;5825;100,0;24;24;0;0;100,00;5707;118;74;21;19;4;4;0
79854V625215;E6 V/KARIHAUGEN;EV6 S17D1 m5998;2023-02-18T00:00+01:00;2023-02-19T00:00+01:00;2023-02-18;3;14789;100,0;24;24;0;0;100,00;13559;1230;340;378;177;335;322;13
79854V625215;E6 V/KARIHAUGEN;EV6 S17D1 m5998;2023-02-18T00:00+01:00;2023-02-19T00:00+01:00;2023-02-18;4;14604;100,0;24;24;0;1;99,99;13331;1272;318;339;186;429;412;17
79854V625215;E6 V/KARIHAUGEN;EV6 S17D1 m5998;2023-02-18T00:00+01:00;2023-02-19T00:00+01:00;2023-02-18;5;14;100,0;24;24;0;0;100,00;13;1;0;0;1;0;0;0
79854V625215;E6 V/KARIHAUGEN;EV6 S17D1 m5998;2023-02-18T00:00+01:00;2023-02-19T00:00+01:00;2023-02-18;6;41;100,0;24;24;0;1;97,56;31;9;2;1;6;0;0;0
79854V625215;E6 V/KARIHAUGEN;EV6 S17D1 m5998;2023-02-18T00:00+01:00;2023-02-19T00:00+01:00;2023-02-18;Totalt i retning Akershus grense;23952;100,0;24;24;0;0;100,00;22487;1465;489;421;204;351;338;13
79854V625215;E6 V/KARIHAUGEN;EV6 S17D1 m5998;2023-02-18T00:00+01:00;2023-02-19T00:00+01:00;2023-02-18;Totalt i retning Karihaugen;20470;100,0;24;24;0;2;99,99;19069;1399;394;361;211;433;416;17
79854V625215;E6 V/KARIHAUGEN;EV6 S17D1 m5998;2023-02-18T00:00+01:00;2023-02-19T00:00+01:00;2023-02-18;Totalt;44422;100,0;24;24;0;2;100,00;41556;2864;883;782;415;784;754;30
79854V625215;E6 V/KARIHAUGEN;EV6 S17D1 m5998;2023-02-19T00:00+01:00;2023-02-20T00:00+01:00;2023-02-19;1;8035;100,0;24;24;0;0;100,00;7826;209;126;33;30;20;18;2
79854V625215;E6 V/KARIHAUGEN;EV6 S17D1 m5998;2023-02-19T00:00+01:00;2023-02-20T00:00+01:00;2023-02-19;2;8776;100,0;24;24;0;0;100,00;8640;136;84;20;21;11;10;1
79854V625215;E6 V/KARIHAUGEN;EV6 S17D1 m5998;2023-02-19T00:00+01:00;2023-02-20T00:00+01:00;2023-02-19;3;14163;100,0;24;24;0;0;100,00;12905;1258;304;270;168;516;495;21
79854V625215;E6 V/KARIHAUGEN;EV6 S17D1 m5998;2023-02-19T00:00+01:00;2023-02-20T00:00+01:00;2023-02-19;4;16139;100,0;24;24;0;0;100,00;14978;1161;249;304;185;423;400;23
79854V625215;E6 V/KARIHAUGEN;EV6 S17D1 m5998;2023-02-19T00:00+01:00;2023-02-20T00:00+01:00;2023-02-19;5;10;100,0;24;24;0;0;100,00;9;1;1;0;0;0;0;0
79854V625215;E6 V/KARIHAUGEN;EV6 S17D1 m5998;2023-02-19T00:00+01:00;2023-02-20T00:00+01:00;2023-02-19;6;59;100,0;24;24;0;0;100,00;52;7;2;0;5;0;0;0
79854V625215;E6 V/KARIHAUGEN;EV6 S17D1 m5998;2023-02-19T00:00+01:00;2023-02-20T00:00+01:00;2023-02-19;Totalt i retning Akershus grense;22208;100,0;24;24;0;0;100,00;20740;1468;431;303;198;536;513;23
79854V625215;E6 V/KARIHAUGEN;EV6 S17D1 m5998;2023-02-19T00:00+01:00;2023-02-20T00:00+01:00;2023-02-19;Totalt i retning Karihaugen;24974;100,0;24;24;0;0;100,00;23670;1304;335;324;211;434;410;24
79854V625215;E6 V/KARIHAUGEN;EV6 S17D1 m5998;2023-02-19T00:00+01:00;2023-02-20T00:00+01:00;2023-02-19;Totalt;47182;100,0;24;24;0;0;100,00;44410;2772;766;627;409;970;923;47
79854V625215;E6 V/KARIHAUGEN;EV6 S17D1 m5998;2023-02-20T00:00+01:00;2023-02-21T00:00+01:00;2023-02-20;1;10998;100,0;24;24;0;1;99,99;10232;765;465;126;49;125;122;3
79854V625215;E6 V/KARIHAUGEN;EV6 S17D1 m5998;2023-02-20T00:00+01:00;2023-02-21T00:00+01:00;2023-02-20;2;8946;100,0;24;24;0;0;100,00;8446;500;324;66;50;60;60;0
79854V625215;E6 V/KARIHAUGEN;EV6 S17D1 m5998;2023-02-20T00:00+01:00;2023-02-21T00:00+01:00;2023-02-20;3;14921;100,0;24;24;0;4;99,97;10614;4303;837;1192;463;1811;1729;82
79854V625215;E6 V/KARIHAUGEN;EV6 S17D1 m5998;2023-02-20T00:00+01:00;2023-02-21T00:00+01:00;2023-02-20;4;15731;100,0;24;24;0;1;99,99;11756;3974;792;1173;466;1543;1485;58
79854V625215;E6 V/KARIHAUGEN;EV6 S17D1 m5998;2023-02-20T00:00+01:00;2023-02-21T00:00+01:00;2023-02-20;5;40;100,0;24;24;0;0;100,00;30;10;3;3;4;0;0;0
79854V625215;E6 V/KARIHAUGEN;EV6 S17D1 m5998;2023-02-20T00:00+01:00;2023-02-21T00:00+01:00;2023-02-20;6;35;100,0;24;24;0;0;100,00;28;7;0;1;6;0;0;0
79854V625215;E6 V/KARIHAUGEN;EV6 S17D1 m5998;2023-02-20T00:00+01:00;2023-02-21T00:00+01:00;2023-02-20;Totalt i retning Akershus grense;25957;100,0;24;24;0;5;99,98;20875;5077;1305;1320;516;1936;1851;85
79854V625215;E6 V/KARIHAUGEN;EV6 S17D1 m5998;2023-02-20T00:00+01:00;2023-02-21T00:00+01:00;2023-02-20;Totalt i retning Karihaugen;24714;100,0;24;24;0;1;100,00;20231;4482;1116;1241;522;1603;1545;58
79854V625215;E6 V/KARIHAUGEN;EV6 S17D1 m5998;2023-02-20T00:00+01:00;2023-02-21T00:00+01:00;2023-02-20;Totalt;50671;100,0;24;24;0;6;99,99;41106;9559;2421;2561;1038;3539;3396;143
79854V625215;E6 V/KARIHAUGEN;EV6 S17D1 m5998;2023-02-21T00:00+01:00;2023-02-22T00:00+01:00;2023-02-21;1;11669;100,0;24;24;0;1;99,99;10883;785;488;136;57;104;100;4
79854V625215;E6 V/KARIHAUGEN;EV6 S17D1 m5998;2023-02-21T00:00+01:00;2023-02-22T00:00+01:00;2023-02-21;2;9315;100,0;24;24;0;0;100,00;8800;515;329;77;39;70;68;2
79854V625215;E6 V/KARIHAUGEN;EV6 S17D1 m5998;2023-02-21T00:00+01:00;2023-02-22T00:00+01:00;2023-02-21;3;15027;100,0;24;24;0;0;100,00;10591;4436;834;1159;464;1979;1887;92
79854V625215;E6 V/KARIHAUGEN;EV6 S17D1 m5998;2023-02-21T00:00+01:00;2023-02-22T00:00+01:00;2023-02-21;4;16322;100,0;24;24;0;0;100,00;12028;4294;829;1138;521;1806;1718;88
79854V625215;E6 V/KARIHAUGEN;EV6 S17D1 m5998;2023-02-21T00:00+01:00;2023-02-22T00:00+01:00;2023-02-21;5;18;100,0;24;24;0;0;100,00;15;3;1;2;0;0;0;0
79854V625215;E6 V/KARIHAUGEN;EV6 S17D1 m5998;2023-02-21T00:00+01:00;2023-02-22T00:00+01:00;2023-02-21;6;47;100,0;24;24;0;0;100,00;34;13;3;1;9;0;0;0
79854V625215;E6 V/KARIHAUGEN;EV6 S17D1 m5998;2023-02-21T00:00+01:00;2023-02-22T00:00+01:00;2023-02-21;Totalt i retning Akershus grense;26714;100,0;24;24;0;1;100,00;21489;5224;1323;1297;521;2083;1987;96
79854V625215;E6 V/KARIHAUGEN;EV6 S17D1 m5998;2023-02-21T00:00+01:00;2023-02-22T00:00+01:00;2023-02-21;Totalt i retning Karihaugen;25684;100,0;24;24;0;0;100,00;20862;4822;1161;1216;569;1876;1786;90
79854V625215;E6 V/KARIHAUGEN;EV6 S17D1 m5998;2023-02-21T00:00+01:00;2023-02-22T00:00+01:00;2023-02-21;Totalt;52398;100,0;24;24;0;1;100,00;42351;10046;2484;2513;1090;3959;3773;186
79854V625215;E6 V/KARIHAUGEN;EV6 S17D1 m5998;2023-02-22T00:00+01:00;2023-02-23T00:00+01:00;2023-02-22;1;12739;100,0;24;24;0;16;99,87;11859;864;512;156;55;141;139;2
79854V625215;E6 V/KARIHAUGEN;EV6 S17D1 m5998;2023-02-22T00:00+01:00;2023-02-23T00:00+01:00;2023-02-22;2;9397;100,0;24;24;0;0;100,00;8914;483;301;66;52;64;63;1
79854V625215;E6 V/KARIHAUGEN;EV6 S17D1 m5998;2023-02-22T00:00+01:00;2023-02-23T00:00+01:00;2023-02-22;3;15683;100,0;24;24;0;72;99,54;11379;4232;738;1104;415;1975;1883;92
79854V625215;E6 V/KARIHAUGEN;EV6 S17D1 m5998;2023-02-22T00:00+01:00;2023-02-23T00:00+01:00;2023-02-22;4;16595;100,0;24;24;0;2;99,99;12472;4121;768;1087;484;1782;1711;71
79854V625215;E6 V/KARIHAUGEN;EV6 S17D1 m5998;2023-02-22T00:00+01:00;2023-02-23T00:00+01:00;2023-02-22;5;304;100,0;24;24;0;0;100,00;266;38;7;5;26;0;0;0
79854V625215;E6 V/KARIHAUGEN;EV6 S17D1 m5998;2023-02-22T00:00+01:00;2023-02-23T00:00+01:00;2023-02-22;6;74;100,0;24;24;0;0;100,00;53;21;3;4;7;7;6;1
79854V625215;E6 V/KARIHAUGEN;EV6 S17D1 m5998;2023-02-22T00:00+01:00;2023-02-23T00:00+01:00;2023-02-22;Totalt i retning Akershus grense;28725;100,0;24;24;0;87;99,70;23504;5134;1257;1265;496;2116;2022;94
79854V625215;E6 V/KARIHAUGEN;EV6 S17D1 m5998;2023-02-22T00:00+01:00;2023-02-23T00:00+01:00;2023-02-22;Totalt i retning Karihaugen;26067;100,0;24;24;0;3;99,99;21439;4625;1072;1157;543;1853;1780;73
79854V625215;E6 V/KARIHAUGEN;EV6 S17D1 m5998;2023-02-22T00:00+01:00;2023-02-23T00:00+01:00;2023-02-22;Totalt;54792;100,0;24;24;0;90;99,84;44943;9759;2329;2422;1039;3969;3802;167
79854V625215;E6 V/KARIHAUGEN;EV6 S17D1 m5998;2023-02-23T00:00+01:00;2023-02-24T00:00+01:00;2023-02-23;1;11980;100,0;24;24;0;114;99,05;11070;796;476;148;48;124;121;3
79854V625215;E6 V/KARIHAUGEN;EV6 S17D1 m5998;2023-02-23T00:00+01:00;2023-02-24T00:00+01:00;2023-02-23;2;9247;100,0;24;24;0;0;100,00;8697;550;325;88;57;80;77;3
79854V625215;E6 V/KARIHAUGEN;EV6 S17D1 m5998;2023-02-23T00:00+01:00;2023-02-24T00:00+01:00;2023-02-23;3;14601;100,0;24;24;0;133;99,09;10505;3963;705;1040;439;1779;1694;85
79854V625215;E6 V/KARIHAUGEN;EV6 S17D1 m5998;2023-02-23T00:00+01:00;2023-02-24T00:00+01:00;2023-02-23;4;15998;100,0;24;24;0;1;99,99;11824;4173;759;1047;514;1853;1767;86
79854V625215;E6 V/KARIHAUGEN;EV6 S17D1 m5998;2023-02-23T00:00+01:00;2023-02-24T00:00+01:00;2023-02-23;5;362;100,0;24;24;0;0;100,00;302;60;10;10;40;0;0;0
79854V625215;E6 V/KARIHAUGEN;EV6 S17D1 m5998;2023-02-23T00:00+01:00;2023-02-24T00:00+01:00;2023-02-23;6;51;100,0;24;24;0;0;100,00;40;11;1;4;6;0;0;0
79854V625215;E6 V/KARIHAUGEN;EV6 S17D1 m5998;2023-02-23T00:00+01:00;2023-02-24T00:00+01:00;2023-02-23;Totalt i retning Akershus grense;26941;100,0;24;24;0;246;99,09;21877;4818;1191;1198;526;1903;1815;88
79854V625215;E6 V/KARIHAUGEN;EV6 S17D1 m5998;2023-02-23T00:00+01:00;2023-02-24T00:00+01:00;2023-02-23;Totalt i retning Karihaugen;25298;100,0;24;24;0;2;99,99;20561;4735;1085;1139;578;1933;1844;89
79854V625215;E6 V/KARIHAUGEN;EV6 S17D1 m5998;2023-02-23T00:00+01:00;2023-02-24T00:00+01:00;2023-02-23;Totalt;52239;100,0;24;24;0;248;99,53;42438;9553;2276;2337;1104;3836;3659;177
79854V625215;E6 V/KARIHAUGEN;EV6 S17D1 m5998;2023-02-24T00:00+01:00;2023-02-25T00:00+01:00;2023-02-24;1;10553;100,0;24;24;0;37;99,65;9858;658;402;116;49;91;84;7
79854V625215;E6 V/KARIHAUGEN;EV6 S17D1 m5998;2023-02-24T00:00+01:00;2023-02-25T00:00+01:00;2023-02-24;2;8681;100,0;24;24;0;0;100,00;8191;490;305;80;35;70;66;4
79854V625215;E6 V/KARIHAUGEN;EV6 S17D1 m5998;2023-02-24T00:00+01:00;2023-02-25T00:00+01:00;2023-02-24;3;14545;100,0;24;24;0;17;99,88;10867;3661;758;1010;376;1517;1450;67
79854V625215;E6 V/KARIHAUGEN;EV6 S17D1 m5998;2023-02-24T00:00+01:00;2023-02-25T00:00+01:00;2023-02-24;4;15952;100,0;24;24;0;2;99,99;12359;3591;715;1005;432;1439;1377;62
79854V625215;E6 V/KARIHAUGEN;EV6 S17D1 m5998;2023-02-24T00:00+01:00;2023-02-25T00:00+01:00;2023-02-24;5;73;100,0;24;24;0;0;100,00;58;15;5;3;7;0;0;0
79854V625215;E6 V/KARIHAUGEN;EV6 S17D1 m5998;2023-02-24T00:00+01:00;2023-02-25T00:00+01:00;2023-02-24;6;42;100,0;24;24;0;0;100,00;27;15;0;4;11;0;0;0
79854V625215;E6 V/KARIHAUGEN;EV6 S17D1 m5998;2023-02-24T00:00+01:00;2023-02-25T00:00+01:00;2023-02-24;Totalt i retning Akershus grense;25171;100,0;24;24;0;54;99,79;20783;4334;1165;1129;432;1608;1534;74
79854V625215;E6 V/KARIHAUGEN;EV6 S17D1 m5998;2023-02-24T00:00+01:00;2023-02-25T00:00+01:00;2023-02-24;Totalt i retning Karihaugen;24675;100,0;24;24;0;2;99,99;20577;4096;1020;1089;478;1509;1443;66
79854V625215;E6 V/KARIHAUGEN;EV6 S17D1 m5998;2023-02-24T00:00+01:00;2023-02-25T00:00+01:00;2023-02-24;Totalt;49846;100,0;24;24;0;56;99,89;41360;8430;2185;2218;910;3117;2977;140
79854V625215;E6 V/KARIHAUGEN;EV6 S17D1 m5998;2023-02-25T00:00+01:00;2023-02-26T00:00+01:00;2023-02-25;1;5166;100,0;24;24;0;0;100,00;5009;157;107;13;20;17;17;0
79854V625215;E6 V/KARIHAUGEN;EV6 S17D1 m5998;2023-02-25T00:00+01:00;2023-02-26T00:00+01:00;2023-02-25;2;6766;100,0;24;24;0;0;100,00;6628;138;84;26;15;13;13;0
79854V625215;E6 V/KARIHAUGEN;EV6 S17D1 m5998;2023-02-25T00:00+01:00;2023-02-26T00:00+01:00;2023-02-25;3;11980;100,0;24;24;0;1;99,99;10807;1172;359;321;163;329;320;9
79854V625215;E6 V/KARIHAUGEN;EV6 S17D1 m5998;2023-02-25T00:00+01:00;2023-02-26T00:00+01:00;2023-02-25;4;15184;100,0;24;24;0;0;100,00;13875;1309;339;365;188;417;400;17
79854V625215;E6 V/KARIHAUGEN;EV6 S17D1 m5998;2023-02-25T00:00+01:00;2023-02-26T00:00+01:00;2023-02-25;5;7;100,0;24;24;0;1;85,71;6;0;0;0;0;0;0;0
79854V625215;E6 V/KARIHAUGEN;EV6 S17D1 m5998;2023-02-25T00:00+01:00;2023-02-26T00:00+01:00;2023-02-25;6;31;100,0;24;24;0;0;100,00;31;0;0;0;0;0;0;0
79854V625215;E6 V/KARIHAUGEN;EV6 S17D1 m5998;2023-02-25T00:00+01:00;2023-02-26T00:00+01:00;2023-02-25;Totalt i retning Akershus grense;17152;100,0;24;24;0;2;99,99;15822;1328;466;333;183;346;337;9
79854V625215;E6 V/KARIHAUGEN;EV6 S17D1 m5998;2023-02-25T00:00+01:00;2023-02-26T00:00+01:00;2023-02-25;Totalt i retning Karihaugen;21982;100,0;24;24;0;0;100,00;20534;1448;423;392;203;430;413;17
79854V625215;E6 V/KARIHAUGEN;EV6 S17D1 m5998;2023-02-25T00:00+01:00;2023-02-26T00:00+01:00;2023-02-25;Totalt;39134;100,0;24;24;0;2;99,99;36356;2776;889;725;386;776;750;26
79854V625215;E6 V/KARIHAUGEN;EV6 S17D1 m5998;2023-02-26T00:00+01:00;2023-02-27T00:00+01:00;2023-02-26;1;5819;100,0;24;24;0;0;100,00;5630;189;116;28;24;21;20;1
79854V625215;E6 V/KARIHAUGEN;EV6 S17D1 m5998;2023-02-26T00:00+01:00;2023-02-27T00:00+01:00;2023-02-26;2;13178;100,0;24;24;0;1;99,99;12985;192;109;50;20;13;12;1
79854V625215;E6 V/KARIHAUGEN;EV6 S17D1 m5998;2023-02-26T00:00+01:00;2023-02-27T00:00+01:00;2023-02-26;3;12536;100,0;24;24;0;0;100,00;11220;1316;341;284;188;503;487;16
79854V625215;E6 V/KARIHAUGEN;EV6 S17D1 m5998;2023-02-26T00:00+01:00;2023-02-27T00:00+01:00;2023-02-26;4;17096;100,0;24;24;0;0;100,00;15826;1270;287;368;183;432;411;21
79854V625215;E6 V/KARIHAUGEN;EV6 S17D1 m5998;2023-02-26T00:00+01:00;2023-02-27T00:00+01:00;2023-02-26;5;3;100,0;24;24;0;0;100,00;3;0;0;0;0;0;0;0
79854V625215;E6 V/KARIHAUGEN;EV6 S17D1 m5998;2023-02-26T00:00+01:00;2023-02-27T00:00+01:00;2023-02-26;6;143;100,0;24;24;0;1;99,30;130;12;4;3;5;0;0;0
79854V625215;E6 V/KARIHAUGEN;EV6 S17D1 m5998;2023-02-26T00:00+01:00;2023-02-27T00:00+01:00;2023-02-26;Totalt i retning Akershus grense;18358;100,0;24;24;0;0;100,00;16853;1505;457;312;212;524;507;17
79854V625215;E6 V/KARIHAUGEN;EV6 S17D1 m5998;2023-02-26T00:00+01:00;2023-02-27T00:00+01:00;2023-02-26;Totalt i retning Karihaugen;30417;100,0;24;24;0;2;99,99;28941;1474;400;421;208;445;423;22
79854V625215;E6 V/KARIHAUGEN;EV6 S17D1 m5998;2023-02-26T00:00+01:00;2023-02-27T00:00+01:00;2023-02-26;Totalt;48775;100,0;24;24;0;2;100,00;45794;2979;857;733;420;969;930;39
79854V625215;E6 V/KARIHAUGEN;EV6 S17D1 m5998;2023-02-27T00:00+01:00;2023-02-28T00:00+01:00;2023-02-27;1;10946;100,0;24;24;0;1;99,99;10194;751;460;135;41;115;108;7
79854V625215;E6 V/KARIHAUGEN;EV6 S17D1 m5998;2023-02-27T00:00+01:00;2023-02-28T00:00+01:00;2023-02-27;2;9679;100,0;24;24;0;1;99,99;9247;431;300;64;25;42;39;3
79854V625215;E6 V/KARIHAUGEN;EV6 S17D1 m5998;2023-02-27T00:00+01:00;2023-02-28T00:00+01:00;2023-02-27;3;14873;100,0;24;24;0;0;100,00;10436;4437;854;1217;449;1917;1827;90
79854V625215;E6 V/KARIHAUGEN;EV6 S17D1 m5998;2023-02-27T00:00+01:00;2023-02-28T00:00+01:00;2023-02-27;4;16567;100,0;24;24;0;2;99,99;12435;4130;858;1173;465;1634;1570;64
79854V625215;E6 V/KARIHAUGEN;EV6 S17D1 m5998;2023-02-27T00:00+01:00;2023-02-28T00:00+01:00;2023-02-27;5;24;100,0;24;24;0;0;100,00;23;1;0;0;1;0;0;0
79854V625215;E6 V/KARIHAUGEN;EV6 S17D1 m5998;2023-02-27T00:00+01:00;2023-02-28T00:00+01:00;2023-02-27;6;51;100,0;24;24;0;0;100,00;40;11;0;0;10;1;1;0
79854V625215;E6 V/KARIHAUGEN;EV6 S17D1 m5998;2023-02-27T00:00+01:00;2023-02-28T00:00+01:00;2023-02-27;Totalt i retning Akershus grense;25843;100,0;24;24;0;1;100,00;20653;5189;1314;1352;491;2032;1935;97
79854V625215;E6 V/KARIHAUGEN;EV6 S17D1 m5998;2023-02-27T00:00+01:00;2023-02-28T00:00+01:00;2023-02-27;Totalt i retning Karihaugen;26297;100,0;24;24;0;3;99,99;21722;4572;1158;1237;500;1677;1610;67
79854V625215;E6 V/KARIHAUGEN;EV6 S17D1 m5998;2023-02-27T00:00+01:00;2023-02-28T00:00+01:00;2023-02-27;Totalt;52140;100,0;24;24;0;4;99,99;42375;9761;2472;2589;991;3709;3545;164
79854V625215;E6 V/KARIHAUGEN;EV6 S17D1 m5998;2023-02-28T00:00+01:00;2023-03-01T00:00+01:00;2023-02-28;1;11449;100,0;24;24;0;0;100,00;10655;794;484;136;54;120;116;4
79854V625215;E6 V/KARIHAUGEN;EV6 S17D1 m5998;2023-02-28T00:00+01:00;2023-03-01T00:00+01:00;2023-02-28;2;9513;100,0;24;24;0;1;99,99;9014;498;339;58;35;66;65;1
79854V625215;E6 V/KARIHAUGEN;EV6 S17D1 m5998;2023-02-28T00:00+01:00;2023-03-01T00:00+01:00;2023-02-28;3;14902;100,0;24;24;0;1;99,99;10432;4469;859;1197;410;2003;1920;83
79854V625215;E6 V/KARIHAUGEN;EV6 S17D1 m5998;2023-02-28T00:00+01:00;2023-03-01T00:00+01:00;2023-02-28;4;16259;100,0;24;24;0;4;99,98;11886;4369;822;1205;449;1893;1803;90
79854V625215;E6 V/KARIHAUGEN;EV6 S17D1 m5998;2023-02-28T00:00+01:00;2023-03-01T00:00+01:00;2023-02-28;5;20;100,0;24;24;0;0;100,00;20;0;0;0;0;0;0;0
79854V625215;E6 V/KARIHAUGEN;EV6 S17D1 m5998;2023-02-28T00:00+01:00;2023-03-01T00:00+01:00;2023-02-28;6;51;100,0;24;24;0;0;100,00;42;9;1;0;8;0;0;0
79854V625215;E6 V/KARIHAUGEN;EV6 S17D1 m5998;2023-02-28T00:00+01:00;2023-03-01T00:00+01:00;2023-02-28;Totalt i retning Akershus grense;26372;100,0;24;24;0;2;99,99;21107;5263;1343;1333;464;2123;2036;87
79854V625215;E6 V/KARIHAUGEN;EV6 S17D1 m5998;2023-02-28T00:00+01:00;2023-03-01T00:00+01:00;2023-02-28;Totalt i retning Karihaugen;25822;100,0;24;24;0;4;99,98;20942;4876;1162;1263;492;1959;1868;91
79854V625215;E6 V/KARIHAUGEN;EV6 S17D1 m5998;2023-02-28T00:00+01:00;2023-03-01T00:00+01:00;2023-02-28;Totalt;52194;100,0;24;24;0;6;99,99;42049;10139;2505;2596;956;4082;3904;178